host_time,n_chestacc_x,n_chestacc_y,n_chestacc_z,n_chestgyro_x,n_chestgyro_y,n_chestgyro_z,n_left_kneeacc_x,n_left_kneeacc_y,n_left_kneeacc_z,n_left_kneegyro_x,n_left_kneegyro_y,n_left_kneegyro_z,n_right_handacc_x,n_right_handacc_y,n_right_handacc_z,n_right_handgyro_x,n_right_handgyro_y,n_right_handgyro_z,q_chest_w,q_chest_x,q_chest_y,q_chest_z,q_left_hand_w,q_left_hand_x,q_left_hand_y,q_left_hand_z,q_right_knee_w,q_right_knee_x,q_right_knee_y,q_right_knee_z
1900-01-01 11:20:59.059694,-0.026611328125,-0.067626953125,-0.989501953125,,,,,,,,,,,,,,,,,,,,,,,,,,,
1900-01-01 11:20:59.060821,-0.0264892578125,-0.0699462890625,-0.9967041015625,,,,-0.033447265625,-0.1036376953125,1.0047607421875,,,,0.031494140625,-0.0078125,1.0228271484375,,,,1.0,-8.593945494794752e-06,1.7224339899257757e-05,0.0,1.0,5.0289210776099935e-05,-0.0001548876607557,0.0,1.0,-6.836376269347966e-05,-8.178968710126355e-05,0.0
1900-01-01 11:20:59.062442,-0.0262451171875,-0.0660400390625,-0.994140625,0.0609756112098693,0.8231707215309143,-0.0304878056049346,-0.0333251953125,-0.1058349609375,1.0089111328125,0.3353658616542816,0.4573170840740204,-0.2743902504444122,0.031982421875,-0.010986328125,1.0257568359375,0.4725609719753265,0.396341472864151,0.396341472864151,1.0,-3.786566958297044e-05,7.180895772762597e-05,-1.1448265946345515e-10,1.0,0.0001004813020699,-0.0003043883771169,-2.558628864335333e-10,1.0,-0.0002253569255117,-0.0002909478207584,-1.889294498624849e-09
1900-01-01 11:20:59.071865,-0.0274658203125,-0.056396484375,-0.9942626953125,0.1981707364320755,0.5182926654815674,-0.0762195140123367,-0.031005859375,-0.1090087890625,1.00439453125,0.1981707364320755,-0.3048780560493469,-0.1067073196172714,0.031982421875,-0.010986328125,1.0257568359375,0.4725609719753265,0.396341472864151,0.396341472864151,1.0,-5.059259638073854e-05,0.0001025203091558,1.5669134045825928e-10,0.9999997615814208,0.0002046024164883,-0.0006226216792128,-7.693382597651065e-10,0.9999998807907104,-0.0003035714908037,-0.000378605822334,1.1127164745161622e-09
1900-01-01 11:20:59.080358,-0.02978515625,-0.059814453125,-0.9967041015625,0.1829268336296081,0.7774390578269958,0.0609756112098693,-0.029296875,-0.111328125,1.0078125,0.3201219439506531,-0.4115853607654571,0.0609756112098693,0.0283203125,-0.0069580078125,1.0252685546875,0.3201219439506531,0.3810975551605224,0.4725609719753265,1.0,-5.059259638073854e-05,0.0001025203091558,1.5669134045825928e-10,0.9999997615814208,0.0002046024164883,-0.0006226216792128,-7.693382597651065e-10,0.9999998807907104,-0.000369730812963,-0.0004472817818168,5.312958517578181e-09
1900-01-01 11:20:59.088881,-0.0335693359375,-0.06884765625,-0.997314453125,0.1524390280246734,0.2439024448394775,0.045731708407402,-0.0338134765625,-0.10986328125,1.010986328125,0.1524390280246734,0.3353658616542816,-0.1219512224197387,0.033935546875,-0.00390625,1.0286865234375,0.5945122241973877,0.1371951252222061,0.0762195140123367,1.0,-5.5792072089388967e-05,0.00011331528367,1.6978514427723468e-10,0.9999995827674866,0.0002760931965894,-0.0008097371319308,-6.996755175237013e-09,0.9999998211860656,-0.0004228852922096,-0.0005141739384271,4.355896532359793e-09
1900-01-01 11:20:59.116708,-0.0303955078125,-0.0701904296875,-0.9981689453125,0.3658536672592163,0.6554878354072571,0.0,-0.02978515625,-0.1085205078125,1.0101318359375,0.2896341383457184,-0.5640243887901306,-0.1829268336296081,0.0274658203125,-0.0079345703125,1.0260009765625,0.6554878354072571,0.3353658616542816,0.091463416814804,1.0,-8.763054938754067e-05,0.000147446320625,-1.5404018061104807e-09,0.999999225139618,0.0003927584330085,-0.001221929793246,1.5106882855775442e-08,0.9999995827674866,-0.0005920751136727,-0.0007589239976368,-9.683953194894457e-09
1900-01-01 11:20:59.125316,-0.026611328125,-0.06591796875,-0.9959716796875,0.0152439028024673,0.5487805008888245,0.0152439028024673,-0.02978515625,-0.1085205078125,1.0101318359375,0.2591463327407837,-0.1371951252222061,-0.0762195140123367,0.0274658203125,-0.0079345703125,1.0260009765625,0.6554878354072571,0.3353658616542816,0.091463416814804,1.0,-0.0001043082593241,0.0001826062070904,-8.3167822628738e-10,0.9999990463256836,0.0004395142605062,-0.001360066817142,1.2229000034835737e-08,0.9999995827674866,-0.0005920751136727,-0.0007589239976368,-9.683953194894457e-09
1900-01-01 11:20:59.132832,-0.0242919921875,-0.061279296875,-0.9949951171875,0.1676829308271408,0.4115853607654571,0.0152439028024673,-0.0269775390625,-0.109375,1.0093994140625,0.2743902504444122,0.4268292784690857,0.0152439028024673,0.027099609375,-0.0068359375,1.0262451171875,0.4268292784690857,0.2439024448394775,0.1524390280246734,1.0,-0.0001082619855878,0.000197118250071,-3.99271171680482e-11,0.9999988079071044,0.0005062023410573,-0.0015236411709338,-6.577957734066331e-09,0.999999463558197,-0.0006619496271014,-0.0008308898541145,7.363336607113523e-10
1900-01-01 11:20:59.145528,-0.025390625,-0.0640869140625,-0.9964599609375,0.1829268336296081,0.6707317233085632,0.091463416814804,-0.033447265625,-0.1064453125,1.007568359375,0.1371951252222061,0.2896341383457184,-0.1219512224197387,0.0303955078125,-0.0078125,1.0263671875,0.5335366129875183,0.5335366129875183,0.3048780560493469,1.0,-0.0001212850984302,0.0002192992105847,-2.0566609526539992e-10,0.9999984502792358,0.0005596791161224,-0.0016668366733938,-1.5571458789054304e-08,0.999999225139618,-0.0007839102763682,-0.0009778819512575,3.7679601661011475e-09
1900-01-01 11:20:59.145978,-0.0291748046875,-0.068359375,-0.997314453125,0.2591463327407837,0.4725609719753265,0.0304878056049346,-0.033447265625,-0.1064453125,1.007568359375,0.1371951252222061,0.2896341383457184,-0.1219512224197387,0.0303955078125,-0.0078125,1.0263671875,0.5335366129875183,0.5335366129875183,0.3048780560493469,1.0,-0.0001212850984302,0.0002192992105847,-2.0566609526539992e-10,0.9999984502792358,0.0005596791161224,-0.0016668366733938,-1.5571458789054304e-08,0.999999225139618,-0.0007839102763682,-0.0009778819512575,3.7679601661011475e-09
1900-01-01 11:20:59.149358,-0.0303955078125,-0.0662841796875,-0.996337890625,-0.1219512224197387,0.7469512224197388,0.091463416814804,-0.033447265625,-0.1064453125,1.007568359375,0.1371951252222061,0.2896341383457184,-0.1219512224197387,0.0303955078125,-0.0078125,1.0263671875,0.5335366129875183,0.5335366129875183,0.3048780560493469,1.0,-0.0001212850984302,0.0002192992105847,-2.0566609526539992e-10,0.9999982714653016,0.0005911284242756,-0.0017780911875888,-5.725450336058202e-09,0.999999225139618,-0.0007839102763682,-0.0009778819512575,3.7679601661011475e-09
1900-01-01 11:20:59.158709,-0.0294189453125,-0.061279296875,-0.9967041015625,0.045731708407402,0.4573170840740204,0.1981707364320755,-0.0355224609375,-0.109619140625,1.0098876953125,0.1829268336296081,-0.5640243887901306,-0.3810975551605224,0.0335693359375,-0.0079345703125,1.0274658203125,0.7317073345184326,0.1067073196172714,0.2743902504444122,1.0,-0.0001368359080515,0.0002397413190919,-1.1366225738385083e-09,0.9999982714653016,0.0005911284242756,-0.0017780911875888,-5.725450336058202e-09,0.9999991059303284,-0.0008315140148624,-0.0010513582965359,-7.280052116698243e-09
1900-01-01 11:20:59.175393,-0.0252685546875,-0.0631103515625,-0.9970703125,-0.0609756112098693,0.5945122241973877,0.1829268336296081,-0.031005859375,-0.111328125,1.0072021484375,0.2743902504444122,0.4420731663703918,-0.1524390280246734,0.030029296875,-0.0091552734375,1.027587890625,0.396341472864151,0.2743902504444122,0.1829268336296081,1.0,-0.000152649343363,0.0002655006246641,-1.3642306173622387e-09,0.9999974370002748,0.0007244558655656,-0.0021554806735366,-2.3628007994602743e-08,0.9999988675117492,-0.0009411700302734,-0.0011752167483791,5.716662698773689e-09
1900-01-01 11:20:59.188461,-0.0277099609375,-0.066162109375,-0.9971923828125,-0.1371951252222061,0.6402438879013062,-0.1524390280246734,-0.031005859375,-0.111328125,1.0072021484375,0.2743902504444122,0.4420731663703918,-0.1524390280246734,0.030029296875,-0.0091552734375,1.027587890625,0.396341472864151,0.2743902504444122,0.1829268336296081,1.0,-0.0001603575801709,0.0002808063873089,-1.0743569367477335e-09,0.9999974370002748,0.0007244558655656,-0.0021554806735366,-2.3628007994602743e-08,0.9999988675117492,-0.0009411700302734,-0.0011752167483791,5.716662698773689e-09
1900-01-01 11:20:59.216337,-0.0294189453125,-0.0692138671875,-0.998046875,0.1371951252222061,0.7012194991111755,-0.0304878056049346,-0.0308837890625,-0.1087646484375,1.006103515625,0.2743902504444122,0.4420731663703918,-0.1524390280246734,0.032958984375,-0.0091552734375,1.0281982421875,0.5030487775802612,0.3048780560493469,0.1524390280246734,1.0,-0.0001732317468849,0.0003005587495863,-1.522062809122815e-09,0.9999968409538268,0.0008126780157908,-0.0023766979575157,-5.313296824738246e-08,0.9999983906745912,-0.0011081708362326,-0.0013956788461655,-7.525708056732583e-09
1900-01-01 11:20:59.218084,-0.0272216796875,-0.06591796875,-0.998291015625,0.0609756112098693,0.1981707364320755,-0.0152439028024673,-0.0379638671875,-0.1080322265625,1.0091552734375,0.091463416814804,0.1524390280246734,-0.1371951252222061,0.033203125,-0.009033203125,1.0277099609375,0.5030487775802612,0.3048780560493469,0.1524390280246734,1.0,-0.000195031039766,0.0003300332173239,-2.9435012205425437e-09,0.999996542930603,0.0008505905279889,-0.0024851923808455,-5.50686145572854e-08,0.9999982118606568,-0.0011546285822987,-0.0014599440619349,-1.3902502260521032e-08
1900-01-01 11:20:59.224714,-0.0294189453125,-0.0616455078125,-0.994384765625,0.091463416814804,0.4878048896789551,0.2439024448394775,-0.0379638671875,-0.1080322265625,1.0091552734375,0.091463416814804,0.1524390280246734,-0.1371951252222061,0.033203125,-0.009033203125,1.0277099609375,0.5030487775802612,0.3048780560493469,0.1524390280246734,1.0,-0.000195031039766,0.0003300332173239,-2.9435012205425437e-09,0.999996542930603,0.0008505905279889,-0.0024851923808455,-5.50686145572854e-08,0.9999982118606568,-0.0011546285822987,-0.0014599440619349,-1.3902502260521032e-08
1900-01-01 11:20:59.225936,-0.029296875,-0.0604248046875,-0.9947509765625,-0.0152439028024673,0.5487805008888245,-0.1524390280246734,-0.0333251953125,-0.1109619140625,1.0068359375,0.0152439028024673,-0.1829268336296081,-0.3201219439506531,0.02880859375,-0.0032958984375,1.0255126953125,0.5792682766914368,0.4725609719753265,0.1371951252222061,1.0,-0.0001980216475203,0.0003356038068886,-2.84406764805567e-09,0.9999961853027344,0.0008881539688445,-0.0026099060196429,-4.2340740691315666e-08,0.9999980926513672,-0.0012004009913653,-0.0015163965290412,-1.2258974280143777e-08
1900-01-01 11:20:59.226500,-0.0283203125,-0.0625,-0.995361328125,0.0609756112098693,0.7469512224197388,-0.045731708407402,-0.0321044921875,-0.1124267578125,1.00634765625,0.0152439028024673,-0.1829268336296081,-0.3201219439506531,0.02880859375,-0.0032958984375,1.0255126953125,0.5945122241973877,0.3810975551605224,0.2591463327407837,1.0,-0.0001980216475203,0.0003356038068886,-2.84406764805567e-09,0.9999961853027344,0.0008881539688445,-0.0026099060196429,-4.2340740691315666e-08,0.9999980926513672,-0.0012004009913653,-0.0015163965290412,-1.2258974280143777e-08
1900-01-01 11:20:59.246385,-0.02783203125,-0.0657958984375,-0.9952392578125,0.091463416814804,0.792682945728302,-0.1829268336296081,-0.030517578125,-0.1107177734375,1.006103515625,0.2286585420370102,-0.1219512224197387,0.0762195140123367,0.0308837890625,-0.008056640625,1.0274658203125,0.2896341383457184,0.091463416814804,0.1371951252222061,1.0,-0.0002072871866403,0.0003566685190889,-1.8011090396896632e-09,0.9999949932098388,0.0010016612941399,-0.002987740561366,-2.771781026922326e-09,0.9999977946281432,-0.001299601746723,-0.0016327393241226,-1.6787726764277975e-09
1900-01-01 11:20:59.254419,-0.0281982421875,-0.0687255859375,-0.9959716796875,0.2439024448394775,0.3658536672592163,-0.0762195140123367,-0.030517578125,-0.1107177734375,1.006103515625,0.2286585420370102,-0.1219512224197387,0.0762195140123367,0.0322265625,-0.0101318359375,1.0262451171875,0.5030487775802612,0.1676829308271408,0.1371951252222061,1.0,-0.0002072871866403,0.0003566685190889,-1.8011090396896632e-09,0.9999949932098388,0.0010016612941399,-0.002987740561366,-2.771781026922326e-09,0.999997615814209,-0.0013545674737542,-0.0017021449748426,-2.133804244408566e-09
1900-01-01 11:20:59.264466,-0.0291748046875,-0.0660400390625,-1.0003662109375,0.0152439028024673,0.1829268336296081,0.0304878056049346,-0.0335693359375,-0.1055908203125,1.00830078125,0.3810975551605224,-0.0762195140123367,-0.045731708407402,0.033203125,-0.0081787109375,1.029052734375,0.5030487775802612,0.1676829308271408,0.1371951252222061,1.0,-0.0002307917457073,0.0003991983248852,-1.411549321872485e-09,0.9999946355819702,0.0010367882205173,-0.0030879674013704,-7.328676332463145e-09,0.9999974370002748,-0.0014060714747756,-0.001773040392436,-1.0499151770204662e-08
1900-01-01 11:20:59.271363,-0.02783203125,-0.068115234375,-0.9971923828125,0.0762195140123367,0.6097561120986938,0.3201219439506531,-0.0355224609375,-0.106689453125,1.009765625,0.091463416814804,0.3201219439506531,-0.1219512224197387,0.032958984375,-0.00732421875,1.028076171875,0.6402438879013062,0.3201219439506531,0.045731708407402,1.0,-0.0002434548805467,0.0004170332977082,-2.350486694169262e-09,0.9999940395355223,0.0010999399237334,-0.003282225690782,-6.110711936457847e-10,0.9999972581863404,-0.0014581809518858,-0.0018420515116304,-1.5141610631985714e-08
1900-01-01 11:20:59.280402,-0.02880859375,-0.0638427734375,-0.994384765625,0.0609756112098693,0.5640243887901306,0.1524390280246734,-0.0355224609375,-0.106689453125,1.009765625,0.091463416814804,0.3201219439506531,-0.1219512224197387,0.031005859375,-0.005126953125,1.026123046875,0.5945122241973877,0.3810975551605224,-0.0304878056049346,1.0,-0.0002434548805467,0.0004170332977082,-2.350486694169262e-09,0.9999940395355223,0.0010999399237334,-0.003282225690782,-6.110711936457847e-10,0.9999972581863404,-0.0014581809518858,-0.0018420515116304,-1.5141610631985714e-08
1900-01-01 11:20:59.288388,-0.0267333984375,-0.061767578125,-0.9949951171875,0.2439024448394775,0.6097561120986938,0.1829268336296081,-0.0330810546875,-0.1092529296875,1.0047607421875,0.0762195140123367,0.1981707364320755,-0.1219512224197387,0.0296630859375,-0.005615234375,1.0262451171875,0.5945122241973877,0.3658536672592163,0.2134146392345428,0.9999997615814208,-0.0002531739592086,0.0004307921044528,-3.054008823610843e-09,0.999993622303009,0.0011323124635964,-0.0033863321878015,7.645769350972387e-09,0.999997079372406,-0.0015105402562767,-0.0019028319511562,-7.321938610971301e-09
1900-01-01 11:20:59.297382,-0.0250244140625,-0.0611572265625,-0.9974365234375,-0.2743902504444122,0.5487805008888245,-0.5030487775802612,-0.03173828125,-0.111083984375,1.004150390625,0.2439024448394775,-0.3201219439506531,-0.2286585420370102,0.0267333984375,-0.0079345703125,1.0277099609375,0.6402438879013062,0.4268292784690857,0.3810975551605224,0.9999998807907104,-0.0002587766794022,0.0004431951674632,-2.3274939753292756e-09,0.999993622303009,0.0011323124635964,-0.0033863321878015,7.645769350972387e-09,0.9999969005584716,-0.0015645716339349,-0.0019584170076996,1.1527246712716988e-08
1900-01-01 11:20:59.315417,-0.0284423828125,-0.0626220703125,-0.994140625,0.1981707364320755,0.4573170840740204,-0.1067073196172714,-0.0294189453125,-0.1092529296875,1.0101318359375,0.2134146392345428,-0.0304878056049346,0.0152439028024673,0.027587890625,-0.0072021484375,1.02490234375,0.4115853607654571,0.2743902504444122,0.091463416814804,0.9999998807907104,-0.0002629555820021,0.0004662833525799,1.7891046422136012e-09,0.9999921917915344,0.0012651921715587,-0.0037344705779105,-4.79556625521127e-08,0.999996542930603,-0.0016727859620004,-0.0020623160526156,6.0650613420421e-08
1900-01-01 11:20:59.324735,-0.0296630859375,-0.067626953125,-0.99658203125,-0.0304878056049346,0.6859756112098694,0.1829268336296081,-0.031494140625,-0.109619140625,1.007568359375,0.2134146392345428,-0.0304878056049346,0.0152439028024673,0.031494140625,-0.006591796875,1.024169921875,0.1524390280246734,0.3506097495555877,0.0609756112098693,0.9999998807907104,-0.0002690521359909,0.0004794250417035,2.4020581079753356e-09,0.9999921917915344,0.0012651921715587,-0.0037344705779105,-4.79556625521127e-08,0.9999963641166688,-0.0017173418309539,-0.0021198028698563,5.637578937012223e-08
1900-01-01 11:20:59.335690,-0.029052734375,-0.0692138671875,-1.0,0.2286585420370102,0.3201219439506531,0.0762195140123367,-0.041015625,-0.10693359375,1.0096435546875,0.0762195140123367,-0.2743902504444122,-0.1219512224197387,0.034423828125,-0.007568359375,1.030029296875,0.7621951103210449,0.2134146392345428,0.2286585420370102,0.9999998807907104,-0.0002813871542457,0.0004952793824486,7.53987539070522e-10,0.9999918937683104,0.0012917417334392,-0.0038226889446377,-3.5491211747284985e-08,0.9999960660934448,-0.0017619463615119,-0.0021849363110959,3.9072450164212575e-08
1900-01-01 11:20:59.345137,-0.02685546875,-0.067138671875,-0.9969482421875,0.396341472864151,0.625,-0.1219512224197387,-0.041015625,-0.10693359375,1.0096435546875,0.0762195140123367,-0.2743902504444122,-0.1219512224197387,0.034423828125,-0.007568359375,1.030029296875,0.7621951103210449,0.2134146392345428,0.2286585420370102,0.9999998807907104,-0.0002813871542457,0.0004952793824486,7.53987539070522e-10,0.9999915957450868,0.0013131093000993,-0.0039013475179672,-1.5565731814604078e-08,0.9999958872795104,-0.0018083385657519,-0.002245804760605,3.318980290600848e-08
1900-01-01 11:20:59.351474,-0.0260009765625,-0.0623779296875,-0.990966796875,-0.1676829308271408,0.5182926654815674,0.1219512224197387,-0.031005859375,-0.10791015625,1.004150390625,0.396341472864151,0.5030487775802612,0.0304878056049346,0.033203125,-0.0076904296875,1.0308837890625,0.5945122241973877,0.4573170840740204,0.2439024448394775,0.9999998807907104,-0.0002919769613072,0.0005087888566777,-6.895271020823657e-10,0.9999915957450868,0.0013131093000993,-0.0039013475179672,-1.5565731814604078e-08,0.9999958872795104,-0.0018083385657519,-0.002245804760605,3.318980290600848e-08
1900-01-01 11:20:59.359384,-0.02783203125,-0.0615234375,-0.994384765625,0.1524390280246734,0.7012194991111755,-0.2134146392345428,-0.031005859375,-0.10791015625,1.004150390625,0.396341472864151,0.5030487775802612,0.0304878056049346,0.0281982421875,-0.0068359375,1.02294921875,0.2591463327407837,0.4268292784690857,0.2286585420370102,0.9999998807907104,-0.0003016137052327,0.0005276965093798,-5.066902453165767e-11,0.9999908208847046,0.0013750032521784,-0.0040765134617686,-2.743291105389289e-08,0.9999957084655762,-0.0018522484460845,-0.0022997085470706,3.4326571807241635e-08
1900-01-01 11:20:59.366307,-0.0286865234375,-0.06591796875,-0.99755859375,0.2591463327407837,0.8079268336296082,-0.1219512224197387,-0.031005859375,-0.10791015625,1.004150390625,0.396341472864151,0.5030487775802612,0.0304878056049346,0.029052734375,-0.0067138671875,1.026611328125,0.5945122241973877,0.3048780560493469,0.1981707364320755,0.9999998807907104,-0.0003016137052327,0.0005276965093798,-5.066902453165767e-11,0.9999908208847046,0.0013750032521784,-0.0040765134617686,-2.743291105389289e-08,0.9999955296516418,-0.0018955264240503,-0.0023468425497412,4.654943452919724e-08
1900-01-01 11:20:59.385669,-0.0308837890625,-0.0684814453125,-0.997314453125,0.3048780560493469,0.6097561120986938,0.1981707364320755,-0.034912109375,-0.1072998046875,1.0115966796875,0.0609756112098693,0.5792682766914368,-0.0609756112098693,0.0338134765625,-0.0068359375,1.0283203125,0.5182926654815674,0.3506097495555877,0.0152439028024673,0.9999997615814208,-0.0003123510687146,0.0005487803719006,6.044296729790233e-10,0.9999895095825196,0.0014748591929674,-0.0043461215682327,-6.303218924585964e-08,0.9999950528144836,-0.0019756464753299,-0.0024510864168405,3.654498570426768e-08
1900-01-01 11:20:59.414142,-0.0289306640625,-0.0662841796875,-0.99365234375,0.0609756112098693,0.5335366129875183,0.3201219439506531,-0.036376953125,-0.1080322265625,1.00634765625,0.3201219439506531,0.4420731663703918,-0.1981707364320755,0.0347900390625,-0.008056640625,1.024658203125,0.4725609719753265,0.2286585420370102,0.0152439028024673,0.9999997615814208,-0.0003229125286452,0.0005627914797514,-8.151059271988004e-10,0.999989092350006,0.0014997656689956,-0.0044246334582567,-5.548448456238476e-08,0.999994695186615,-0.0020582324359565,-0.0025584695395082,2.7023784099355908e-08
1900-01-01 11:20:59.446003,-0.0263671875,-0.063232421875,-0.9981689453125,-0.1676829308271408,0.5030487775802612,0.0304878056049346,-0.034912109375,-0.107421875,1.0064697265625,0.3201219439506531,0.4420731663703918,-0.1981707364320755,0.0277099609375,-0.0093994140625,1.0281982421875,0.5792682766914368,0.2896341383457184,0.2591463327407837,0.9999997615814208,-0.0003319477837067,0.0005785730900242,-8.040010324172896e-10,0.999987781047821,0.0015949265798553,-0.0046790721826255,-9.417571078529364e-08,0.9999940395355223,-0.002168480772525,-0.0027062930166721,4.211251791730319e-09
1900-01-01 11:20:59.461889,-0.02734375,-0.0640869140625,-0.998779296875,-0.0609756112098693,0.5335366129875183,0.1219512224197387,-0.034912109375,-0.107421875,1.0064697265625,0.5335366129875183,-0.7317073345184326,-0.1219512224197387,0.0277099609375,-0.0093994140625,1.0281982421875,0.4573170840740204,0.5335366129875183,0.1067073196172714,0.9999997615814208,-0.0003319477837067,0.0005785730900242,-8.040010324172896e-10,0.9999874234199524,0.0016128297429531,-0.0047542909160256,-5.79773171693887e-08,0.9999940395355223,-0.002168480772525,-0.0027062930166721,4.211251791730319e-09
1900-01-01 11:20:59.510111,-0.02880859375,-0.06591796875,-0.996826171875,0.0,0.5487805008888245,0.2896341383457184,-0.0301513671875,-0.1063232421875,1.01123046875,0.2896341383457184,-0.2134146392345428,0.0152439028024673,0.0303955078125,-0.008056640625,1.028564453125,0.4268292784690857,0.4268292784690857,0.2439024448394775,0.9999997615814208,-0.0003865186299663,0.0006723765400238,-1.245646807923606e-09,0.9999859929084778,0.0017021861858665,-0.0050104325637221,-7.17788637416561e-08,0.9999925494194032,-0.0024300743825733,-0.0030222665518522,2.642626917293001e-08
1900-01-01 11:20:59.521347,-0.031982421875,-0.0660400390625,-0.9957275390625,-0.1219512224197387,0.625,-0.0762195140123367,-0.03173828125,-0.109130859375,1.010986328125,0.2896341383457184,-0.2134146392345428,0.0152439028024673,0.033935546875,-0.00537109375,1.0255126953125,0.4268292784690857,0.4268292784690857,0.2439024448394775,0.9999997615814208,-0.0003963166673202,0.00068527366966,-2.848634661489768e-09,0.9999855756759644,0.0017277944134548,-0.005079882685095,-8.18708016936398e-08,0.9999925494194032,-0.0024300743825733,-0.0030222665518522,2.642626917293001e-08
1900-01-01 11:20:59.537386,-0.029052734375,-0.0621337890625,-0.9970703125,0.3506097495555877,0.6707317233085632,0.0152439028024673,-0.03173828125,-0.109130859375,1.010986328125,0.1219512224197387,0.9908536672592164,0.0304878056049346,0.033935546875,-0.00537109375,1.0255126953125,0.6402438879013062,0.2286585420370102,0.1371951252222061,0.9999996423721312,-0.0004023221845272,0.0006946805515326,-3.235969270320993e-09,0.9999852180480956,0.0017467195866629,-0.0051437173970043,-6.771512772729693e-08,0.999992311000824,-0.0024686432443559,-0.0030628403183072,4.4394603548880696e-08
1900-01-01 11:20:59.542548,-0.0269775390625,-0.0625,-0.9937744140625,0.1219512224197387,0.625,0.0152439028024673,-0.03173828125,-0.109130859375,1.010986328125,0.1219512224197387,0.9908536672592164,0.0304878056049346,0.033935546875,-0.00537109375,1.0255126953125,0.6402438879013062,0.2286585420370102,0.1371951252222061,0.9999996423721312,-0.0004023221845272,0.0006946805515326,-3.235969270320993e-09,0.9999852180480956,0.0017467195866629,-0.0051437173970043,-6.771512772729693e-08,0.999992311000824,-0.0024686432443559,-0.0030628403183072,4.4394603548880696e-08
1900-01-01 11:20:59.548252,-0.028564453125,-0.06298828125,-0.99560546875,0.3048780560493469,0.3810975551605224,0.1067073196172714,-0.03173828125,-0.109130859375,1.010986328125,0.1219512224197387,0.9908536672592164,0.0304878056049346,0.0323486328125,-0.0057373046875,1.026123046875,0.6402438879013062,0.2286585420370102,0.1371951252222061,0.9999996423721312,-0.0004064189561177,0.0007030386477708,-2.7192741391957043e-09,0.9999848008155824,0.0017679240554571,-0.005211666226387,-5.8096617294722825e-08,0.9999920725822448,-0.002507560653612,-0.0031060439068824,5.6938290526886703e-08
1900-01-01 11:20:59.548336,-0.027587890625,-0.06787109375,-0.9967041015625,-0.1524390280246734,0.3506097495555877,0.1524390280246734,-0.03173828125,-0.109130859375,1.010986328125,0.1219512224197387,0.9908536672592164,0.0304878056049346,0.0323486328125,-0.0057373046875,1.026123046875,0.6402438879013062,0.2286585420370102,0.1371951252222061,0.9999996423721312,-0.0004064189561177,0.0007030386477708,-2.7192741391957043e-09,0.9999848008155824,0.0017679240554571,-0.005211666226387,-5.8096617294722825e-08,0.9999920725822448,-0.002507560653612,-0.0031060439068824,5.6938290526886703e-08
1900-01-01 11:20:59.564908,-0.0291748046875,-0.0689697265625,-0.998046875,0.2591463327407837,0.3201219439506531,0.1371951252222061,-0.037353515625,-0.109619140625,1.0023193359375,-0.091463416814804,0.1829268336296081,-0.0762195140123367,0.030029296875,-0.007568359375,1.02490234375,0.6402438879013062,0.4573170840740204,0.1219512224197387,0.9999996423721312,-0.0004103202081751,0.0007115834741853,-1.989226339205174e-09,0.9999834895133972,0.0018483004532754,-0.0054466859437525,-6.208772873605994e-08,0.9999918341636658,-0.0025443790946155,-0.0031526605598628,5.4403813010139856e-08
1900-01-01 11:20:59.581051,-0.029296875,-0.06494140625,-0.9945068359375,0.1067073196172714,0.4268292784690857,-0.3658536672592163,-0.037109375,-0.1104736328125,1.0040283203125,0.2591463327407837,-1.0060975551605225,0.0152439028024673,0.030029296875,-0.007568359375,1.02490234375,0.1676829308271408,0.4268292784690857,0.1067073196172714,0.9999996423721312,-0.0004176460788585,0.000725207151845,-1.6121137758062787e-09,0.9999834895133972,0.0018483004532754,-0.0054466859437525,-6.208772873605994e-08,0.9999918341636658,-0.0025443790946155,-0.0031526605598628,5.4403813010139856e-08
1900-01-01 11:20:59.602810,-0.0289306640625,-0.059326171875,-0.994873046875,0.2286585420370102,0.3658536672592163,0.0609756112098693,-0.0296630859375,-0.1103515625,1.0084228515625,0.1371951252222061,-0.2134146392345428,0.045731708407402,0.033447265625,-0.009033203125,1.0283203125,0.3810975551605224,0.1067073196172714,0.2286585420370102,0.9999996423721312,-0.000441479642177,0.0007621374679729,-3.4183225139372553e-09,0.9999826550483704,0.0018935000989586,-0.0055781905539333,-6.509680616773039e-08,0.9999913573265076,-0.002616906305775,-0.0032394754234701,6.230933990991616e-08
1900-01-01 11:20:59.660860,-0.0277099609375,-0.06201171875,-0.9974365234375,0.0609756112098693,0.5335366129875183,0.1371951252222061,-0.0372314453125,-0.10693359375,1.006591796875,0.1676829308271408,1.1432926654815674,-0.0762195140123367,0.033935546875,-0.0084228515625,1.0281982421875,0.4725609719753265,0.1067073196172714,0.0,0.9999996423721312,-0.0004629533214028,0.0007970369188115,-4.386356167174199e-09,0.99998140335083,0.0019655572250485,-0.0057745189405977,-9.52302272594352e-08,0.9999911785125732,-0.0026481107342988,-0.0032754519488662,6.924818762854558e-08
1900-01-01 11:20:59.692467,-0.028564453125,-0.065673828125,-0.99951171875,0.1524390280246734,0.5487805008888245,0.091463416814804,-0.0372314453125,-0.1070556640625,1.0101318359375,0.045731708407402,-0.2896341383457184,-0.2439024448394775,0.033935546875,-0.0084228515625,1.0281982421875,0.4725609719753265,0.1067073196172714,0.0,0.9999995231628418,-0.0004802195180673,0.0008293086430057,-3.2283298256885473e-09,0.9999809861183168,0.0019856847357004,-0.0058347578160464,-9.305495041189717e-08,0.999990701675415,-0.0027081803418695,-0.0033516881521791,6.415296383011082e-08
1900-01-01 11:20:59.730541,-0.0303955078125,-0.0670166015625,-0.998291015625,0.0152439028024673,0.4878048896789551,0.1676829308271408,-0.0301513671875,-0.10986328125,1.0052490234375,0.1219512224197387,0.5792682766914368,0.0304878056049346,0.031982421875,-0.0064697265625,1.026611328125,0.4878048896789551,0.4725609719753265,0.1371951252222061,0.9999995231628418,-0.0004996977513656,0.000852869648952,-8.076936452994232e-09,0.9999781847000122,0.0021206571254879,-0.0062616257928311,-3.10232302069835e-08,0.9999905228614808,-0.0027376392390578,-0.0033892169594764,6.125525686684341e-08
1900-01-01 11:20:59.767391,-0.0291748046875,-0.064453125,-0.99658203125,0.0,0.7469512224197388,-0.0762195140123367,-0.032470703125,-0.109130859375,1.003662109375,0.3506097495555877,0.0152439028024673,-0.045731708407402,0.031982421875,-0.0064697265625,1.026611328125,0.4878048896789551,0.4725609719753265,0.1371951252222061,0.9999995231628418,-0.0005077841342426,0.0008628570358268,-9.982868753866114e-09,0.9999772906303406,0.002167509868741,-0.0063820756040513,-6.925418460923538e-08,0.9999892115592957,-0.0029147285968065,-0.0036144722253084,4.4429338430518335e-08
1900-01-01 11:20:59.783102,-0.029541015625,-0.0628662109375,-0.99755859375,0.0609756112098693,0.7012194991111755,0.1676829308271408,-0.032470703125,-0.109130859375,1.003662109375,0.3506097495555877,0.0152439028024673,-0.045731708407402,0.031982421875,-0.0064697265625,1.026611328125,0.4878048896789551,0.4725609719753265,0.1371951252222061,0.9999995231628418,-0.0005125128081999,0.0008707211818546,-1.006974770234592e-08,0.9999772906303406,0.002167509868741,-0.0063820756040513,-6.925418460923538e-08,0.9999890327453612,-0.0029448571149259,-0.0036502163857221,4.9143839220278096e-08
1900-01-01 11:20:59.788783,-0.0291748046875,-0.065673828125,-0.998779296875,0.1219512224197387,0.7164634466171265,-0.2896341383457184,-0.032470703125,-0.109130859375,1.003662109375,0.1829268336296081,-0.6097561120986938,-0.3048780560493469,0.0302734375,-0.004638671875,1.0255126953125,0.4878048896789551,0.4725609719753265,0.1371951252222061,0.9999995231628418,-0.0005125128081999,0.0008707211818546,-1.006974770234592e-08,0.9999768137931824,0.0021942006424069,-0.0064430055208504,-1.0753129231488857e-07,0.9999887347221376,-0.002980951918289,-0.0036938893608748,5.2286868168494045e-08
1900-01-01 11:20:59.820908,-0.0283203125,-0.06591796875,-0.995361328125,0.1371951252222061,0.6402438879013062,-0.2439024448394775,-0.0333251953125,-0.1077880859375,1.011962890625,0.1829268336296081,-0.6097561120986938,-0.3048780560493469,0.0302734375,-0.004638671875,1.0255126953125,0.4878048896789551,0.4725609719753265,0.1371951252222061,0.9999995231628418,-0.0005169005598872,0.0008788012783043,-9.749085094767906e-09,0.9999743103981018,0.0023153573274612,-0.0067835287190973,-1.3898072381834936e-07,0.9999882578849792,-0.0030432629864662,-0.0037697979714721,5.617935627810766e-08
1900-01-01 11:20:59.869063,-0.028076171875,-0.0648193359375,-0.9942626953125,0.0152439028024673,0.4420731663703918,-0.2591463327407837,-0.0333251953125,-0.1077880859375,1.011962890625,-0.0762195140123367,0.2134146392345428,-0.045731708407402,0.0281982421875,-0.0062255859375,1.026611328125,0.4420731663703918,0.2743902504444122,0.091463416814804,0.9999995231628418,-0.0005296236486174,0.0009008150664158,-9.566546665951137e-09,0.999973475933075,0.0023496984504163,-0.0068851169198751,-1.366767463650831e-07,0.9999874234199524,-0.0031440339516848,-0.0039065727032721,1.9535443485096948e-08
1900-01-01 11:20:59.948765,-0.0281982421875,-0.0643310546875,-0.9969482421875,0.0304878056049346,0.4115853607654571,-0.3201219439506531,-0.0355224609375,-0.1068115234375,1.0054931640625,0.0,0.5030487775802612,0.0,0.0330810546875,-0.0089111328125,1.0289306640625,0.6859756112098694,0.396341472864151,0.1676829308271408,0.9999994039535522,-0.0005568146007135,0.0009463405585847,-9.930836597504822e-09,0.9999719262123108,0.002408524043858,-0.0070926654152572,-5.339493469591616e-08,0.9999857544898988,-0.0033484662417322,-0.0041548060253262,3.6997843011477016e-08
1900-01-01 11:20:59.975303,-0.02587890625,-0.06298828125,-0.9967041015625,0.0304878056049346,0.396341472864151,-0.2134146392345428,-0.0355224609375,-0.1068115234375,1.0054931640625,0.1219512224197387,-0.0762195140123367,-0.0304878056049346,0.03173828125,-0.0086669921875,1.02783203125,0.6859756112098694,0.1981707364320755,0.2134146392345428,0.9999994039535522,-0.0005623940378427,0.0009586429223418,-8.360766301507283e-09,0.9999719262123108,0.002408524043858,-0.0070926654152572,-5.339493469591616e-08,0.99998539686203,-0.0033935108222067,-0.004214824642986,2.3223460487997727e-08
1900-01-01 11:21:00.007648,-0.0260009765625,-0.064453125,-0.9954833984375,0.3810975551605224,0.5487805008888245,0.045731708407402,-0.031005859375,-0.10888671875,1.011962890625,0.2743902504444122,0.091463416814804,0.0304878056049346,0.0302734375,-0.007568359375,1.026611328125,0.4268292784690857,0.2134146392345428,0.091463416814804,0.9999994039535522,-0.0005683939089067,0.000969921471551,-7.769513032940267e-09,0.9999702572822572,0.0024769776500761,-0.0073048803023993,-2.8436943466658704e-08,0.9999849200248718,-0.0034419018775224,-0.0042710895650088,3.6275828563248076e-08
1900-01-01 11:21:00.023841,-0.02783203125,-0.0650634765625,-0.99658203125,-0.0304878056049346,0.4420731663703918,-0.0152439028024673,-0.0379638671875,-0.1075439453125,1.0037841796875,0.0609756112098693,0.5335366129875183,-0.0609756112098693,0.0308837890625,-0.008056640625,1.028076171875,0.5335366129875183,0.2134146392345428,0.2134146392345428,0.9999994039535522,-0.0005743845249526,0.000979654956609,-8.047525312804282e-09,0.9999698400497437,0.0024939829017966,-0.0073560466989874,-2.592031478343415e-08,0.9999846816062928,-0.003468490904197,-0.0043016797862946,4.455170454775725e-08
1900-01-01 11:21:00.040163,-0.0279541015625,-0.064697265625,-0.9979248046875,0.1067073196172714,0.3506097495555877,0.0,-0.0379638671875,-0.1075439453125,1.0037841796875,0.2591463327407837,-0.1676829308271408,-0.1371951252222061,0.0308837890625,-0.008056640625,1.028076171875,0.5792682766914368,0.2896341383457184,0.3048780560493469,0.9999994039535522,-0.0005743845249526,0.000979654956609,-8.047525312804282e-09,0.9999694228172302,0.0025089913979172,-0.0074027003720402,-1.996972542883668e-08,0.9999844431877136,-0.0034954128786921,-0.0043354080989956,4.3374981828492316e-08
1900-01-01 11:21:00.072180,-0.0294189453125,-0.065185546875,-0.9964599609375,0.0304878056049346,0.6707317233085632,-0.1219512224197387,-0.035400390625,-0.109619140625,1.005126953125,0.1829268336296081,-0.5030487775802612,-0.2286585420370102,0.032958984375,-0.0069580078125,1.0260009765625,0.5792682766914368,0.2896341383457184,0.3048780560493469,0.9999994039535522,-0.0005862862453795,0.0010006811935454,-7.613676800133362e-09,0.9999690055847168,0.0025251982733607,-0.007448321674019,-2.5479842236109107e-08,0.9999842047691344,-0.0035216519609093,-0.0043680039234459,4.319590374279869e-08
1900-01-01 11:21:00.103442,-0.0294189453125,-0.0635986328125,-0.9949951171875,-0.1524390280246734,0.6097561120986938,-0.0152439028024673,-0.03076171875,-0.108154296875,1.0096435546875,0.1829268336296081,-0.5030487775802612,-0.2286585420370102,0.032958984375,-0.0069580078125,1.0260009765625,0.5182926654815674,0.2896341383457184,0.2743902504444122,0.9999992847442628,-0.0006001339643262,0.0010269571794196,-6.078791248143034e-09,0.9999690055847168,0.0025251982733607,-0.007448321674019,-2.5479842236109107e-08,0.9999842047691344,-0.0035216519609093,-0.0043680039234459,4.319590374279869e-08
1900-01-01 11:21:00.109191,-0.0291748046875,-0.06298828125,-0.9957275390625,0.1676829308271408,0.5030487775802612,0.0,-0.03076171875,-0.108154296875,1.0096435546875,0.045731708407402,0.0152439028024673,-0.2591463327407837,0.032958984375,-0.0069580078125,1.0260009765625,0.5182926654815674,0.2896341383457184,0.2743902504444122,0.9999992847442628,-0.0006001339643262,0.0010269571794196,-6.078791248143034e-09,0.9999687075614928,0.0025420212186872,-0.0074932631105184,-3.729747177771969e-08,0.9999842047691344,-0.0035216519609093,-0.0043680039234459,4.319590374279869e-08
1900-01-01 11:21:00.135606,-0.0272216796875,-0.0665283203125,-0.9986572265625,0.3201219439506531,0.792682945728302,0.1676829308271408,-0.0325927734375,-0.1080322265625,1.0087890625,0.045731708407402,0.0152439028024673,-0.2591463327407837,0.0313720703125,-0.0062255859375,1.027099609375,0.6097561120986938,0.3506097495555877,0.0304878056049346,0.9999992847442628,-0.0006053879042156,0.0010344575857743,-6.97309765484988e-09,0.999967873096466,0.0025730298366397,-0.0075831310823559,-4.108254714196846e-08,0.9999839663505554,-0.0035487685818225,-0.0043994677253067,5.0837378751111835e-08
1900-01-01 11:21:00.173216,-0.027099609375,-0.066162109375,-0.9974365234375,0.1067073196172714,0.5640243887901306,0.045731708407402,-0.0360107421875,-0.1072998046875,1.005126953125,0.2591463327407837,0.4268292784690857,-0.1067073196172714,0.030517578125,-0.0079345703125,1.0267333984375,0.4268292784690857,0.2743902504444122,0.3048780560493469,0.9999992847442628,-0.000623290776275,0.0010619335807859,-8.850594035436643e-09,0.9999671578407288,0.0025994998868554,-0.0076728309504687,-1.0981139553223327e-08,0.9999829530715942,-0.0036636802833527,-0.0045539950951933,7.812189117828439e-09
1900-01-01 11:21:00.220886,-0.0299072265625,-0.0634765625,-0.99560546875,0.0304878056049346,0.625,-0.2134146392345428,-0.0328369140625,-0.1102294921875,1.008544921875,0.3810975551605224,-0.1219512224197387,-0.1676829308271408,0.033935546875,-0.007568359375,1.0262451171875,0.3201219439506531,0.396341472864151,-0.0152439028024673,0.9999992847442628,-0.0006374413496814,0.0010805670171976,-1.2268457361130912e-08,0.9999665021896362,0.0026232718955725,-0.0077560772188007,2.2980778169312543e-08,0.9999825358390808,-0.0037114834412932,-0.0046131052076816,8.965023390317128e-09
1900-01-01 11:21:00.278454,-0.0277099609375,-0.0625,-0.9971923828125,0.045731708407402,0.4573170840740204,-0.1981707364320755,-0.0345458984375,-0.10791015625,1.00439453125,0.4725609719753265,-0.3810975551605224,-0.091463416814804,0.0303955078125,-0.005615234375,1.02783203125,0.5792682766914368,0.4725609719753265,0.1524390280246734,0.9999991655349731,-0.0006514671258628,0.0011028100270777,-1.322285392291178e-08,0.9999661445617676,0.0026355234440416,-0.0077943578362464,2.83774355125388e-08,0.9999823570251464,-0.0037328393664211,-0.0046382993459701,1.3974704948793716e-08
1900-01-01 11:21:00.306067,-0.0279541015625,-0.06494140625,-0.9964599609375,0.2591463327407837,0.2134146392345428,0.1524390280246734,-0.0328369140625,-0.1094970703125,1.0101318359375,0.4268292784690857,-0.396341472864151,-0.1676829308271408,0.0296630859375,-0.0054931640625,1.02392578125,0.4420731663703918,0.2896341383457184,0.0609756112098693,0.9999991655349731,-0.0006666477420367,0.0011230937670916,-1.6769941879601902e-08,0.9999653697013856,0.0026651548687368,-0.0078779850155115,1.7795947826471092e-08,0.9999814629554749,-0.0038216558750718,-0.0047387415543198,5.155357030162123e-08
1900-01-01 11:21:00.368718,-0.029541015625,-0.0665283203125,-0.995849609375,-0.1067073196172714,0.6402438879013062,0.1829268336296081,-0.0352783203125,-0.110107421875,1.00537109375,0.2286585420370102,0.625,-0.1219512224197387,0.0306396484375,-0.007568359375,1.026123046875,0.4878048896789551,0.2591463327407837,0.0609756112098693,0.9999991655349731,-0.0006810780032537,0.0011433521285653,-1.945647554180141e-08,0.9999642372131348,0.0027054396923631,-0.0080085396766662,4.805454523193475e-08,0.9999810457229614,-0.0038702078163623,-0.0047937394119799,7.135776058930787e-08
1900-01-01 11:21:00.385186,-0.0272216796875,-0.0645751953125,-0.9967041015625,-0.0304878056049346,0.5335366129875183,0.045731708407402,-0.033935546875,-0.1094970703125,1.010986328125,0.1219512224197387,-0.7164634466171265,-0.0609756112098693,0.0306396484375,-0.007568359375,1.026123046875,0.4878048896789551,0.2591463327407837,0.0609756112098693,0.9999991655349731,-0.0006929154042154,0.0011612100061029,-2.0825067892360494e-08,0.9999638199806212,0.0027207077946513,-0.0080512706190347,4.138517795126973e-08,0.9999806880950928,-0.0039074542000889,-0.004844665993005,5.2773202696698724e-08
1900-01-01 11:21:00.413511,-0.02734375,-0.06396484375,-0.9967041015625,0.045731708407402,0.7317073345184326,0.0152439028024673,-0.03564453125,-0.10693359375,1.00537109375,0.2286585420370102,0.4420731663703918,-0.0152439028024673,0.0318603515625,-0.0081787109375,1.0272216796875,0.5640243887901306,0.3353658616542816,0.2286585420370102,0.9999990463256836,-0.0007103973184712,0.0011946713784709,-1.7895867898687357e-08,0.9999614953994752,0.0028042625635862,-0.00831307657063,8.049679678379108e-08,0.999979853630066,-0.0039849691092967,-0.0049380888231098,6.360793491921869e-08
1900-01-01 11:21:00.414774,-0.0277099609375,-0.0650634765625,-0.9967041015625,-0.045731708407402,0.3506097495555877,0.2439024448394775,-0.03564453125,-0.10693359375,1.00537109375,-0.0152439028024673,0.2439024448394775,-0.1067073196172714,0.0316162109375,-0.007568359375,1.026611328125,0.3810975551605224,0.2439024448394775,0.3506097495555877,0.9999990463256836,-0.0007205111323855,0.0012153033167123,-1.5328403435432847e-08,0.9999605417251588,0.002840377157554,-0.008414352312684,6.447230305184348e-08,0.9999794960021972,-0.0040251198224723,-0.0049856980331242,7.213249375581654e-08
1900-01-01 11:21:00.415653,-0.0284423828125,-0.0650634765625,-0.9954833984375,0.2134146392345428,0.4573170840740204,-0.1524390280246734,-0.0350341796875,-0.1077880859375,1.0072021484375,-0.0152439028024673,0.2439024448394775,-0.1067073196172714,0.031982421875,-0.0069580078125,1.028076171875,0.4420731663703918,0.2743902504444122,0.3506097495555877,0.9999990463256836,-0.0007205111323855,0.0012153033167123,-1.5328403435432847e-08,0.9999594688415528,0.0028767047915607,-0.0085259545594453,7.595750872724238e-08,0.9999794960021972,-0.0040251198224723,-0.0049856980331242,7.213249375581654e-08
1900-01-01 11:21:00.416235,-0.02880859375,-0.064208984375,-0.995849609375,0.4115853607654571,0.5945122241973877,-0.1371951252222061,-0.0350341796875,-0.1077880859375,1.0072021484375,0.091463416814804,-0.4573170840740204,-0.0152439028024673,0.0335693359375,-0.007568359375,1.027099609375,0.6097561120986938,0.3658536672592163,0.3506097495555877,0.9999990463256836,-0.0007205111323855,0.0012153033167123,-1.5328403435432847e-08,0.999959111213684,0.0028873875271528,-0.0085607226938009,8.489472236306028e-08,0.9999794960021972,-0.0040251198224723,-0.0049856980331242,7.213249375581654e-08
1900-01-01 11:21:00.416666,-0.02734375,-0.0635986328125,-0.9962158203125,0.1524390280246734,0.4115853607654571,0.091463416814804,-0.0350341796875,-0.1077880859375,1.0072021484375,0.091463416814804,-0.4573170840740204,-0.0152439028024673,0.0323486328125,-0.0062255859375,1.0283203125,0.7164634466171265,0.4115853607654571,0.2591463327407837,0.9999990463256836,-0.0007205111323855,0.0012153033167123,-1.5328403435432847e-08,0.999959111213684,0.0028873875271528,-0.0085607226938009,8.489472236306028e-08,0.9999794960021972,-0.0040251198224723,-0.0049856980331242,7.213249375581654e-08
1900-01-01 11:21:00.417985,-0.0296630859375,-0.0640869140625,-0.99560546875,-0.1371951252222061,0.5640243887901306,0.045731708407402,-0.0361328125,-0.1087646484375,1.0037841796875,0.1981707364320755,-0.2286585420370102,-0.1981707364320755,0.03076171875,-0.0089111328125,1.0279541015625,0.6097561120986938,0.3810975551605224,0.3810975551605224,0.9999990463256836,-0.0007205111323855,0.0012153033167123,-1.5328403435432847e-08,0.9999578595161438,0.0029319687746465,-0.008697772398591,9.909182097089797e-08,0.9999794960021972,-0.0040251198224723,-0.0049856980331242,7.213249375581654e-08
1900-01-01 11:21:00.419205,-0.029052734375,-0.06494140625,-0.996337890625,0.0,0.7469512224197388,0.1981707364320755,-0.0361328125,-0.1087646484375,1.0037841796875,0.1981707364320755,-0.2286585420370102,-0.1981707364320755,0.0333251953125,-0.0069580078125,1.027587890625,0.3048780560493469,0.2896341383457184,0.1067073196172714,0.9999990463256836,-0.0007205111323855,0.0012153033167123,-1.5328403435432847e-08,0.9999578595161438,0.0029319687746465,-0.008697772398591,9.909182097089797e-08,0.9999794960021972,-0.0040251198224723,-0.0049856980331242,7.213249375581654e-08
1900-01-01 11:21:00.420007,-0.029052734375,-0.0654296875,-0.9991455078125,0.2896341383457184,0.7012194991111755,-0.1981707364320755,-0.03564453125,-0.108642578125,1.0076904296875,0.3353658616542816,-0.4115853607654571,-0.2134146392345428,0.0316162109375,-0.0072021484375,1.0272216796875,0.4420731663703918,0.1676829308271408,0.4573170840740204,0.9999990463256836,-0.0007205111323855,0.0012153033167123,-1.5328403435432847e-08,0.9999570250511168,0.0029664151370525,-0.0087785804644227,3.6378814627369145e-08,0.9999794960021972,-0.0040251198224723,-0.0049856980331242,7.213249375581654e-08
1900-01-01 11:21:00.420590,-0.0269775390625,-0.064697265625,-0.9970703125,-0.0609756112098693,0.4573170840740204,0.1067073196172714,-0.031982421875,-0.108154296875,1.0107421875,0.1067073196172714,0.2134146392345428,-0.2439024448394775,0.03125,-0.0068359375,1.0262451171875,0.4420731663703918,0.1676829308271408,0.4573170840740204,0.9999990463256836,-0.0007205111323855,0.0012153033167123,-1.5328403435432847e-08,0.9999564290046692,0.0029907233547419,-0.008839163929224,2.720938141465012e-09,0.9999794960021972,-0.0040251198224723,-0.0049856980331242,7.213249375581654e-08
1900-01-01 11:21:00.421237,-0.0284423828125,-0.06201171875,-0.9954833984375,0.2743902504444122,0.5792682766914368,-0.0762195140123367,-0.031982421875,-0.108154296875,1.0107421875,0.1067073196172714,0.2134146392345428,-0.2439024448394775,0.03125,-0.0068359375,1.0262451171875,0.625,0.4725609719753265,0.1067073196172714,0.9999990463256836,-0.0007205111323855,0.0012153033167123,-1.5328403435432847e-08,0.99995619058609,0.0029961306136101,-0.0088694086298346,4.5383700353340834e-08,0.9999794960021972,-0.0040251198224723,-0.0049856980331242,7.213249375581654e-08
1900-01-01 11:21:00.422309,-0.028076171875,-0.0618896484375,-0.99365234375,0.045731708407402,0.4878048896789551,-0.2134146392345428,-0.0352783203125,-0.1094970703125,1.0059814453125,0.3353658616542816,0.4878048896789551,-0.045731708407402,0.031494140625,-0.006591796875,1.0269775390625,0.3810975551605224,0.4725609719753265,-0.0152439028024673,0.9999990463256836,-0.0007205111323855,0.0012153033167123,-1.5328403435432847e-08,0.9999554753303528,0.003031549276784,-0.0089388517662882,-6.086436599161972e-08,0.9999794960021972,-0.0040251198224723,-0.0049856980331242,7.213249375581654e-08
1900-01-01 11:21:00.422762,-0.0277099609375,-0.06396484375,-0.9969482421875,0.1067073196172714,0.5182926654815674,0.1067073196172714,-0.0352783203125,-0.1094970703125,1.0059814453125,0.2134146392345428,-0.5487805008888245,0.0,0.031494140625,-0.006591796875,1.0269775390625,0.3810975551605224,0.4725609719753265,-0.0152439028024673,0.9999990463256836,-0.0007205111323855,0.0012153033167123,-1.5328403435432847e-08,0.9999548196792604,0.0030547513160854,-0.0090024154633283,-7.538712054611096e-08,0.9999794960021972,-0.0040251198224723,-0.0049856980331242,7.213249375581654e-08
1900-01-01 11:21:00.423115,-0.02783203125,-0.0665283203125,-0.997314453125,0.1829268336296081,0.5030487775802612,0.1676829308271408,-0.0328369140625,-0.1082763671875,1.0084228515625,0.2134146392345428,-0.2591463327407837,-0.2743902504444122,0.031494140625,-0.006591796875,1.0269775390625,0.3810975551605224,0.4725609719753265,-0.0152439028024673,0.9999990463256836,-0.0007205111323855,0.0012153033167123,-1.5328403435432847e-08,0.999954342842102,0.0030653772410005,-0.009055376984179,-9.311946769230417e-09,0.9999794960021972,-0.0040251198224723,-0.0049856980331242,7.213249375581654e-08
1900-01-01 11:21:00.423854,-0.0284423828125,-0.0662841796875,-0.9969482421875,0.1524390280246734,0.5030487775802612,-0.1067073196172714,-0.03173828125,-0.1099853515625,1.0086669921875,0.2134146392345428,0.4420731663703918,0.1219512224197387,0.031494140625,-0.0067138671875,1.027099609375,0.4268292784690857,0.2134146392345428,0.1676829308271408,0.9999990463256836,-0.0007205111323855,0.0012153033167123,-1.5328403435432847e-08,0.999954342842102,0.0030653772410005,-0.009055376984179,-9.311946769230417e-09,0.9999794960021972,-0.0040251198224723,-0.0049856980331242,7.213249375581654e-08
1900-01-01 11:21:00.424797,-0.027587890625,-0.06591796875,-0.9962158203125,0.1524390280246734,0.9756097793579102,0.045731708407402,-0.0318603515625,-0.110595703125,1.00439453125,0.3201219439506531,0.2134146392345428,-0.045731708407402,0.0302734375,-0.0072021484375,1.02685546875,0.3048780560493469,0.2896341383457184,0.3048780560493469,0.9999990463256836,-0.0007205111323855,0.0012153033167123,-1.5328403435432847e-08,0.9999533295631408,0.0030949003994464,-0.0091509763151407,1.6458796991969393e-08,0.9999794960021972,-0.0040251198224723,-0.0049856980331242,7.213249375581654e-08
1900-01-01 11:21:00.425379,-0.027587890625,-0.065673828125,-0.9974365234375,0.2439024448394775,0.396341472864151,-0.0152439028024673,-0.0341796875,-0.10888671875,1.00537109375,0.2134146392345428,-0.3353658616542816,-0.2286585420370102,0.02880859375,-0.00732421875,1.0263671875,0.3810975551605224,0.396341472864151,0.2591463327407837,0.9999990463256836,-0.0007205111323855,0.0012153033167123,-1.5328403435432847e-08,0.999952495098114,0.0031303227879107,-0.0092319399118423,-5.723420315462136e-08,0.9999794960021972,-0.0040251198224723,-0.0049856980331242,7.213249375581654e-08
1900-01-01 11:21:00.425838,-0.02783203125,-0.0650634765625,-0.9971923828125,0.0609756112098693,0.4573170840740204,0.1676829308271408,-0.0341796875,-0.10888671875,1.00537109375,0.2134146392345428,-0.3353658616542816,-0.2286585420370102,0.0311279296875,-0.0072021484375,1.0277099609375,0.2286585420370102,0.396341472864151,0.2591463327407837,0.9999990463256836,-0.0007205111323855,0.0012153033167123,-1.5328403435432847e-08,0.9999520182609558,0.0031516598537564,-0.009276408702135,-1.1501734320518153e-07,0.9999794960021972,-0.0040251198224723,-0.0049856980331242,7.213249375581654e-08
1900-01-01 11:21:00.426262,-0.0294189453125,-0.0655517578125,-0.9951171875,0.2591463327407837,0.7621951103210449,-0.1676829308271408,-0.0335693359375,-0.1065673828125,1.009765625,0.1219512224197387,-0.1524390280246734,-0.0609756112098693,0.03369140625,-0.0072021484375,1.0267333984375,0.2896341383457184,0.4420731663703918,0.1371951252222061,0.9999990463256836,-0.0007205111323855,0.0012153033167123,-1.5328403435432847e-08,0.999951422214508,0.0031694744247943,-0.0093292826786637,-1.1355726314832283e-07,0.9999794960021972,-0.0040251198224723,-0.0049856980331242,7.213249375581654e-08
1900-01-01 11:21:00.426859,-0.0294189453125,-0.0643310546875,-0.9964599609375,-0.0762195140123367,0.6554878354072571,-0.0762195140123367,-0.033203125,-0.1070556640625,1.010009765625,0.1219512224197387,-0.1524390280246734,-0.0609756112098693,0.0323486328125,-0.008544921875,1.0291748046875,0.4573170840740204,0.4420731663703918,0.1676829308271408,0.9999990463256836,-0.0007205111323855,0.0012153033167123,-1.5328403435432847e-08,0.9999508857727052,0.0031836032867431,-0.009383363649249,-7.396419476890514e-08,0.9999794960021972,-0.0040251198224723,-0.0049856980331242,7.213249375581654e-08
1900-01-01 11:21:00.427101,-0.0281982421875,-0.064453125,-0.999267578125,0.1524390280246734,0.3201219439506531,-0.0609756112098693,-0.033203125,-0.1070556640625,1.010009765625,0.396341472864151,0.5182926654815674,-0.0762195140123367,0.03173828125,-0.008544921875,1.02978515625,0.5487805008888245,0.1371951252222061,0.0152439028024673,0.9999990463256836,-0.0007205111323855,0.0012153033167123,-1.5328403435432847e-08,0.9999508857727052,0.0031836032867431,-0.009383363649249,-7.396419476890514e-08,0.9999794960021972,-0.0040251198224723,-0.0049856980331242,7.213249375581654e-08
1900-01-01 11:21:00.427577,-0.0283203125,-0.0667724609375,-0.9952392578125,-0.2286585420370102,0.5182926654815674,-0.3506097495555877,-0.03564453125,-0.1072998046875,1.0072021484375,0.1676829308271408,-0.0762195140123367,0.0762195140123367,0.0323486328125,-0.0072021484375,1.0291748046875,0.5487805008888245,0.1371951252222061,0.0152439028024673,0.9999990463256836,-0.0007205111323855,0.0012153033167123,-1.5328403435432847e-08,0.9999502897262572,0.0031996292527765,-0.0094445869326591,-2.939999177442587e-08,0.9999794960021972,-0.0040251198224723,-0.0049856980331242,7.213249375581654e-08
1900-01-01 11:21:00.427949,-0.028564453125,-0.06494140625,-0.993408203125,-0.0762195140123367,0.5640243887901306,-0.0304878056049346,-0.034912109375,-0.1077880859375,1.0074462890625,0.1524390280246734,-0.3658536672592163,-0.1981707364320755,0.03173828125,-0.0059814453125,1.027099609375,0.3353658616542816,0.3201219439506531,0.2439024448394775,0.9999990463256836,-0.0007205111323855,0.0012153033167123,-1.5328403435432847e-08,0.9999502897262572,0.0031996292527765,-0.0094445869326591,-2.939999177442587e-08,0.9999794960021972,-0.0040251198224723,-0.0049856980331242,7.213249375581654e-08
1900-01-01 11:21:00.428132,-0.028564453125,-0.064453125,-0.9959716796875,0.0152439028024673,0.625,0.091463416814804,-0.0318603515625,-0.1077880859375,1.0103759765625,0.1524390280246734,-0.3658536672592163,-0.1981707364320755,0.03173828125,-0.0059814453125,1.027099609375,0.3353658616542816,0.3201219439506531,0.2439024448394775,0.9999990463256836,-0.0007205111323855,0.0012153033167123,-1.5328403435432847e-08,0.9999502897262572,0.0031996292527765,-0.0094445869326591,-2.939999177442587e-08,0.9999794960021972,-0.0040251198224723,-0.0049856980331242,7.213249375581654e-08
1900-01-01 11:21:00.428450,-0.0274658203125,-0.0653076171875,-0.9959716796875,0.2896341383457184,0.4573170840740204,-0.1981707364320755,-0.031982421875,-0.1092529296875,1.0084228515625,0.1219512224197387,-0.1219512224197387,-0.0762195140123367,0.0308837890625,-0.0068359375,1.028564453125,0.4725609719753265,0.2134146392345428,0.1524390280246734,0.9999990463256836,-0.0007205111323855,0.0012153033167123,-1.5328403435432847e-08,0.9999502897262572,0.0031996292527765,-0.0094445869326591,-2.939999177442587e-08,0.9999794960021972,-0.0040251198224723,-0.0049856980331242,7.213249375581654e-08
1900-01-01 11:21:00.428990,-0.0264892578125,-0.063720703125,-0.9947509765625,0.1829268336296081,0.2286585420370102,-0.0152439028024673,-0.035400390625,-0.1087646484375,1.0047607421875,-0.1676829308271408,0.1371951252222061,0.0609756112098693,0.0316162109375,-0.0069580078125,1.026123046875,0.5030487775802612,0.5030487775802612,0.1981707364320755,0.9999990463256836,-0.0007205111323855,0.0012153033167123,-1.5328403435432847e-08,0.9999502897262572,0.0031996292527765,-0.0094445869326591,-2.939999177442587e-08,0.9999794960021972,-0.0040251198224723,-0.0049856980331242,7.213249375581654e-08
1900-01-01 11:21:00.429622,-0.0267333984375,-0.063232421875,-0.992919921875,0.2439024448394775,0.3810975551605224,-0.1981707364320755,-0.0333251953125,-0.109130859375,1.009033203125,0.1524390280246734,-0.4420731663703918,-0.1524390280246734,0.0301513671875,-0.00830078125,1.028076171875,0.3810975551605224,0.3658536672592163,0.045731708407402,0.9999990463256836,-0.0007205111323855,0.0012153033167123,-1.5328403435432847e-08,0.9999502897262572,0.0031996292527765,-0.0094445869326591,-2.939999177442587e-08,0.9999794960021972,-0.0040251198224723,-0.0049856980331242,7.213249375581654e-08
1900-01-01 11:21:00.429752,-0.0257568359375,-0.0648193359375,-0.996826171875,0.0152439028024673,0.7012194991111755,-0.1829268336296081,-0.03125,-0.1090087890625,1.0087890625,0.1524390280246734,0.5945122241973877,0.0,0.0301513671875,-0.00830078125,1.028076171875,0.3810975551605224,0.3658536672592163,0.045731708407402,0.9999990463256836,-0.0007205111323855,0.0012153033167123,-1.5328403435432847e-08,0.9999502897262572,0.0031996292527765,-0.0094445869326591,-2.939999177442587e-08,0.9999794960021972,-0.0040251198224723,-0.0049856980331242,7.213249375581654e-08
1900-01-01 11:21:00.429878,-0.0274658203125,-0.0653076171875,-0.995849609375,-0.091463416814804,0.6707317233085632,0.1676829308271408,-0.0364990234375,-0.10791015625,1.0067138671875,0.1524390280246734,0.5945122241973877,0.0,0.0301513671875,-0.00830078125,1.028076171875,0.3810975551605224,0.3658536672592163,0.045731708407402,0.9999990463256836,-0.0007205111323855,0.0012153033167123,-1.5328403435432847e-08,0.9999502897262572,0.0031996292527765,-0.0094445869326591,-2.939999177442587e-08,0.9999794960021972,-0.0040251198224723,-0.0049856980331242,7.213249375581654e-08
1900-01-01 11:21:00.430296,-0.0291748046875,-0.0645751953125,-0.9947509765625,0.091463416814804,0.5030487775802612,-0.045731708407402,-0.0347900390625,-0.108642578125,1.01123046875,0.4115853607654571,0.1829268336296081,-0.1067073196172714,0.0313720703125,-0.0069580078125,1.0257568359375,0.3658536672592163,0.2591463327407837,-0.0304878056049346,0.9999990463256836,-0.0007205111323855,0.0012153033167123,-1.5328403435432847e-08,0.9999502897262572,0.0031996292527765,-0.0094445869326591,-2.939999177442587e-08,0.9999794960021972,-0.0040251198224723,-0.0049856980331242,7.213249375581654e-08
1900-01-01 11:21:00.430540,-0.028076171875,-0.0654296875,-0.9959716796875,-0.0609756112098693,0.4725609719753265,0.1524390280246734,-0.03271484375,-0.1082763671875,1.010009765625,0.4115853607654571,0.1829268336296081,-0.1067073196172714,0.02978515625,-0.0068359375,1.02490234375,0.5030487775802612,0.2896341383457184,0.0609756112098693,0.9999990463256836,-0.0007205111323855,0.0012153033167123,-1.5328403435432847e-08,0.9999502897262572,0.0031996292527765,-0.0094445869326591,-2.939999177442587e-08,0.9999794960021972,-0.0040251198224723,-0.0049856980331242,7.213249375581654e-08
1900-01-01 11:21:00.430755,-0.0281982421875,-0.0654296875,-0.9964599609375,-0.0609756112098693,0.6402438879013062,0.1067073196172714,-0.03271484375,-0.1082763671875,1.010009765625,0.0609756112098693,0.5487805008888245,-0.091463416814804,0.0303955078125,-0.0076904296875,1.0269775390625,0.5030487775802612,0.2896341383457184,0.0609756112098693,0.9999990463256836,-0.0007205111323855,0.0012153033167123,-1.5328403435432847e-08,0.9999502897262572,0.0031996292527765,-0.0094445869326591,-2.939999177442587e-08,0.9999794960021972,-0.0040251198224723,-0.0049856980331242,7.213249375581654e-08
1900-01-01 11:21:00.431357,-0.028076171875,-0.064208984375,-0.99609375,-0.1829268336296081,0.5487805008888245,-0.0152439028024673,-0.0316162109375,-0.1065673828125,1.0059814453125,0.3201219439506531,-0.5640243887901306,-0.3658536672592163,0.031005859375,-0.006591796875,1.0291748046875,0.4725609719753265,0.3201219439506531,0.3048780560493469,0.9999990463256836,-0.0007205111323855,0.0012153033167123,-1.5328403435432847e-08,0.9999502897262572,0.0031996292527765,-0.0094445869326591,-2.939999177442587e-08,0.9999794960021972,-0.0040251198224723,-0.0049856980331242,7.213249375581654e-08
1900-01-01 11:21:00.431663,-0.02685546875,-0.0635986328125,-0.9937744140625,0.0609756112098693,0.6554878354072571,-0.0609756112098693,-0.0338134765625,-0.1082763671875,1.012939453125,0.3201219439506531,-0.5640243887901306,-0.3658536672592163,0.031005859375,-0.006591796875,1.0291748046875,0.4268292784690857,0.2439024448394775,0.1676829308271408,0.9999990463256836,-0.0007205111323855,0.0012153033167123,-1.5328403435432847e-08,0.9999502897262572,0.0031996292527765,-0.0094445869326591,-2.939999177442587e-08,0.9999794960021972,-0.0040251198224723,-0.0049856980331242,7.213249375581654e-08
1900-01-01 11:21:00.432225,-0.02685546875,-0.063232421875,-0.9952392578125,0.1219512224197387,0.1981707364320755,-0.045731708407402,-0.0296630859375,-0.109375,1.0084228515625,0.0762195140123367,0.2743902504444122,-0.1371951252222061,0.031494140625,-0.0068359375,1.027099609375,0.3201219439506531,0.3048780560493469,0.1371951252222061,0.9999990463256836,-0.0007205111323855,0.0012153033167123,-1.5328403435432847e-08,0.9999502897262572,0.0031996292527765,-0.0094445869326591,-2.939999177442587e-08,0.9999794960021972,-0.0040251198224723,-0.0049856980331242,7.213249375581654e-08
1900-01-01 11:21:00.432531,-0.027587890625,-0.063232421875,-0.99755859375,0.0762195140123367,0.4115853607654571,0.0152439028024673,-0.0360107421875,-0.1092529296875,1.0084228515625,0.0762195140123367,0.2743902504444122,-0.1371951252222061,0.032470703125,-0.0076904296875,1.028076171875,0.3201219439506531,0.3048780560493469,0.1371951252222061,0.9999990463256836,-0.0007205111323855,0.0012153033167123,-1.5328403435432847e-08,0.9999502897262572,0.0031996292527765,-0.0094445869326591,-2.939999177442587e-08,0.9999794960021972,-0.0040251198224723,-0.0049856980331242,7.213249375581654e-08
1900-01-01 11:21:00.432783,-0.0296630859375,-0.0640869140625,-0.9952392578125,0.3658536672592163,0.4878048896789551,-0.0304878056049346,-0.039306640625,-0.109130859375,1.007568359375,0.2439024448394775,-0.1067073196172714,-0.0609756112098693,0.0316162109375,-0.006591796875,1.0274658203125,0.3201219439506531,0.3048780560493469,0.1371951252222061,0.9999990463256836,-0.0007205111323855,0.0012153033167123,-1.5328403435432847e-08,0.9999502897262572,0.0031996292527765,-0.0094445869326591,-2.939999177442587e-08,0.9999794960021972,-0.0040251198224723,-0.0049856980331242,7.213249375581654e-08
1900-01-01 11:21:00.432960,-0.028076171875,-0.0648193359375,-0.99462890625,-0.0152439028024673,0.5030487775802612,0.1981707364320755,-0.039306640625,-0.109130859375,1.007568359375,0.2439024448394775,-0.1067073196172714,-0.0609756112098693,0.03076171875,-0.008544921875,1.0263671875,0.3201219439506531,0.3048780560493469,0.1371951252222061,0.9999990463256836,-0.0007205111323855,0.0012153033167123,-1.5328403435432847e-08,0.9999502897262572,0.0031996292527765,-0.0094445869326591,-2.939999177442587e-08,0.9999794960021972,-0.0040251198224723,-0.0049856980331242,7.213249375581654e-08
1900-01-01 11:21:00.433130,-0.02783203125,-0.065185546875,-0.9970703125,0.2591463327407837,0.6859756112098694,0.045731708407402,-0.039306640625,-0.109130859375,1.007568359375,0.2439024448394775,-0.1067073196172714,-0.0609756112098693,0.0313720703125,-0.007080078125,1.028076171875,0.3201219439506531,0.3048780560493469,0.1371951252222061,0.9999990463256836,-0.0007205111323855,0.0012153033167123,-1.5328403435432847e-08,0.9999502897262572,0.0031996292527765,-0.0094445869326591,-2.939999177442587e-08,0.9999794960021972,-0.0040251198224723,-0.0049856980331242,7.213249375581654e-08
1900-01-01 11:21:00.433328,-0.027099609375,-0.06494140625,-0.9962158203125,0.4725609719753265,0.5182926654815674,-0.0304878056049346,-0.039306640625,-0.109130859375,1.007568359375,0.2439024448394775,-0.1067073196172714,-0.0609756112098693,0.0322265625,-0.0076904296875,1.027099609375,0.396341472864151,0.5030487775802612,0.0609756112098693,0.9999990463256836,-0.0007205111323855,0.0012153033167123,-1.5328403435432847e-08,0.9999502897262572,0.0031996292527765,-0.0094445869326591,-2.939999177442587e-08,0.9999794960021972,-0.0040251198224723,-0.0049856980331242,7.213249375581654e-08
1900-01-01 11:21:00.433425,-0.0301513671875,-0.0635986328125,-0.9962158203125,-0.0304878056049346,0.7317073345184326,0.1067073196172714,-0.039306640625,-0.109130859375,1.007568359375,0.2439024448394775,-0.1067073196172714,-0.0609756112098693,0.0322265625,-0.0076904296875,1.027099609375,0.5792682766914368,0.1981707364320755,0.3048780560493469,0.9999990463256836,-0.0007205111323855,0.0012153033167123,-1.5328403435432847e-08,0.9999502897262572,0.0031996292527765,-0.0094445869326591,-2.939999177442587e-08,0.9999794960021972,-0.0040251198224723,-0.0049856980331242,7.213249375581654e-08
1900-01-01 11:21:00.433480,-0.027099609375,-0.064697265625,-0.9949951171875,-0.0304878056049346,0.7317073345184326,0.1067073196172714,-0.039306640625,-0.109130859375,1.007568359375,0.2439024448394775,-0.1067073196172714,-0.0609756112098693,0.0328369140625,-0.0076904296875,1.0240478515625,0.5792682766914368,0.1981707364320755,0.3048780560493469,0.9999990463256836,-0.0007205111323855,0.0012153033167123,-1.5328403435432847e-08,0.9999502897262572,0.0031996292527765,-0.0094445869326591,-2.939999177442587e-08,0.9999794960021972,-0.0040251198224723,-0.0049856980331242,7.213249375581654e-08
1900-01-01 11:21:00.433546,-0.024658203125,-0.0653076171875,-0.9971923828125,-0.0304878056049346,0.7317073345184326,0.1067073196172714,-0.039306640625,-0.109130859375,1.007568359375,0.2439024448394775,-0.1067073196172714,-0.0609756112098693,0.0303955078125,-0.006591796875,1.0286865234375,0.5792682766914368,0.1981707364320755,0.3048780560493469,0.9999990463256836,-0.0007205111323855,0.0012153033167123,-1.5328403435432847e-08,0.9999502897262572,0.0031996292527765,-0.0094445869326591,-2.939999177442587e-08,0.9999794960021972,-0.0040251198224723,-0.0049856980331242,7.213249375581654e-08
1900-01-01 11:21:00.433613,-0.0294189453125,-0.0634765625,-0.9952392578125,-0.0304878056049346,0.7317073345184326,0.1067073196172714,-0.039306640625,-0.109130859375,1.007568359375,0.2439024448394775,-0.1067073196172714,-0.0609756112098693,0.0374755859375,-0.0087890625,1.0323486328125,0.5792682766914368,0.1981707364320755,0.3048780560493469,0.9999990463256836,-0.0007205111323855,0.0012153033167123,-1.5328403435432847e-08,0.9999502897262572,0.0031996292527765,-0.0094445869326591,-2.939999177442587e-08,0.9999794960021972,-0.0040251198224723,-0.0049856980331242,7.213249375581654e-08
1900-01-01 11:21:00.433709,-0.0289306640625,-0.067138671875,-0.9937744140625,-0.0304878056049346,0.7317073345184326,0.1067073196172714,-0.039306640625,-0.109130859375,1.007568359375,0.2439024448394775,-0.1067073196172714,-0.0609756112098693,0.03173828125,-0.0081787109375,1.02685546875,0.5792682766914368,0.4268292784690857,0.1829268336296081,0.9999990463256836,-0.0007205111323855,0.0012153033167123,-1.5328403435432847e-08,0.9999502897262572,0.0031996292527765,-0.0094445869326591,-2.939999177442587e-08,0.9999794960021972,-0.0040251198224723,-0.0049856980331242,7.213249375581654e-08
1900-01-01 11:21:00.433772,-0.0267333984375,-0.0614013671875,-0.997802734375,-0.0304878056049346,0.7317073345184326,0.1067073196172714,-0.039306640625,-0.109130859375,1.007568359375,0.2439024448394775,-0.1067073196172714,-0.0609756112098693,0.028076171875,-0.00634765625,1.0267333984375,0.5792682766914368,0.4268292784690857,0.1829268336296081,0.9999990463256836,-0.0007205111323855,0.0012153033167123,-1.5328403435432847e-08,0.9999502897262572,0.0031996292527765,-0.0094445869326591,-2.939999177442587e-08,0.9999794960021972,-0.0040251198224723,-0.0049856980331242,7.213249375581654e-08
1900-01-01 11:21:00.433814,-0.02587890625,-0.0587158203125,-0.9940185546875,-0.0304878056049346,0.7317073345184326,0.1067073196172714,-0.039306640625,-0.109130859375,1.007568359375,0.2439024448394775,-0.1067073196172714,-0.0609756112098693,0.028076171875,-0.00634765625,1.0267333984375,0.5792682766914368,0.4268292784690857,0.1829268336296081,0.9999990463256836,-0.0007205111323855,0.0012153033167123,-1.5328403435432847e-08,0.9999502897262572,0.0031996292527765,-0.0094445869326591,-2.939999177442587e-08,0.9999794960021972,-0.0040251198224723,-0.0049856980331242,7.213249375581654e-08
1900-01-01 11:21:00.433869,-0.0291748046875,-0.0655517578125,-0.9969482421875,-0.0304878056049346,0.7317073345184326,0.1067073196172714,-0.039306640625,-0.109130859375,1.007568359375,0.2439024448394775,-0.1067073196172714,-0.0609756112098693,0.028076171875,-0.00634765625,1.0267333984375,0.4420731663703918,0.4725609719753265,0.2286585420370102,0.9999990463256836,-0.0007205111323855,0.0012153033167123,-1.5328403435432847e-08,0.9999502897262572,0.0031996292527765,-0.0094445869326591,-2.939999177442587e-08,0.9999794960021972,-0.0040251198224723,-0.0049856980331242,7.213249375581654e-08
1900-01-01 11:21:00.433935,-0.0321044921875,-0.068603515625,-0.9957275390625,-0.0304878056049346,0.7317073345184326,0.1067073196172714,-0.039306640625,-0.109130859375,1.007568359375,0.2439024448394775,-0.1067073196172714,-0.0609756112098693,0.032958984375,-0.007568359375,1.026611328125,0.4420731663703918,0.4725609719753265,0.2286585420370102,0.9999990463256836,-0.0007205111323855,0.0012153033167123,-1.5328403435432847e-08,0.9999502897262572,0.0031996292527765,-0.0094445869326591,-2.939999177442587e-08,0.9999794960021972,-0.0040251198224723,-0.0049856980331242,7.213249375581654e-08
1900-01-01 11:21:00.434001,-0.0272216796875,-0.0633544921875,-0.99609375,-0.0304878056049346,0.7317073345184326,0.1067073196172714,-0.039306640625,-0.109130859375,1.007568359375,0.2439024448394775,-0.1067073196172714,-0.0609756112098693,0.0244140625,-0.00634765625,1.0233154296875,0.4420731663703918,0.4725609719753265,0.2286585420370102,0.9999990463256836,-0.0007205111323855,0.0012153033167123,-1.5328403435432847e-08,0.9999502897262572,0.0031996292527765,-0.0094445869326591,-2.939999177442587e-08,0.9999794960021972,-0.0040251198224723,-0.0049856980331242,7.213249375581654e-08
1900-01-01 11:21:00.434243,-0.025390625,-0.0609130859375,-0.9921875,0.1067073196172714,0.4115853607654571,0.1829268336296081,-0.0372314453125,-0.1103515625,1.0086669921875,0.2439024448394775,-0.1067073196172714,-0.0609756112098693,0.0323486328125,-0.00732421875,1.0252685546875,0.5945122241973877,0.2591463327407837,0.1524390280246734,0.9999990463256836,-0.0007205111323855,0.0012153033167123,-1.5328403435432847e-08,0.9999502897262572,0.0031996292527765,-0.0094445869326591,-2.939999177442587e-08,0.9999794960021972,-0.0040251198224723,-0.0049856980331242,7.213249375581654e-08
1900-01-01 11:21:00.434383,-0.0277099609375,-0.067626953125,-0.9971923828125,0.1067073196172714,0.4115853607654571,0.1829268336296081,-0.0333251953125,-0.108642578125,1.009033203125,0.2439024448394775,-0.1067073196172714,-0.0609756112098693,0.0323486328125,-0.00732421875,1.0252685546875,0.4268292784690857,0.3201219439506531,0.2134146392345428,0.9999990463256836,-0.0007205111323855,0.0012153033167123,-1.5328403435432847e-08,0.9999502897262572,0.0031996292527765,-0.0094445869326591,-2.939999177442587e-08,0.9999794960021972,-0.0040251198224723,-0.0049856980331242,7.213249375581654e-08
1900-01-01 11:21:00.434470,-0.027587890625,-0.0689697265625,-0.997314453125,0.1067073196172714,0.4115853607654571,0.1829268336296081,-0.0330810546875,-0.106689453125,1.0081787109375,0.2439024448394775,-0.1067073196172714,-0.0609756112098693,0.0323486328125,-0.00732421875,1.0252685546875,0.4268292784690857,0.3201219439506531,0.2134146392345428,0.9999990463256836,-0.0007205111323855,0.0012153033167123,-1.5328403435432847e-08,0.9999502897262572,0.0031996292527765,-0.0094445869326591,-2.939999177442587e-08,0.9999794960021972,-0.0040251198224723,-0.0049856980331242,7.213249375581654e-08
1900-01-01 11:21:00.434541,-0.030029296875,-0.0638427734375,-0.99365234375,0.1067073196172714,0.4115853607654571,0.1829268336296081,-0.030029296875,-0.110107421875,1.00439453125,0.2439024448394775,-0.1067073196172714,-0.0609756112098693,0.0323486328125,-0.00732421875,1.0252685546875,0.4268292784690857,0.3201219439506531,0.2134146392345428,0.9999990463256836,-0.0007205111323855,0.0012153033167123,-1.5328403435432847e-08,0.9999502897262572,0.0031996292527765,-0.0094445869326591,-2.939999177442587e-08,0.9999794960021972,-0.0040251198224723,-0.0049856980331242,7.213249375581654e-08
1900-01-01 11:21:00.434634,-0.0289306640625,-0.0623779296875,-0.9947509765625,0.1067073196172714,0.4115853607654571,0.1829268336296081,-0.0367431640625,-0.1082763671875,1.0068359375,0.2439024448394775,-0.1067073196172714,-0.0609756112098693,0.0323486328125,-0.00732421875,1.0252685546875,0.4268292784690857,0.3201219439506531,0.2134146392345428,0.9999990463256836,-0.0007205111323855,0.0012153033167123,-1.5328403435432847e-08,0.9999502897262572,0.0031996292527765,-0.0094445869326591,-2.939999177442587e-08,0.9999794960021972,-0.0040251198224723,-0.0049856980331242,7.213249375581654e-08
1900-01-01 11:21:00.435265,-0.030029296875,-0.0643310546875,-0.99462890625,0.1067073196172714,0.5792682766914368,-0.2591463327407837,-0.0345458984375,-0.1099853515625,1.0048828125,0.1067073196172714,0.3048780560493469,0.0609756112098693,0.0323486328125,-0.00732421875,1.0252685546875,0.4268292784690857,0.3201219439506531,0.2134146392345428,0.9999990463256836,-0.0007205111323855,0.0012153033167123,-1.5328403435432847e-08,0.9999502897262572,0.0031996292527765,-0.0094445869326591,-2.939999177442587e-08,0.9999794960021972,-0.0040251198224723,-0.0049856980331242,7.213249375581654e-08
1900-01-01 11:21:00.435338,-0.02734375,-0.06494140625,-0.9947509765625,0.1829268336296081,0.6707317233085632,0.0152439028024673,-0.0345458984375,-0.1099853515625,1.0048828125,0.1067073196172714,0.3048780560493469,0.0609756112098693,0.0323486328125,-0.00732421875,1.0252685546875,0.4268292784690857,0.3201219439506531,0.2134146392345428,0.9999990463256836,-0.0007205111323855,0.0012153033167123,-1.5328403435432847e-08,0.9999502897262572,0.0031996292527765,-0.0094445869326591,-2.939999177442587e-08,0.9999794960021972,-0.0040251198224723,-0.0049856980331242,7.213249375581654e-08
1900-01-01 11:21:00.453391,-0.0294189453125,-0.063720703125,-0.9974365234375,-0.0609756112098693,0.7164634466171265,-0.091463416814804,-0.032470703125,-0.1094970703125,1.00927734375,0.4878048896789551,-0.1829268336296081,-0.1829268336296081,0.0286865234375,-0.007080078125,1.0247802734375,0.3201219439506531,0.2591463327407837,0.1829268336296081,0.9999990463256836,-0.0007205111323855,0.0012153033167123,-1.5328403435432847e-08,0.9999499917030334,0.0032067829743027,-0.0094749247655272,1.0808065553646884e-10,0.9999794960021972,-0.0040251198224723,-0.0049856980331242,7.213249375581654e-08
1900-01-01 11:21:00.461307,-0.0277099609375,-0.064453125,-0.996337890625,0.1829268336296081,0.5182926654815674,0.045731708407402,-0.0318603515625,-0.108154296875,1.0103759765625,0.1371951252222061,0.3658536672592163,0.2286585420370102,0.03076171875,-0.0068359375,1.0272216796875,0.6402438879013062,0.3658536672592163,0.3353658616542816,0.9999990463256836,-0.0007205111323855,0.0012153033167123,-1.5328403435432847e-08,0.9999496936798096,0.0032156843226403,-0.0095044691115617,1.0511165271509526e-08,0.9999794960021972,-0.0040251198224723,-0.0049856980331242,7.213249375581654e-08
1900-01-01 11:21:00.470386,-0.0260009765625,-0.066162109375,-0.9970703125,0.1829268336296081,0.3353658616542816,-0.1371951252222061,-0.035400390625,-0.10693359375,1.0072021484375,0.2134146392345428,0.5030487775802612,0.0762195140123367,0.0321044921875,-0.00830078125,1.0279541015625,0.1676829308271408,0.0762195140123367,0.2286585420370102,0.9999990463256836,-0.0007205111323855,0.0012153033167123,-1.5328403435432847e-08,0.9999491572380066,0.0032338735181838,-0.0095560727640986,3.563208395007677e-09,0.9999794960021972,-0.0040251198224723,-0.0049856980331242,7.213249375581654e-08
1900-01-01 11:21:00.478395,-0.02783203125,-0.0650634765625,-0.9970703125,0.0,0.9146341681480408,-0.2286585420370102,-0.0361328125,-0.10546875,1.007080078125,0.5182926654815674,-0.5335366129875183,0.0152439028024673,0.0335693359375,-0.0086669921875,1.0257568359375,0.1676829308271408,0.0762195140123367,0.2286585420370102,0.9999990463256836,-0.0007205111323855,0.0012153033167123,-1.5328403435432847e-08,0.9999491572380066,0.0032338735181838,-0.0095560727640986,3.563208395007677e-09,0.9999794960021972,-0.0040251198224723,-0.0049856980331242,7.213249375581654e-08
1900-01-01 11:21:00.486377,-0.0286865234375,-0.06494140625,-0.9991455078125,0.1219512224197387,0.792682945728302,0.1219512224197387,-0.035888671875,-0.1070556640625,1.0108642578125,0.5182926654815674,-0.5335366129875183,0.0152439028024673,0.0316162109375,-0.00830078125,1.0274658203125,0.2439024448394775,0.2743902504444122,0.4115853607654571,0.9999990463256836,-0.0007205111323855,0.0012153033167123,-1.5328403435432847e-08,0.9999489784240724,0.0032401063945144,-0.0095760226249694,8.515723237678685e-09,0.9999794960021972,-0.0040251198224723,-0.0049856980331242,7.213249375581654e-08
1900-01-01 11:21:00.505332,-0.030517578125,-0.0672607421875,-0.9962158203125,0.3048780560493469,0.4725609719753265,0.0304878056049346,-0.03759765625,-0.1070556640625,1.009521484375,-0.0152439028024673,0.2896341383457184,0.2134146392345428,0.0350341796875,-0.0079345703125,1.026611328125,0.4573170840740204,0.1676829308271408,0.3353658616542816,0.9999990463256836,-0.0007205111323855,0.0012153033167123,-1.5328403435432847e-08,0.9999486804008484,0.0032473925966769,-0.0095941592007875,-2.4939230680587343e-09,0.9999794960021972,-0.0040251198224723,-0.0049856980331242,7.213249375581654e-08
1900-01-01 11:21:00.505567,-0.0296630859375,-0.066162109375,-0.99609375,-0.0609756112098693,0.4115853607654571,-0.1371951252222061,-0.03759765625,-0.1070556640625,1.009521484375,-0.0152439028024673,0.2896341383457184,0.2134146392345428,0.0350341796875,-0.0079345703125,1.026611328125,0.4573170840740204,0.1676829308271408,0.3353658616542816,0.9999990463256836,-0.0007205111323855,0.0012153033167123,-1.5328403435432847e-08,0.9999486804008484,0.0032473925966769,-0.0095941592007875,-2.4939230680587343e-09,0.9999794960021972,-0.0040251198224723,-0.0049856980331242,7.213249375581654e-08
1900-01-01 11:21:00.523444,-0.02587890625,-0.0615234375,-0.998046875,0.1676829308271408,0.5792682766914368,0.0609756112098693,-0.036376953125,-0.10986328125,1.0059814453125,-0.0152439028024673,0.2896341383457184,0.2134146392345428,0.02783203125,-0.0078125,1.0260009765625,0.3353658616542816,0.4725609719753265,0.3201219439506531,0.9999990463256836,-0.0007205111323855,0.0012153033167123,-1.5328403435432847e-08,0.999948024749756,0.0032685073092579,-0.0096556833013892,-5.347985165826685e-09,0.9999794960021972,-0.0040251198224723,-0.0049856980331242,7.213249375581654e-08
1900-01-01 11:21:00.535773,-0.0277099609375,-0.059814453125,-0.9932861328125,0.091463416814804,0.5487805008888245,-0.0762195140123367,-0.0313720703125,-0.1112060546875,1.007080078125,0.1524390280246734,-0.0304878056049346,-0.2743902504444122,0.02783203125,-0.0078125,1.0260009765625,0.5182926654815674,0.1219512224197387,0.4573170840740204,0.9999990463256836,-0.0007205111323855,0.0012153033167123,-1.5328403435432847e-08,0.999948024749756,0.0032685073092579,-0.0096556833013892,-5.347985165826685e-09,0.9999794960021972,-0.0040251198224723,-0.0049856980331242,7.213249375581654e-08
1900-01-01 11:21:00.546611,-0.0306396484375,-0.0648193359375,-0.9952392578125,0.045731708407402,0.3506097495555877,-0.1524390280246734,-0.0313720703125,-0.1112060546875,1.007080078125,0.1524390280246734,-0.0304878056049346,-0.2743902504444122,0.0279541015625,-0.0081787109375,1.0250244140625,0.3048780560493469,0.3658536672592163,0.091463416814804,0.9999990463256836,-0.0007205111323855,0.0012153033167123,-1.5328403435432847e-08,0.9999476671218872,0.0032866918481886,-0.0096892248839139,-7.130708468139346e-08,0.9999794960021972,-0.0040251198224723,-0.0049856980331242,7.213249375581654e-08
1900-01-01 11:21:00.562733,-0.0308837890625,-0.068115234375,-0.998046875,0.3201219439506531,0.6554878354072571,0.1676829308271408,-0.0313720703125,-0.1112060546875,1.007080078125,0.1524390280246734,-0.0304878056049346,-0.2743902504444122,0.033203125,-0.00732421875,1.026611328125,0.3506097495555877,0.3048780560493469,0.1829268336296081,0.9999990463256836,-0.0007205111323855,0.0012153033167123,-1.5328403435432847e-08,0.999947190284729,0.0033008742611855,-0.0097310356795787,-7.119052725101939e-08,0.9999794960021972,-0.0040251198224723,-0.0049856980331242,7.213249375581654e-08
1900-01-01 11:21:00.573527,-0.0330810546875,-0.0667724609375,-0.9984130859375,0.5182926654815674,0.5182926654815674,-0.1676829308271408,-0.0313720703125,-0.1112060546875,1.007080078125,0.1981707364320755,-1.097561001777649,-0.2439024448394775,0.0374755859375,-0.00732421875,1.0311279296875,0.3353658616542816,0.4115853607654571,0.1524390280246734,0.9999990463256836,-0.0007205111323855,0.0012153033167123,-1.5328403435432847e-08,0.9999470710754396,0.0032999059185385,-0.0097431242465972,-2.1861819021751216e-08,0.9999794960021972,-0.0040251198224723,-0.0049856980331242,7.213249375581654e-08
1900-01-01 11:21:00.579396,-0.031005859375,-0.0631103515625,-0.995361328125,-0.0762195140123367,0.8079268336296082,-0.0609756112098693,-0.0263671875,-0.109130859375,1.0079345703125,0.1981707364320755,-1.097561001777649,-0.2439024448394775,0.0374755859375,-0.00732421875,1.0311279296875,0.3353658616542816,0.4115853607654571,0.1524390280246734,0.9999990463256836,-0.0007205111323855,0.0012153033167123,-1.5328403435432847e-08,0.9999470710754396,0.0032999059185385,-0.0097431242465972,-2.1861819021751216e-08,0.9999794960021972,-0.0040251198224723,-0.0049856980331242,7.213249375581654e-08
1900-01-01 11:21:00.595145,-0.026123046875,-0.064208984375,-0.9971923828125,0.2743902504444122,0.7621951103210449,0.1676829308271408,-0.033203125,-0.1077880859375,1.008544921875,0.2591463327407837,0.045731708407402,-0.0609756112098693,0.0374755859375,-0.00732421875,1.0311279296875,0.3353658616542816,0.4115853607654571,0.1524390280246734,0.9999990463256836,-0.0007205111323855,0.0012153033167123,-1.5328403435432847e-08,0.9999468922615052,0.0033015357330441,-0.0097595378756523,1.6424078097543315e-08,0.9999794960021972,-0.0040251198224723,-0.0049856980331242,7.213249375581654e-08
1900-01-01 11:21:00.605755,-0.025390625,-0.0655517578125,-0.99462890625,0.1524390280246734,0.4878048896789551,0.091463416814804,-0.033203125,-0.1077880859375,1.008544921875,0.0609756112098693,0.8231707215309143,0.0762195140123367,0.0347900390625,-0.0054931640625,1.02685546875,0.3353658616542816,0.4115853607654571,0.1524390280246734,0.9999990463256836,-0.0007205111323855,0.0012153033167123,-1.5328403435432847e-08,0.9999468922615052,0.0033015357330441,-0.0097595378756523,1.6424078097543315e-08,0.9999794960021972,-0.0040251198224723,-0.0049856980331242,7.213249375581654e-08
1900-01-01 11:21:00.659705,-0.025390625,-0.06591796875,-0.9952392578125,0.1371951252222061,0.6402438879013062,-0.1219512224197387,-0.0416259765625,-0.107421875,1.0081787109375,0.3048780560493469,-0.4115853607654571,-0.045731708407402,0.02880859375,-0.0067138671875,1.0283203125,0.4725609719753265,0.3658536672592163,-0.0609756112098693,0.9999990463256836,-0.0007205111323855,0.0012153033167123,-1.5328403435432847e-08,0.9999464154243468,0.0033180080354213,-0.0098014241084456,-6.111491757110343e-09,0.9999794960021972,-0.0040251198224723,-0.0049856980331242,7.213249375581654e-08
1900-01-01 11:21:00.675874,-0.0262451171875,-0.0643310546875,-0.9991455078125,0.0762195140123367,0.4268292784690857,-0.2286585420370102,-0.0416259765625,-0.107421875,1.0081787109375,0.3048780560493469,-0.4115853607654571,-0.045731708407402,0.02880859375,-0.0067138671875,1.0283203125,0.4725609719753265,0.3658536672592163,-0.0609756112098693,0.9999990463256836,-0.0007205111323855,0.0012153033167123,-1.5328403435432847e-08,0.9999459385871888,0.0033407260198146,-0.0098506668582558,-6.533121421625765e-08,0.9999794960021972,-0.0040251198224723,-0.0049856980331242,7.213249375581654e-08
1900-01-01 11:21:00.712677,-0.0289306640625,-0.064208984375,-0.992919921875,0.3201219439506531,0.5335366129875183,-0.0762195140123367,-0.04052734375,-0.107666015625,1.0081787109375,0.2743902504444122,-0.2439024448394775,-0.3506097495555877,0.02880859375,-0.0067138671875,1.0283203125,0.6859756112098694,0.3353658616542816,0.1981707364320755,0.9999990463256836,-0.0007205111323855,0.0012153033167123,-1.5328403435432847e-08,0.9999456405639648,0.0033503144513815,-0.0098761618137359,-7.46126715966966e-08,0.9999794960021972,-0.0040251198224723,-0.0049856980331242,7.213249375581654e-08
1900-01-01 11:21:00.770637,-0.028564453125,-0.063720703125,-0.994384765625,0.1829268336296081,0.5182926654815674,0.045731708407402,-0.03466796875,-0.109375,1.011474609375,0.2743902504444122,-0.2439024448394775,-0.3506097495555877,0.0318603515625,-0.0098876953125,1.0235595703125,0.2439024448394775,0.2591463327407837,0.0152439028024673,0.9999990463256836,-0.0007205111323855,0.0012153033167123,-1.5328403435432847e-08,0.9999448657035828,0.0033718007616698,-0.0099466694518923,-5.071507303000544e-08,0.9999794960021972,-0.0040251198224723,-0.0049856980331242,7.213249375581654e-08
1900-01-01 11:21:00.808087,-0.0279541015625,-0.064697265625,-0.9996337890625,0.2896341383457184,0.3201219439506531,0.2743902504444122,-0.03076171875,-0.1070556640625,1.011474609375,0.1676829308271408,0.1829268336296081,-0.1981707364320755,0.0308837890625,-0.007568359375,1.0277099609375,0.3048780560493469,0.4268292784690857,-0.1676829308271408,0.9999990463256836,-0.0007205111323855,0.0012153033167123,-1.5328403435432847e-08,0.9999448657035828,0.0033718007616698,-0.0099466694518923,-5.071507303000544e-08,0.9999794960021972,-0.0040251198224723,-0.0049856980331242,7.213249375581654e-08
1900-01-01 11:21:00.814162,-0.0274658203125,-0.06689453125,-0.9959716796875,-0.0304878056049346,0.4725609719753265,0.2439024448394775,-0.0325927734375,-0.105712890625,1.005126953125,0.2896341383457184,-0.0152439028024673,-0.2286585420370102,0.0299072265625,-0.00732421875,1.027099609375,0.3048780560493469,0.4268292784690857,-0.1676829308271408,0.9999990463256836,-0.0007205111323855,0.0012153033167123,-1.5328403435432847e-08,0.9999448657035828,0.0033718007616698,-0.0099466694518923,-5.071507303000544e-08,0.9999794960021972,-0.0040251198224723,-0.0049856980331242,7.213249375581654e-08
1900-01-01 11:21:00.835914,-0.0279541015625,-0.0657958984375,-0.9927978515625,0.1219512224197387,0.3810975551605224,0.1219512224197387,-0.0313720703125,-0.1075439453125,1.0064697265625,0.3201219439506531,0.0609756112098693,-0.0762195140123367,0.0299072265625,-0.00732421875,1.027099609375,0.3810975551605224,0.396341472864151,0.1067073196172714,0.9999990463256836,-0.0007205111323855,0.0012153033167123,-1.5328403435432847e-08,0.9999448657035828,0.0033718007616698,-0.0099466694518923,-5.071507303000544e-08,0.9999794960021972,-0.0040251198224723,-0.0049856980331242,7.213249375581654e-08
1900-01-01 11:21:00.878055,-0.0303955078125,-0.06298828125,-0.997802734375,-0.1676829308271408,0.5335366129875183,0.0152439028024673,-0.033203125,-0.108154296875,1.009765625,0.1676829308271408,-0.1067073196172714,-0.045731708407402,0.0313720703125,-0.0072021484375,1.022705078125,0.4878048896789551,0.2439024448394775,0.1676829308271408,0.9999990463256836,-0.0007205111323855,0.0012153033167123,-1.5328403435432847e-08,0.9999448657035828,0.0033718007616698,-0.0099466694518923,-5.071507303000544e-08,0.9999794960021972,-0.0040251198224723,-0.0049856980331242,7.213249375581654e-08
1900-01-01 11:21:00.894243,-0.0283203125,-0.0635986328125,-0.9969482421875,-0.0609756112098693,0.7317073345184326,0.1067073196172714,-0.0341796875,-0.109375,1.0067138671875,0.0304878056049346,0.045731708407402,-0.1219512224197387,0.0325927734375,-0.0064697265625,1.02734375,0.5182926654815674,0.1524390280246734,0.091463416814804,0.9999990463256836,-0.0007205111323855,0.0012153033167123,-1.5328403435432847e-08,0.9999448657035828,0.0033718007616698,-0.0099466694518923,-5.071507303000544e-08,0.9999794960021972,-0.0040251198224723,-0.0049856980331242,7.213249375581654e-08
1900-01-01 11:21:00.915984,-0.0283203125,-0.06591796875,-0.9945068359375,0.0152439028024673,0.6097561120986938,0.091463416814804,-0.0341796875,-0.109375,1.0067138671875,0.1219512224197387,0.2591463327407837,0.0304878056049346,0.0313720703125,-0.00927734375,1.0283203125,0.5487805008888245,0.1524390280246734,0.2743902504444122,0.9999990463256836,-0.0007205111323855,0.0012153033167123,-1.5328403435432847e-08,0.9999448657035828,0.0033718007616698,-0.0099466694518923,-5.071507303000544e-08,0.9999794960021972,-0.0040251198224723,-0.0049856980331242,7.213249375581654e-08
1900-01-01 11:21:00.921694,-0.02734375,-0.0662841796875,-0.9962158203125,0.1067073196172714,0.6097561120986938,0.1219512224197387,-0.0341796875,-0.109375,1.0067138671875,0.1219512224197387,0.2591463327407837,0.0304878056049346,0.0321044921875,-0.0074462890625,1.023681640625,0.5487805008888245,0.1524390280246734,0.2743902504444122,0.9999990463256836,-0.0007205111323855,0.0012153033167123,-1.5328403435432847e-08,0.9999448657035828,0.0033718007616698,-0.0099466694518923,-5.071507303000544e-08,0.9999794960021972,-0.0040251198224723,-0.0049856980331242,7.213249375581654e-08
1900-01-01 11:21:00.942822,-0.0269775390625,-0.0648193359375,-0.998291015625,0.3810975551605224,0.6554878354072571,0.045731708407402,-0.033447265625,-0.108154296875,1.00439453125,0.1219512224197387,0.2591463327407837,0.0304878056049346,0.0321044921875,-0.0074462890625,1.023681640625,0.5487805008888245,0.1524390280246734,0.2743902504444122,0.9999990463256836,-0.0007205111323855,0.0012153033167123,-1.5328403435432847e-08,0.9999448657035828,0.0033718007616698,-0.0099466694518923,-5.071507303000544e-08,0.9999794960021972,-0.0040251198224723,-0.0049856980331242,7.213249375581654e-08
1900-01-01 11:21:00.943872,-0.02783203125,-0.064697265625,-0.996337890625,-0.1524390280246734,0.6097561120986938,0.1067073196172714,-0.033447265625,-0.108154296875,1.00439453125,0.1219512224197387,0.2591463327407837,0.0304878056049346,0.0311279296875,-0.0054931640625,1.0263671875,0.4115853607654571,0.2591463327407837,0.0609756112098693,0.9999990463256836,-0.0007205111323855,0.0012153033167123,-1.5328403435432847e-08,0.9999448657035828,0.0033718007616698,-0.0099466694518923,-5.071507303000544e-08,0.9999794960021972,-0.0040251198224723,-0.0049856980331242,7.213249375581654e-08
1900-01-01 11:21:00.944463,-0.0281982421875,-0.06494140625,-0.99609375,0.2439024448394775,0.6707317233085632,-0.045731708407402,-0.033447265625,-0.108154296875,1.00439453125,0.0762195140123367,0.3201219439506531,-0.091463416814804,0.0311279296875,-0.0054931640625,1.0263671875,0.6554878354072571,0.2896341383457184,0.1524390280246734,0.9999990463256836,-0.0007205111323855,0.0012153033167123,-1.5328403435432847e-08,0.9999448657035828,0.0033718007616698,-0.0099466694518923,-5.071507303000544e-08,0.9999794960021972,-0.0040251198224723,-0.0049856980331242,7.213249375581654e-08
1900-01-01 11:21:00.944687,-0.0294189453125,-0.0640869140625,-0.993896484375,-0.0762195140123367,0.6097561120986938,-0.1371951252222061,-0.033447265625,-0.108154296875,1.00439453125,0.0762195140123367,0.3201219439506531,-0.091463416814804,0.031005859375,-0.006103515625,1.0274658203125,0.6554878354072571,0.2896341383457184,0.1524390280246734,0.9999990463256836,-0.0007205111323855,0.0012153033167123,-1.5328403435432847e-08,0.9999448657035828,0.0033718007616698,-0.0099466694518923,-5.071507303000544e-08,0.9999794960021972,-0.0040251198224723,-0.0049856980331242,7.213249375581654e-08
1900-01-01 11:21:00.944959,-0.025634765625,-0.063720703125,-0.9967041015625,0.1067073196172714,0.5487805008888245,-0.0762195140123367,-0.033447265625,-0.108154296875,1.00439453125,0.0762195140123367,0.3201219439506531,-0.091463416814804,0.031005859375,-0.006103515625,1.0274658203125,0.6554878354072571,0.2896341383457184,0.1524390280246734,0.9999990463256836,-0.0007205111323855,0.0012153033167123,-1.5328403435432847e-08,0.9999448657035828,0.0033718007616698,-0.0099466694518923,-5.071507303000544e-08,0.9999794960021972,-0.0040251198224723,-0.0049856980331242,7.213249375581654e-08
1900-01-01 11:21:00.945646,-0.0274658203125,-0.063232421875,-0.9969482421875,0.091463416814804,0.5335366129875183,-0.1219512224197387,-0.036376953125,-0.108642578125,1.008544921875,0.5182926654815674,-0.5182926654815674,-0.3201219439506531,0.031005859375,-0.006103515625,1.0274658203125,0.4878048896789551,0.4268292784690857,0.0762195140123367,0.9999990463256836,-0.0007205111323855,0.0012153033167123,-1.5328403435432847e-08,0.9999448657035828,0.0033718007616698,-0.0099466694518923,-5.071507303000544e-08,0.9999794960021972,-0.0040251198224723,-0.0049856980331242,7.213249375581654e-08
1900-01-01 11:21:00.946684,-0.03076171875,-0.064208984375,-0.996826171875,0.2439024448394775,0.3658536672592163,0.1676829308271408,-0.03125,-0.107666015625,1.009765625,0.5182926654815674,-0.5182926654815674,-0.3201219439506531,0.0308837890625,-0.00732421875,1.02587890625,0.4725609719753265,0.2743902504444122,0.396341472864151,0.9999990463256836,-0.0007205111323855,0.0012153033167123,-1.5328403435432847e-08,0.9999448657035828,0.0033718007616698,-0.0099466694518923,-5.071507303000544e-08,0.9999794960021972,-0.0040251198224723,-0.0049856980331242,7.213249375581654e-08
1900-01-01 11:21:00.946996,-0.02978515625,-0.066650390625,-0.9996337890625,0.045731708407402,0.3810975551605224,-0.091463416814804,-0.03125,-0.107666015625,1.009765625,0.5182926654815674,-0.5182926654815674,-0.3201219439506531,0.0308837890625,-0.00732421875,1.02587890625,0.5182926654815674,0.4115853607654571,0.1829268336296081,0.9999990463256836,-0.0007205111323855,0.0012153033167123,-1.5328403435432847e-08,0.9999448657035828,0.0033718007616698,-0.0099466694518923,-5.071507303000544e-08,0.9999794960021972,-0.0040251198224723,-0.0049856980331242,7.213249375581654e-08
1900-01-01 11:21:00.947368,-0.0274658203125,-0.0673828125,-0.997802734375,-0.2591463327407837,0.6097561120986938,-0.1981707364320755,-0.03125,-0.107666015625,1.009765625,0.5182926654815674,-0.5182926654815674,-0.3201219439506531,0.03173828125,-0.0093994140625,1.027099609375,0.7012194991111755,0.2896341383457184,0.2896341383457184,0.9999990463256836,-0.0007205111323855,0.0012153033167123,-1.5328403435432847e-08,0.9999448657035828,0.0033718007616698,-0.0099466694518923,-5.071507303000544e-08,0.9999794960021972,-0.0040251198224723,-0.0049856980331242,7.213249375581654e-08
1900-01-01 11:21:00.948332,-0.0277099609375,-0.065185546875,-0.9952392578125,0.1676829308271408,0.4268292784690857,0.0,-0.032470703125,-0.1083984375,1.00390625,0.0609756112098693,0.4878048896789551,0.0304878056049346,0.03125,-0.0078125,1.026611328125,0.2896341383457184,0.3658536672592163,0.2591463327407837,0.9999990463256836,-0.0007205111323855,0.0012153033167123,-1.5328403435432847e-08,0.9999448657035828,0.0033718007616698,-0.0099466694518923,-5.071507303000544e-08,0.9999794960021972,-0.0040251198224723,-0.0049856980331242,7.213249375581654e-08
1900-01-01 11:21:00.948611,-0.0289306640625,-0.064453125,-0.994873046875,0.0,0.4573170840740204,-0.0762195140123367,-0.0360107421875,-0.1116943359375,1.004638671875,0.1524390280246734,-0.5335366129875183,-0.2134146392345428,0.03125,-0.0078125,1.026611328125,0.2896341383457184,0.3658536672592163,0.2591463327407837,0.9999990463256836,-0.0007205111323855,0.0012153033167123,-1.5328403435432847e-08,0.9999448657035828,0.0033718007616698,-0.0099466694518923,-5.071507303000544e-08,0.9999794960021972,-0.0040251198224723,-0.0049856980331242,7.213249375581654e-08
1900-01-01 11:21:00.948862,-0.0267333984375,-0.06298828125,-0.99853515625,0.5182926654815674,0.3810975551605224,0.045731708407402,-0.03271484375,-0.1104736328125,1.0084228515625,0.2439024448394775,-0.1676829308271408,-0.1371951252222061,0.03125,-0.0078125,1.026611328125,0.2896341383457184,0.3658536672592163,0.2591463327407837,0.9999990463256836,-0.0007205111323855,0.0012153033167123,-1.5328403435432847e-08,0.9999448657035828,0.0033718007616698,-0.0099466694518923,-5.071507303000544e-08,0.9999794960021972,-0.0040251198224723,-0.0049856980331242,7.213249375581654e-08
1900-01-01 11:21:00.949128,-0.02783203125,-0.0650634765625,-0.9962158203125,0.0152439028024673,0.4115853607654571,0.0152439028024673,-0.0322265625,-0.10888671875,1.0087890625,0.2439024448394775,-0.1676829308271408,-0.1371951252222061,0.03125,-0.0078125,1.026611328125,0.2896341383457184,0.3658536672592163,0.2591463327407837,0.9999990463256836,-0.0007205111323855,0.0012153033167123,-1.5328403435432847e-08,0.9999448657035828,0.0033718007616698,-0.0099466694518923,-5.071507303000544e-08,0.9999794960021972,-0.0040251198224723,-0.0049856980331242,7.213249375581654e-08
1900-01-01 11:21:00.949432,-0.0301513671875,-0.0667724609375,-0.9949951171875,0.1524390280246734,0.4420731663703918,0.1524390280246734,-0.0322265625,-0.1068115234375,1.0078125,-0.0152439028024673,0.6402438879013062,-0.0304878056049346,0.03125,-0.0078125,1.026611328125,0.2896341383457184,0.3658536672592163,0.2591463327407837,0.9999990463256836,-0.0007205111323855,0.0012153033167123,-1.5328403435432847e-08,0.9999448657035828,0.0033718007616698,-0.0099466694518923,-5.071507303000544e-08,0.9999794960021972,-0.0040251198224723,-0.0049856980331242,7.213249375581654e-08
1900-01-01 11:21:00.949702,-0.030517578125,-0.0650634765625,-0.997802734375,0.1371951252222061,0.3506097495555877,0.0762195140123367,-0.0322265625,-0.1068115234375,1.0078125,0.2286585420370102,0.1981707364320755,-0.1219512224197387,0.03173828125,-0.006591796875,1.0260009765625,0.2896341383457184,0.3658536672592163,0.2591463327407837,0.9999990463256836,-0.0007205111323855,0.0012153033167123,-1.5328403435432847e-08,0.9999448657035828,0.0033718007616698,-0.0099466694518923,-5.071507303000544e-08,0.9999794960021972,-0.0040251198224723,-0.0049856980331242,7.213249375581654e-08
1900-01-01 11:21:00.949946,-0.02783203125,-0.0662841796875,-0.9991455078125,0.0304878056049346,0.4420731663703918,-0.1219512224197387,-0.0322265625,-0.1068115234375,1.0078125,0.2286585420370102,0.1981707364320755,-0.1219512224197387,0.0301513671875,-0.0068359375,1.02685546875,0.7012194991111755,0.3810975551605224,0.3048780560493469,0.9999990463256836,-0.0007205111323855,0.0012153033167123,-1.5328403435432847e-08,0.9999448657035828,0.0033718007616698,-0.0099466694518923,-5.071507303000544e-08,0.9999794960021972,-0.0040251198224723,-0.0049856980331242,7.213249375581654e-08
1900-01-01 11:21:00.950163,-0.027099609375,-0.0650634765625,-0.9974365234375,0.1676829308271408,0.5030487775802612,0.2743902504444122,-0.0322265625,-0.1068115234375,1.0078125,0.2286585420370102,0.1981707364320755,-0.1219512224197387,0.0296630859375,-0.0084228515625,1.0272216796875,0.5335366129875183,0.2439024448394775,0.1219512224197387,0.9999990463256836,-0.0007205111323855,0.0012153033167123,-1.5328403435432847e-08,0.9999448657035828,0.0033718007616698,-0.0099466694518923,-5.071507303000544e-08,0.9999794960021972,-0.0040251198224723,-0.0049856980331242,7.213249375581654e-08
1900-01-01 11:21:00.950522,-0.029052734375,-0.0631103515625,-0.9964599609375,0.0152439028024673,0.3048780560493469,0.0609756112098693,-0.0322265625,-0.1068115234375,1.0078125,0.2286585420370102,0.1981707364320755,-0.1219512224197387,0.031982421875,-0.00732421875,1.028076171875,0.4115853607654571,0.1981707364320755,0.0,0.9999990463256836,-0.0007205111323855,0.0012153033167123,-1.5328403435432847e-08,0.9999448657035828,0.0033718007616698,-0.0099466694518923,-5.071507303000544e-08,0.9999794960021972,-0.0040251198224723,-0.0049856980331242,7.213249375581654e-08
1900-01-01 11:21:00.950846,-0.030029296875,-0.064453125,-0.9967041015625,0.2134146392345428,0.4573170840740204,0.091463416814804,-0.0340576171875,-0.10693359375,1.0078125,0.3810975551605224,-0.5945122241973877,-0.2286585420370102,0.031982421875,-0.00732421875,1.028076171875,0.4573170840740204,0.1676829308271408,0.2743902504444122,0.9999990463256836,-0.0007205111323855,0.0012153033167123,-1.5328403435432847e-08,0.9999448657035828,0.0033718007616698,-0.0099466694518923,-5.071507303000544e-08,0.9999794960021972,-0.0040251198224723,-0.0049856980331242,7.213249375581654e-08
1900-01-01 11:21:00.951122,-0.026611328125,-0.0657958984375,-0.9964599609375,-0.2591463327407837,0.6097561120986938,-0.1676829308271408,-0.0338134765625,-0.108642578125,1.0093994140625,0.3048780560493469,-0.1981707364320755,-0.1067073196172714,0.032958984375,-0.0064697265625,1.02783203125,0.4573170840740204,0.1676829308271408,0.2743902504444122,0.9999990463256836,-0.0007205111323855,0.0012153033167123,-1.5328403435432847e-08,0.9999448657035828,0.0033718007616698,-0.0099466694518923,-5.071507303000544e-08,0.9999794960021972,-0.0040251198224723,-0.0049856980331242,7.213249375581654e-08
1900-01-01 11:21:00.953345,-0.0279541015625,-0.06396484375,-0.99462890625,0.1371951252222061,0.4725609719753265,0.0609756112098693,-0.0316162109375,-0.1087646484375,1.010009765625,0.2439024448394775,-0.3506097495555877,0.3810975551605224,0.03173828125,-0.005126953125,1.0264892578125,0.625,0.3048780560493469,0.2439024448394775,0.9999990463256836,-0.0007205111323855,0.0012153033167123,-1.5328403435432847e-08,0.9999448657035828,0.0033718007616698,-0.0099466694518923,-5.071507303000544e-08,0.9999794960021972,-0.0040251198224723,-0.0049856980331242,7.213249375581654e-08
1900-01-01 11:21:00.953630,-0.0274658203125,-0.0634765625,-0.995849609375,-0.1676829308271408,0.7012194991111755,-0.091463416814804,-0.03662109375,-0.1085205078125,1.0072021484375,0.1371951252222061,0.0152439028024673,-0.2439024448394775,0.03173828125,-0.005126953125,1.0264892578125,0.4725609719753265,0.1676829308271408,0.091463416814804,0.9999990463256836,-0.0007205111323855,0.0012153033167123,-1.5328403435432847e-08,0.9999448657035828,0.0033718007616698,-0.0099466694518923,-5.071507303000544e-08,0.9999794960021972,-0.0040251198224723,-0.0049856980331242,7.213249375581654e-08
1900-01-01 11:21:00.953800,-0.0286865234375,-0.0667724609375,-0.9974365234375,0.1067073196172714,0.6097561120986938,0.0762195140123367,-0.03662109375,-0.1085205078125,1.0072021484375,0.1371951252222061,0.0152439028024673,-0.2439024448394775,0.0313720703125,-0.00732421875,1.02587890625,0.4573170840740204,0.2591463327407837,0.2134146392345428,0.9999990463256836,-0.0007205111323855,0.0012153033167123,-1.5328403435432847e-08,0.9999448657035828,0.0033718007616698,-0.0099466694518923,-5.071507303000544e-08,0.9999794960021972,-0.0040251198224723,-0.0049856980331242,7.213249375581654e-08
1900-01-01 11:21:00.953986,-0.02734375,-0.066650390625,-0.9971923828125,-0.045731708407402,0.6097561120986938,-0.0609756112098693,-0.03662109375,-0.1085205078125,1.0072021484375,0.1371951252222061,0.0152439028024673,-0.2439024448394775,0.0303955078125,-0.0081787109375,1.0294189453125,0.6859756112098694,0.2743902504444122,0.2134146392345428,0.9999990463256836,-0.0007205111323855,0.0012153033167123,-1.5328403435432847e-08,0.9999448657035828,0.0033718007616698,-0.0099466694518923,-5.071507303000544e-08,0.9999794960021972,-0.0040251198224723,-0.0049856980331242,7.213249375581654e-08
1900-01-01 11:21:00.954196,-0.0279541015625,-0.06396484375,-0.9954833984375,-0.045731708407402,0.3353658616542816,-0.1676829308271408,-0.03662109375,-0.1085205078125,1.0072021484375,0.1371951252222061,0.0152439028024673,-0.2439024448394775,0.031005859375,-0.0079345703125,1.027587890625,0.5182926654815674,0.3353658616542816,0.3048780560493469,0.9999990463256836,-0.0007205111323855,0.0012153033167123,-1.5328403435432847e-08,0.9999448657035828,0.0033718007616698,-0.0099466694518923,-5.071507303000544e-08,0.9999794960021972,-0.0040251198224723,-0.0049856980331242,7.213249375581654e-08
1900-01-01 11:21:00.961338,-0.0289306640625,-0.06201171875,-0.9952392578125,0.0152439028024673,0.6707317233085632,-0.1219512224197387,-0.031494140625,-0.1102294921875,1.0057373046875,0.4268292784690857,0.2286585420370102,-0.0609756112098693,0.029541015625,-0.00537109375,1.0257568359375,0.4725609719753265,0.4420731663703918,0.1981707364320755,0.9999990463256836,-0.0007205111323855,0.0012153033167123,-1.5328403435432847e-08,0.9999448657035828,0.0033718007616698,-0.0099466694518923,-5.071507303000544e-08,0.9999794960021972,-0.0040251198224723,-0.0049856980331242,7.213249375581654e-08
1900-01-01 11:21:00.969309,-0.0299072265625,-0.0634765625,-0.9984130859375,0.1676829308271408,0.6554878354072571,0.1219512224197387,-0.0343017578125,-0.110107421875,1.0059814453125,0.396341472864151,-0.3353658616542816,-0.045731708407402,0.0294189453125,-0.0068359375,1.0269775390625,0.396341472864151,0.4115853607654571,0.2134146392345428,0.9999990463256836,-0.0007205111323855,0.0012153033167123,-1.5328403435432847e-08,0.9999448657035828,0.0033718007616698,-0.0099466694518923,-5.071507303000544e-08,0.9999794960021972,-0.0040251198224723,-0.0049856980331242,7.213249375581654e-08
1900-01-01 11:21:00.978434,-0.0284423828125,-0.0653076171875,-0.995849609375,-0.0609756112098693,0.3810975551605224,0.045731708407402,-0.0330810546875,-0.109130859375,1.0106201171875,0.2896341383457184,0.1067073196172714,0.1829268336296081,0.03076171875,-0.005859375,1.02880859375,0.5335366129875183,0.2439024448394775,0.2439024448394775,0.9999990463256836,-0.0007205111323855,0.0012153033167123,-1.5328403435432847e-08,0.9999448657035828,0.0033718007616698,-0.0099466694518923,-5.071507303000544e-08,0.9999794960021972,-0.0040251198224723,-0.0049856980331242,7.213249375581654e-08
1900-01-01 11:21:00.995287,-0.027587890625,-0.0657958984375,-0.9954833984375,0.2286585420370102,0.5030487775802612,0.1371951252222061,-0.03564453125,-0.10693359375,1.009521484375,-0.045731708407402,0.4878048896789551,-0.045731708407402,0.0318603515625,-0.007568359375,1.025146484375,0.4878048896789551,0.4115853607654571,0.1067073196172714,0.9999990463256836,-0.0007205111323855,0.0012153033167123,-1.5328403435432847e-08,0.9999448657035828,0.0033718007616698,-0.0099466694518923,-5.071507303000544e-08,0.9999794960021972,-0.0040251198224723,-0.0049856980331242,7.213249375581654e-08
1900-01-01 11:21:00.995737,-0.02783203125,-0.0662841796875,-0.99609375,0.1676829308271408,0.4268292784690857,0.0152439028024673,-0.03564453125,-0.10693359375,1.009521484375,-0.045731708407402,0.4878048896789551,-0.045731708407402,0.031494140625,-0.008056640625,1.0257568359375,0.5640243887901306,0.3506097495555877,0.1371951252222061,0.9999990463256836,-0.0007205111323855,0.0012153033167123,-1.5328403435432847e-08,0.9999448657035828,0.0033718007616698,-0.0099466694518923,-5.071507303000544e-08,0.9999794960021972,-0.0040251198224723,-0.0049856980331242,7.213249375581654e-08
1900-01-01 11:21:01.012305,-0.026123046875,-0.0654296875,-0.99609375,0.1829268336296081,0.7621951103210449,0.1067073196172714,-0.0328369140625,-0.1080322265625,1.0057373046875,0.2896341383457184,-0.6859756112098694,-0.1219512224197387,0.0318603515625,-0.008056640625,1.029052734375,0.5640243887901306,0.1981707364320755,0.1524390280246734,0.9999990463256836,-0.0007205111323855,0.0012153033167123,-1.5328403435432847e-08,0.9999448657035828,0.0033718007616698,-0.0099466694518923,-5.071507303000544e-08,0.9999794960021972,-0.0040251198224723,-0.0049856980331242,7.213249375581654e-08
1900-01-01 11:21:01.022333,-0.0267333984375,-0.0643310546875,-0.99462890625,0.2134146392345428,0.5945122241973877,0.0304878056049346,-0.02978515625,-0.1085205078125,1.0078125,0.1676829308271408,0.1524390280246734,-0.045731708407402,0.0302734375,-0.0086669921875,1.0277099609375,0.2896341383457184,0.3353658616542816,0.1524390280246734,0.9999990463256836,-0.0007205111323855,0.0012153033167123,-1.5328403435432847e-08,0.9999448657035828,0.0033718007616698,-0.0099466694518923,-5.071507303000544e-08,0.9999794960021972,-0.0040251198224723,-0.0049856980331242,7.213249375581654e-08
1900-01-01 11:21:01.030503,-0.028076171875,-0.0625,-0.996337890625,0.0152439028024673,0.6097561120986938,0.0,-0.0313720703125,-0.1090087890625,1.00830078125,0.396341472864151,0.1981707364320755,-0.1067073196172714,0.03076171875,-0.007080078125,1.029541015625,0.3353658616542816,0.3658536672592163,0.3810975551605224,0.9999990463256836,-0.0007205111323855,0.0012153033167123,-1.5328403435432847e-08,0.9999448657035828,0.0033718007616698,-0.0099466694518923,-5.071507303000544e-08,0.9999794960021972,-0.0040251198224723,-0.0049856980331242,7.213249375581654e-08
1900-01-01 11:21:01.038414,-0.0281982421875,-0.0640869140625,-0.99609375,0.0609756112098693,0.6097561120986938,0.0304878056049346,-0.0355224609375,-0.1094970703125,1.007568359375,0.1829268336296081,-0.1067073196172714,-0.1981707364320755,0.03076171875,-0.007080078125,1.029541015625,0.3353658616542816,0.3658536672592163,0.3810975551605224,0.9999990463256836,-0.0007205111323855,0.0012153033167123,-1.5328403435432847e-08,0.9999448657035828,0.0033718007616698,-0.0099466694518923,-5.071507303000544e-08,0.9999794960021972,-0.0040251198224723,-0.0049856980331242,7.213249375581654e-08
1900-01-01 11:21:01.047354,-0.0286865234375,-0.0665283203125,-0.999267578125,0.1371951252222061,0.6859756112098694,0.1219512224197387,-0.0352783203125,-0.107666015625,1.007080078125,0.2896341383457184,-0.625,-0.1981707364320755,0.03271484375,-0.007080078125,1.028564453125,0.2743902504444122,0.3048780560493469,0.1676829308271408,0.9999990463256836,-0.0007205111323855,0.0012153033167123,-1.5328403435432847e-08,0.9999448657035828,0.0033718007616698,-0.0099466694518923,-5.071507303000544e-08,0.9999794960021972,-0.0040251198224723,-0.0049856980331242,7.213249375581654e-08
1900-01-01 11:21:01.065775,-0.0279541015625,-0.065673828125,-0.9952392578125,-0.2134146392345428,0.5640243887901306,0.0,-0.032470703125,-0.1065673828125,1.0113525390625,0.0,-0.0152439028024673,0.0,0.0330810546875,-0.008056640625,1.0284423828125,0.5030487775802612,0.3201219439506531,0.1676829308271408,0.9999990463256836,-0.0007205111323855,0.0012153033167123,-1.5328403435432847e-08,0.9999448657035828,0.0033718007616698,-0.0099466694518923,-5.071507303000544e-08,0.9999794960021972,-0.0040251198224723,-0.0049856980331242,7.213249375581654e-08
1900-01-01 11:21:01.092549,-0.0267333984375,-0.0640869140625,-0.9974365234375,-0.0152439028024673,0.8231707215309143,0.1524390280246734,-0.034912109375,-0.108154296875,1.0078125,0.0,-0.0152439028024673,0.0,0.03125,-0.0074462890625,1.02734375,0.5182926654815674,0.396341472864151,0.0,0.9999990463256836,-0.0007205111323855,0.0012153033167123,-1.5328403435432847e-08,0.9999448657035828,0.0033718007616698,-0.0099466694518923,-5.071507303000544e-08,0.9999794960021972,-0.0040251198224723,-0.0049856980331242,7.213249375581654e-08
1900-01-01 11:21:01.135719,-0.0274658203125,-0.0623779296875,-0.9957275390625,-0.1524390280246734,0.6554878354072571,0.1371951252222061,-0.0333251953125,-0.10986328125,1.0093994140625,0.1981707364320755,0.2134146392345428,-0.0152439028024673,0.029541015625,-0.0067138671875,1.02392578125,0.4878048896789551,0.396341472864151,0.3810975551605224,0.9999990463256836,-0.0007205111323855,0.0012153033167123,-1.5328403435432847e-08,0.9999448657035828,0.0033718007616698,-0.0099466694518923,-5.071507303000544e-08,0.9999794960021972,-0.0040251198224723,-0.0049856980331242,7.213249375581654e-08
1900-01-01 11:21:01.173146,-0.0294189453125,-0.0650634765625,-0.99462890625,0.2286585420370102,0.6402438879013062,-0.1067073196172714,-0.034423828125,-0.1077880859375,1.00732421875,0.2591463327407837,-0.3048780560493469,-0.1524390280246734,0.032958984375,-0.00537109375,1.025634765625,0.3658536672592163,0.4115853607654571,0.1981707364320755,0.9999990463256836,-0.0007205111323855,0.0012153033167123,-1.5328403435432847e-08,0.9999448657035828,0.0033718007616698,-0.0099466694518923,-5.071507303000544e-08,0.9999794960021972,-0.0040251198224723,-0.0049856980331242,7.213249375581654e-08
1900-01-01 11:21:01.184326,-0.0306396484375,-0.0662841796875,-0.99462890625,0.2134146392345428,0.6554878354072571,0.0152439028024673,-0.034423828125,-0.1077880859375,1.00732421875,0.2591463327407837,-0.3048780560493469,-0.1524390280246734,0.032958984375,-0.00537109375,1.025634765625,0.5640243887901306,0.2896341383457184,0.3506097495555877,0.9999990463256836,-0.0007205111323855,0.0012153033167123,-1.5328403435432847e-08,0.9999448657035828,0.0033718007616698,-0.0099466694518923,-5.071507303000544e-08,0.9999794960021972,-0.0040251198224723,-0.0049856980331242,7.213249375581654e-08
1900-01-01 11:21:01.195701,-0.029541015625,-0.0640869140625,-0.9951171875,0.1981707364320755,0.5792682766914368,-0.0609756112098693,-0.03466796875,-0.106689453125,1.010009765625,0.2591463327407837,-0.3048780560493469,-0.1524390280246734,0.032958984375,-0.00537109375,1.025634765625,0.5640243887901306,0.2896341383457184,0.3506097495555877,0.9999990463256836,-0.0007205111323855,0.0012153033167123,-1.5328403435432847e-08,0.9999448657035828,0.0033718007616698,-0.0099466694518923,-5.071507303000544e-08,0.9999794960021972,-0.0040251198224723,-0.0049856980331242,7.213249375581654e-08
1900-01-01 11:21:01.201737,-0.02783203125,-0.0657958984375,-0.99755859375,0.1524390280246734,0.625,0.2134146392345428,-0.03466796875,-0.108154296875,1.01025390625,0.0152439028024673,-0.045731708407402,-0.0762195140123367,0.0303955078125,-0.00732421875,1.02734375,0.5640243887901306,0.2896341383457184,0.3506097495555877,0.9999990463256836,-0.0007205111323855,0.0012153033167123,-1.5328403435432847e-08,0.9999448657035828,0.0033718007616698,-0.0099466694518923,-5.071507303000544e-08,0.9999794960021972,-0.0040251198224723,-0.0049856980331242,7.213249375581654e-08
1900-01-01 11:21:01.207478,-0.0269775390625,-0.06640625,-0.998779296875,0.1829268336296081,0.7469512224197388,0.1219512224197387,-0.0355224609375,-0.107421875,1.0062255859375,0.0152439028024673,-0.045731708407402,-0.0762195140123367,0.0303955078125,-0.00732421875,1.02734375,0.6554878354072571,0.3353658616542816,-0.045731708407402,0.9999990463256836,-0.0007205111323855,0.0012153033167123,-1.5328403435432847e-08,0.9999448657035828,0.0033718007616698,-0.0099466694518923,-5.071507303000544e-08,0.9999794960021972,-0.0040251198224723,-0.0049856980331242,7.213249375581654e-08
1900-01-01 11:21:01.212671,-0.028076171875,-0.067138671875,-0.9964599609375,0.2591463327407837,0.8231707215309143,-0.045731708407402,-0.0355224609375,-0.107421875,1.0062255859375,0.0152439028024673,-0.045731708407402,-0.0762195140123367,0.0303955078125,-0.00732421875,1.02734375,0.6554878354072571,0.3353658616542816,-0.045731708407402,0.9999990463256836,-0.0007205111323855,0.0012153033167123,-1.5328403435432847e-08,0.9999448657035828,0.0033718007616698,-0.0099466694518923,-5.071507303000544e-08,0.9999794960021972,-0.0040251198224723,-0.0049856980331242,7.213249375581654e-08
1900-01-01 11:21:01.228548,-0.029052734375,-0.0662841796875,-0.995361328125,-0.0152439028024673,0.6859756112098694,0.0304878056049346,-0.0355224609375,-0.107421875,1.0062255859375,0.2286585420370102,-0.0609756112098693,-0.0762195140123367,0.0303955078125,-0.00732421875,1.02734375,0.6554878354072571,0.3353658616542816,-0.045731708407402,0.9999990463256836,-0.0007205111323855,0.0012153033167123,-1.5328403435432847e-08,0.9999448657035828,0.0033718007616698,-0.0099466694518923,-5.071507303000544e-08,0.9999794960021972,-0.0040251198224723,-0.0049856980331242,7.213249375581654e-08
1900-01-01 11:21:01.260853,-0.0299072265625,-0.063720703125,-0.995849609375,0.2439024448394775,0.5792682766914368,0.1981707364320755,-0.0333251953125,-0.110107421875,1.00927734375,0.1829268336296081,0.0,-0.091463416814804,0.033203125,-0.0096435546875,1.0286865234375,0.5335366129875183,0.1829268336296081,0.1371951252222061,0.9999990463256836,-0.0007205111323855,0.0012153033167123,-1.5328403435432847e-08,0.9999448657035828,0.0033718007616698,-0.0099466694518923,-5.071507303000544e-08,0.9999794960021972,-0.0040251198224723,-0.0049856980331242,7.213249375581654e-08
1900-01-01 11:21:01.285444,-0.0277099609375,-0.0615234375,-0.9952392578125,0.1676829308271408,0.5030487775802612,-0.0304878056049346,-0.03515625,-0.1065673828125,1.0045166015625,0.2134146392345428,0.0,0.2591463327407837,0.031494140625,-0.006103515625,1.0277099609375,0.6097561120986938,0.2286585420370102,0.2743902504444122,0.9999990463256836,-0.0007205111323855,0.0012153033167123,-1.5328403435432847e-08,0.9999448657035828,0.0033718007616698,-0.0099466694518923,-5.071507303000544e-08,0.9999794960021972,-0.0040251198224723,-0.0049856980331242,7.213249375581654e-08
1900-01-01 11:21:01.340046,-0.02783203125,-0.0640869140625,-0.99560546875,-0.2134146392345428,0.3201219439506531,-0.045731708407402,-0.0322265625,-0.108154296875,1.011474609375,0.2134146392345428,-0.0609756112098693,-0.4268292784690857,0.03125,-0.005859375,1.0263671875,0.5487805008888245,0.4420731663703918,0.3201219439506531,0.9999990463256836,-0.0007205111323855,0.0012153033167123,-1.5328403435432847e-08,0.9999448657035828,0.0033718007616698,-0.0099466694518923,-5.071507303000544e-08,0.9999794960021972,-0.0040251198224723,-0.0049856980331242,7.213249375581654e-08
1900-01-01 11:21:01.372417,-0.028076171875,-0.066650390625,-0.996337890625,0.3353658616542816,0.4878048896789551,-0.1219512224197387,-0.0343017578125,-0.110107421875,1.00439453125,0.4573170840740204,0.2743902504444122,-0.1371951252222061,0.0302734375,-0.006591796875,1.0264892578125,0.5945122241973877,0.3048780560493469,0.1524390280246734,0.9999990463256836,-0.0007205111323855,0.0012153033167123,-1.5328403435432847e-08,0.9999448657035828,0.0033718007616698,-0.0099466694518923,-5.071507303000544e-08,0.9999794960021972,-0.0040251198224723,-0.0049856980331242,7.213249375581654e-08
1900-01-01 11:21:01.394908,-0.0269775390625,-0.06494140625,-0.996826171875,0.045731708407402,0.6707317233085632,0.1219512224197387,-0.0341796875,-0.1094970703125,1.0081787109375,0.1981707364320755,-0.4115853607654571,-0.1524390280246734,0.033447265625,-0.0084228515625,1.0252685546875,0.5945122241973877,0.2896341383457184,0.0304878056049346,0.9999990463256836,-0.0007205111323855,0.0012153033167123,-1.5328403435432847e-08,0.9999448657035828,0.0033718007616698,-0.0099466694518923,-5.071507303000544e-08,0.9999794960021972,-0.0040251198224723,-0.0049856980331242,7.213249375581654e-08
1900-01-01 11:21:01.402665,-0.027099609375,-0.063720703125,-0.99560546875,0.0304878056049346,0.6707317233085632,0.1676829308271408,-0.0330810546875,-0.108642578125,1.0040283203125,0.045731708407402,0.3506097495555877,-0.1371951252222061,0.0322265625,-0.0076904296875,1.027099609375,0.4115853607654571,0.2286585420370102,0.1829268336296081,0.9999990463256836,-0.0007205111323855,0.0012153033167123,-1.5328403435432847e-08,0.9999448657035828,0.0033718007616698,-0.0099466694518923,-5.071507303000544e-08,0.9999794960021972,-0.0040251198224723,-0.0049856980331242,7.213249375581654e-08
1900-01-01 11:21:01.403429,-0.029052734375,-0.0648193359375,-0.9930419921875,0.1067073196172714,0.4725609719753265,0.0609756112098693,-0.03271484375,-0.106689453125,1.0107421875,0.2439024448394775,-0.2591463327407837,-0.1524390280246734,0.031005859375,-0.005859375,1.026123046875,0.4268292784690857,0.6707317233085632,0.1067073196172714,0.9999990463256836,-0.0007205111323855,0.0012153033167123,-1.5328403435432847e-08,0.9999448657035828,0.0033718007616698,-0.0099466694518923,-5.071507303000544e-08,0.9999794960021972,-0.0040251198224723,-0.0049856980331242,7.213249375581654e-08
1900-01-01 11:21:01.404122,-0.0289306640625,-0.06494140625,-0.9947509765625,0.2743902504444122,0.4115853607654571,-0.0609756112098693,-0.0347900390625,-0.110107421875,1.0054931640625,0.3353658616542816,0.1219512224197387,-0.091463416814804,0.031494140625,-0.007568359375,1.02880859375,0.5792682766914368,0.4115853607654571,0.0762195140123367,0.9999990463256836,-0.0007205111323855,0.0012153033167123,-1.5328403435432847e-08,0.9999448657035828,0.0033718007616698,-0.0099466694518923,-5.071507303000544e-08,0.9999794960021972,-0.0040251198224723,-0.0049856980331242,7.213249375581654e-08
1900-01-01 11:21:01.404571,-0.0279541015625,-0.06396484375,-0.9970703125,0.1524390280246734,0.2134146392345428,0.1524390280246734,-0.0308837890625,-0.1097412109375,1.0093994140625,-0.1981707364320755,0.2591463327407837,-0.3048780560493469,0.03173828125,-0.006103515625,1.0274658203125,0.5182926654815674,0.2286585420370102,0.0609756112098693,0.9999990463256836,-0.0007205111323855,0.0012153033167123,-1.5328403435432847e-08,0.9999448657035828,0.0033718007616698,-0.0099466694518923,-5.071507303000544e-08,0.9999794960021972,-0.0040251198224723,-0.0049856980331242,7.213249375581654e-08
1900-01-01 11:21:01.404810,-0.0299072265625,-0.0654296875,-0.994873046875,0.1676829308271408,0.4268292784690857,0.0152439028024673,-0.0328369140625,-0.1092529296875,1.0108642578125,0.0,0.5487805008888245,-0.1981707364320755,0.0313720703125,-0.008056640625,1.0289306640625,0.4725609719753265,0.3810975551605224,0.0762195140123367,0.9999990463256836,-0.0007205111323855,0.0012153033167123,-1.5328403435432847e-08,0.9999448657035828,0.0033718007616698,-0.0099466694518923,-5.071507303000544e-08,0.9999794960021972,-0.0040251198224723,-0.0049856980331242,7.213249375581654e-08
1900-01-01 11:21:01.404994,-0.0277099609375,-0.06396484375,-0.9957275390625,0.0762195140123367,0.3353658616542816,0.091463416814804,-0.035400390625,-0.1072998046875,1.0067138671875,0.2286585420370102,-0.0152439028024673,0.0609756112098693,0.0313720703125,-0.008056640625,1.0289306640625,0.5182926654815674,0.2134146392345428,-0.045731708407402,0.9999990463256836,-0.0007205111323855,0.0012153033167123,-1.5328403435432847e-08,0.9999448657035828,0.0033718007616698,-0.0099466694518923,-5.071507303000544e-08,0.9999794960021972,-0.0040251198224723,-0.0049856980331242,7.213249375581654e-08
1900-01-01 11:21:01.405423,-0.0269775390625,-0.06494140625,-0.997314453125,-0.0304878056049346,0.625,0.1524390280246734,-0.033935546875,-0.1082763671875,1.010986328125,-0.0304878056049346,0.2896341383457184,0.1067073196172714,0.0321044921875,-0.008056640625,1.029296875,0.5640243887901306,0.5030487775802612,-0.1676829308271408,0.9999990463256836,-0.0007205111323855,0.0012153033167123,-1.5328403435432847e-08,0.9999448657035828,0.0033718007616698,-0.0099466694518923,-5.071507303000544e-08,0.9999794960021972,-0.0040251198224723,-0.0049856980331242,7.213249375581654e-08
1900-01-01 11:21:01.405821,-0.027099609375,-0.065673828125,-0.9976806640625,0.1371951252222061,0.5487805008888245,0.2896341383457184,-0.0343017578125,-0.1085205078125,1.008544921875,-0.0304878056049346,0.2896341383457184,0.1067073196172714,0.0330810546875,-0.0074462890625,1.0250244140625,0.5640243887901306,0.5030487775802612,-0.1676829308271408,0.9999990463256836,-0.0007205111323855,0.0012153033167123,-1.5328403435432847e-08,0.9999448657035828,0.0033718007616698,-0.0099466694518923,-5.071507303000544e-08,0.9999794960021972,-0.0040251198224723,-0.0049856980331242,7.213249375581654e-08
1900-01-01 11:21:01.406179,-0.02880859375,-0.06396484375,-0.9952392578125,0.1371951252222061,0.8689024448394775,-0.0304878056049346,-0.032470703125,-0.1092529296875,1.00537109375,0.1829268336296081,-0.2896341383457184,-0.3353658616542816,0.0330810546875,-0.0074462890625,1.0250244140625,0.625,0.1524390280246734,0.2591463327407837,0.9999990463256836,-0.0007205111323855,0.0012153033167123,-1.5328403435432847e-08,0.9999448657035828,0.0033718007616698,-0.0099466694518923,-5.071507303000544e-08,0.9999794960021972,-0.0040251198224723,-0.0049856980331242,7.213249375581654e-08
1900-01-01 11:21:01.406830,-0.026611328125,-0.0635986328125,-0.9970703125,0.1981707364320755,0.792682945728302,0.045731708407402,-0.03369140625,-0.1080322265625,1.01025390625,0.045731708407402,0.0609756112098693,-0.1067073196172714,0.0286865234375,-0.0068359375,1.028076171875,0.5945122241973877,0.3506097495555877,0.0762195140123367,0.9999990463256836,-0.0007205111323855,0.0012153033167123,-1.5328403435432847e-08,0.9999448657035828,0.0033718007616698,-0.0099466694518923,-5.071507303000544e-08,0.9999794960021972,-0.0040251198224723,-0.0049856980331242,7.213249375581654e-08
1900-01-01 11:21:01.407073,-0.029296875,-0.0633544921875,-0.9964599609375,0.2591463327407837,0.7012194991111755,0.0304878056049346,-0.03369140625,-0.1080322265625,1.01025390625,0.045731708407402,0.4878048896789551,-0.1067073196172714,0.0286865234375,-0.0068359375,1.028076171875,0.5182926654815674,0.1524390280246734,0.1524390280246734,0.9999990463256836,-0.0007205111323855,0.0012153033167123,-1.5328403435432847e-08,0.9999448657035828,0.0033718007616698,-0.0099466694518923,-5.071507303000544e-08,0.9999794960021972,-0.0040251198224723,-0.0049856980331242,7.213249375581654e-08
1900-01-01 11:21:01.407413,-0.0286865234375,-0.0635986328125,-0.9951171875,0.3506097495555877,0.8079268336296082,-0.2134146392345428,-0.037841796875,-0.108154296875,1.005615234375,0.1676829308271408,-0.3048780560493469,-0.1676829308271408,0.0301513671875,-0.0076904296875,1.0272216796875,0.4115853607654571,0.4573170840740204,0.1067073196172714,0.9999990463256836,-0.0007205111323855,0.0012153033167123,-1.5328403435432847e-08,0.9999448657035828,0.0033718007616698,-0.0099466694518923,-5.071507303000544e-08,0.9999794960021972,-0.0040251198224723,-0.0049856980331242,7.213249375581654e-08
1900-01-01 11:21:01.407547,-0.0283203125,-0.065185546875,-0.9949951171875,0.045731708407402,0.3810975551605224,0.045731708407402,-0.037841796875,-0.108154296875,1.005615234375,0.1676829308271408,-0.3048780560493469,-0.1676829308271408,0.0316162109375,-0.008056640625,1.0252685546875,0.4115853607654571,0.4573170840740204,0.1067073196172714,0.9999990463256836,-0.0007205111323855,0.0012153033167123,-1.5328403435432847e-08,0.9999448657035828,0.0033718007616698,-0.0099466694518923,-5.071507303000544e-08,0.9999794960021972,-0.0040251198224723,-0.0049856980331242,7.213249375581654e-08
1900-01-01 11:21:01.407706,-0.0283203125,-0.0660400390625,-0.998046875,0.091463416814804,0.8993902802467346,-0.1676829308271408,-0.037841796875,-0.108154296875,1.005615234375,0.1676829308271408,-0.3048780560493469,-0.1676829308271408,0.030517578125,-0.007080078125,1.02783203125,0.3810975551605224,0.2896341383457184,0.0609756112098693,0.9999990463256836,-0.0007205111323855,0.0012153033167123,-1.5328403435432847e-08,0.9999448657035828,0.0033718007616698,-0.0099466694518923,-5.071507303000544e-08,0.9999794960021972,-0.0040251198224723,-0.0049856980331242,7.213249375581654e-08
1900-01-01 11:21:01.407850,-0.030029296875,-0.0667724609375,-0.9952392578125,-0.0762195140123367,0.5640243887901306,-0.0152439028024673,-0.037841796875,-0.108154296875,1.005615234375,0.1676829308271408,-0.3048780560493469,-0.1676829308271408,0.0316162109375,-0.0069580078125,1.029052734375,0.3353658616542816,0.2286585420370102,0.2439024448394775,0.9999990463256836,-0.0007205111323855,0.0012153033167123,-1.5328403435432847e-08,0.9999448657035828,0.0033718007616698,-0.0099466694518923,-5.071507303000544e-08,0.9999794960021972,-0.0040251198224723,-0.0049856980331242,7.213249375581654e-08
1900-01-01 11:21:01.407990,-0.029052734375,-0.0645751953125,-0.9970703125,0.0304878056049346,0.6554878354072571,-0.0152439028024673,-0.037841796875,-0.108154296875,1.005615234375,0.1676829308271408,-0.3048780560493469,-0.1676829308271408,0.0313720703125,-0.0081787109375,1.0279541015625,0.6707317233085632,0.2896341383457184,0.1676829308271408,0.9999990463256836,-0.0007205111323855,0.0012153033167123,-1.5328403435432847e-08,0.9999448657035828,0.0033718007616698,-0.0099466694518923,-5.071507303000544e-08,0.9999794960021972,-0.0040251198224723,-0.0049856980331242,7.213249375581654e-08
1900-01-01 11:21:01.408131,-0.0286865234375,-0.064208984375,-0.995361328125,0.0152439028024673,0.4725609719753265,0.0762195140123367,-0.037841796875,-0.108154296875,1.005615234375,0.1676829308271408,-0.3048780560493469,-0.1676829308271408,0.031982421875,-0.0076904296875,1.0267333984375,0.6554878354072571,0.5487805008888245,0.1067073196172714,0.9999990463256836,-0.0007205111323855,0.0012153033167123,-1.5328403435432847e-08,0.9999448657035828,0.0033718007616698,-0.0099466694518923,-5.071507303000544e-08,0.9999794960021972,-0.0040251198224723,-0.0049856980331242,7.213249375581654e-08
1900-01-01 11:21:01.408279,-0.0277099609375,-0.0638427734375,-0.995361328125,0.0152439028024673,0.625,0.0609756112098693,-0.037841796875,-0.108154296875,1.005615234375,0.1676829308271408,-0.3048780560493469,-0.1676829308271408,0.030029296875,-0.0069580078125,1.0267333984375,0.5640243887901306,0.3506097495555877,0.1524390280246734,0.9999990463256836,-0.0007205111323855,0.0012153033167123,-1.5328403435432847e-08,0.9999448657035828,0.0033718007616698,-0.0099466694518923,-5.071507303000544e-08,0.9999794960021972,-0.0040251198224723,-0.0049856980331242,7.213249375581654e-08
1900-01-01 11:21:01.408424,-0.0263671875,-0.06298828125,-0.995849609375,0.3658536672592163,0.5792682766914368,-0.0304878056049346,-0.037841796875,-0.108154296875,1.005615234375,0.1676829308271408,-0.3048780560493469,-0.1676829308271408,0.0306396484375,-0.0078125,1.02734375,0.3810975551605224,0.2896341383457184,0.1371951252222061,0.9999990463256836,-0.0007205111323855,0.0012153033167123,-1.5328403435432847e-08,0.9999448657035828,0.0033718007616698,-0.0099466694518923,-5.071507303000544e-08,0.9999794960021972,-0.0040251198224723,-0.0049856980331242,7.213249375581654e-08
1900-01-01 11:21:01.408565,-0.0283203125,-0.0643310546875,-0.9971923828125,0.1371951252222061,0.6402438879013062,0.0152439028024673,-0.037841796875,-0.108154296875,1.005615234375,0.1676829308271408,-0.3048780560493469,-0.1676829308271408,0.03125,-0.00634765625,1.027099609375,0.2743902504444122,0.3353658616542816,0.1371951252222061,0.9999990463256836,-0.0007205111323855,0.0012153033167123,-1.5328403435432847e-08,0.9999448657035828,0.0033718007616698,-0.0099466694518923,-5.071507303000544e-08,0.9999794960021972,-0.0040251198224723,-0.0049856980331242,7.213249375581654e-08
1900-01-01 11:21:01.416595,-0.0291748046875,-0.066162109375,-0.99609375,0.3201219439506531,0.2743902504444122,0.045731708407402,-0.037841796875,-0.108154296875,1.005615234375,0.1676829308271408,-0.3048780560493469,-0.1676829308271408,0.0322265625,-0.0068359375,1.0277099609375,0.6707317233085632,0.3658536672592163,0.3353658616542816,0.9999990463256836,-0.0007205111323855,0.0012153033167123,-1.5328403435432847e-08,0.9999448657035828,0.0033718007616698,-0.0099466694518923,-5.071507303000544e-08,0.9999794960021972,-0.0040251198224723,-0.0049856980331242,7.213249375581654e-08
1900-01-01 11:21:01.416791,-0.0289306640625,-0.06689453125,-0.9969482421875,0.1371951252222061,0.4420731663703918,0.0152439028024673,-0.037841796875,-0.108154296875,1.005615234375,0.1676829308271408,-0.3048780560493469,-0.1676829308271408,0.0322265625,-0.0068359375,1.0277099609375,0.6707317233085632,0.3658536672592163,0.3353658616542816,0.9999990463256836,-0.0007205111323855,0.0012153033167123,-1.5328403435432847e-08,0.9999448657035828,0.0033718007616698,-0.0099466694518923,-5.071507303000544e-08,0.9999794960021972,-0.0040251198224723,-0.0049856980331242,7.213249375581654e-08
1900-01-01 11:21:01.425292,-0.0284423828125,-0.06640625,-0.996826171875,-0.1981707364320755,0.4878048896789551,-0.0152439028024673,-0.037841796875,-0.108154296875,1.005615234375,0.1676829308271408,-0.3048780560493469,-0.1676829308271408,0.0311279296875,-0.007568359375,1.0279541015625,0.4268292784690857,0.4268292784690857,0.1067073196172714,0.9999990463256836,-0.0007205111323855,0.0012153033167123,-1.5328403435432847e-08,0.9999448657035828,0.0033718007616698,-0.0099466694518923,-5.071507303000544e-08,0.9999794960021972,-0.0040251198224723,-0.0049856980331242,7.213249375581654e-08
1900-01-01 11:21:01.441294,-0.0260009765625,-0.0645751953125,-0.99755859375,-0.0609756112098693,0.4268292784690857,0.0304878056049346,-0.033935546875,-0.1085205078125,1.0062255859375,0.2134146392345428,0.5792682766914368,-0.1371951252222061,0.03076171875,-0.0074462890625,1.028076171875,0.5945122241973877,0.5182926654815674,0.3810975551605224,0.9999990463256836,-0.0007205111323855,0.0012153033167123,-1.5328403435432847e-08,0.9999448657035828,0.0033718007616698,-0.0099466694518923,-5.071507303000544e-08,0.9999794960021972,-0.0040251198224723,-0.0049856980331242,7.213249375581654e-08
1900-01-01 11:21:01.450315,-0.028076171875,-0.06298828125,-0.995361328125,0.0,0.4115853607654571,0.0762195140123367,-0.033447265625,-0.1087646484375,1.0069580078125,0.5335366129875183,-0.091463416814804,-0.3201219439506531,0.0308837890625,-0.006103515625,1.0233154296875,0.4420731663703918,0.1676829308271408,0.1219512224197387,0.9999990463256836,-0.0007205111323855,0.0012153033167123,-1.5328403435432847e-08,0.9999448657035828,0.0033718007616698,-0.0099466694518923,-5.071507303000544e-08,0.9999794960021972,-0.0040251198224723,-0.0049856980331242,7.213249375581654e-08
1900-01-01 11:21:01.459552,-0.03076171875,-0.06494140625,-0.9969482421875,0.1524390280246734,0.5335366129875183,0.1371951252222061,-0.033935546875,-0.1075439453125,1.011474609375,0.1067073196172714,-0.1371951252222061,-0.1676829308271408,0.0325927734375,-0.0064697265625,1.0286865234375,0.5335366129875183,0.2591463327407837,0.0304878056049346,0.9999990463256836,-0.0007205111323855,0.0012153033167123,-1.5328403435432847e-08,0.9999448657035828,0.0033718007616698,-0.0099466694518923,-5.071507303000544e-08,0.9999794960021972,-0.0040251198224723,-0.0049856980331242,7.213249375581654e-08
1900-01-01 11:21:01.467346,-0.0299072265625,-0.0660400390625,-0.9962158203125,0.0304878056049346,0.5945122241973877,-0.1676829308271408,-0.0347900390625,-0.1080322265625,1.00830078125,0.1219512224197387,0.091463416814804,-0.1829268336296081,0.0325927734375,-0.0064697265625,1.0286865234375,0.5335366129875183,0.2591463327407837,0.0304878056049346,0.9999990463256836,-0.0007205111323855,0.0012153033167123,-1.5328403435432847e-08,0.9999448657035828,0.0033718007616698,-0.0099466694518923,-5.071507303000544e-08,0.9999794960021972,-0.0040251198224723,-0.0049856980331242,7.213249375581654e-08
1900-01-01 11:21:01.485384,-0.029052734375,-0.065185546875,-0.9942626953125,0.3658536672592163,0.6097561120986938,-0.1676829308271408,-0.03564453125,-0.106689453125,1.0059814453125,0.4420731663703918,0.2896341383457184,-0.1219512224197387,0.0303955078125,-0.0057373046875,1.027099609375,0.5792682766914368,0.2743902504444122,0.2134146392345428,0.9999990463256836,-0.0007205111323855,0.0012153033167123,-1.5328403435432847e-08,0.9999448657035828,0.0033718007616698,-0.0099466694518923,-5.071507303000544e-08,0.9999794960021972,-0.0040251198224723,-0.0049856980331242,7.213249375581654e-08
1900-01-01 11:21:01.485538,-0.028076171875,-0.0660400390625,-0.9976806640625,-0.0304878056049346,0.5792682766914368,-0.0304878056049346,-0.03564453125,-0.106689453125,1.0059814453125,0.4420731663703918,0.2896341383457184,-0.1219512224197387,0.0303955078125,-0.0057373046875,1.027099609375,0.5792682766914368,0.2743902504444122,0.2134146392345428,0.9999990463256836,-0.0007205111323855,0.0012153033167123,-1.5328403435432847e-08,0.9999448657035828,0.0033718007616698,-0.0099466694518923,-5.071507303000544e-08,0.9999794960021972,-0.0040251198224723,-0.0049856980331242,7.213249375581654e-08
1900-01-01 11:21:01.495676,-0.027587890625,-0.0650634765625,-0.9971923828125,0.0152439028024673,0.4420731663703918,-0.0609756112098693,-0.035888671875,-0.107666015625,1.0076904296875,0.4420731663703918,0.2896341383457184,-0.1219512224197387,0.0302734375,-0.008544921875,1.02734375,0.4420731663703918,0.0762195140123367,0.2439024448394775,0.9999990463256836,-0.0007205111323855,0.0012153033167123,-1.5328403435432847e-08,0.9999448657035828,0.0033718007616698,-0.0099466694518923,-5.071507303000544e-08,0.9999794960021972,-0.0040251198224723,-0.0049856980331242,7.213249375581654e-08
1900-01-01 11:21:01.513708,-0.0277099609375,-0.0623779296875,-0.9957275390625,0.091463416814804,0.5182926654815674,-0.0304878056049346,-0.0308837890625,-0.1085205078125,1.007568359375,0.1676829308271408,0.4573170840740204,0.1067073196172714,0.0311279296875,-0.007568359375,1.026123046875,0.5945122241973877,0.2439024448394775,0.1371951252222061,0.9999990463256836,-0.0007205111323855,0.0012153033167123,-1.5328403435432847e-08,0.9999448657035828,0.0033718007616698,-0.0099466694518923,-5.071507303000544e-08,0.9999794960021972,-0.0040251198224723,-0.0049856980331242,7.213249375581654e-08
1900-01-01 11:21:01.540533,-0.02880859375,-0.0618896484375,-0.9935302734375,-0.1219512224197387,0.7317073345184326,-0.1219512224197387,-0.0350341796875,-0.1083984375,1.003662109375,0.1676829308271408,0.4573170840740204,0.1067073196172714,0.030517578125,-0.0062255859375,1.0294189453125,0.4878048896789551,0.3810975551605224,0.3353658616542816,0.9999990463256836,-0.0007205111323855,0.0012153033167123,-1.5328403435432847e-08,0.9999448657035828,0.0033718007616698,-0.0099466694518923,-5.071507303000544e-08,0.9999794960021972,-0.0040251198224723,-0.0049856980331242,7.213249375581654e-08
1900-01-01 11:21:01.551909,-0.0294189453125,-0.0645751953125,-0.999267578125,0.045731708407402,0.5030487775802612,0.045731708407402,-0.0347900390625,-0.1090087890625,1.0086669921875,0.2896341383457184,-0.5487805008888245,-0.3201219439506531,0.033935546875,-0.006591796875,1.028076171875,0.4573170840740204,0.2743902504444122,0.1371951252222061,0.9999990463256836,-0.0007205111323855,0.0012153033167123,-1.5328403435432847e-08,0.9999448657035828,0.0033718007616698,-0.0099466694518923,-5.071507303000544e-08,0.9999794960021972,-0.0040251198224723,-0.0049856980331242,7.213249375581654e-08
1900-01-01 11:21:01.583456,-0.028076171875,-0.0660400390625,-0.99951171875,0.0609756112098693,0.2743902504444122,-0.0152439028024673,-0.031982421875,-0.10791015625,1.01123046875,0.2896341383457184,-0.5487805008888245,-0.3201219439506531,0.032470703125,-0.0067138671875,1.027099609375,0.4878048896789551,0.1829268336296081,0.2896341383457184,0.9999990463256836,-0.0007205111323855,0.0012153033167123,-1.5328403435432847e-08,0.9999448657035828,0.0033718007616698,-0.0099466694518923,-5.071507303000544e-08,0.9999794960021972,-0.0040251198224723,-0.0049856980331242,7.213249375581654e-08
1900-01-01 11:21:01.600171,-0.02880859375,-0.0657958984375,-0.995361328125,0.1981707364320755,0.4573170840740204,0.0152439028024673,-0.0362548828125,-0.10791015625,1.0059814453125,0.1067073196172714,-0.1981707364320755,0.045731708407402,0.0306396484375,-0.0081787109375,1.029052734375,0.4725609719753265,0.1829268336296081,0.2591463327407837,0.9999990463256836,-0.0007205111323855,0.0012153033167123,-1.5328403435432847e-08,0.9999448657035828,0.0033718007616698,-0.0099466694518923,-5.071507303000544e-08,0.9999794960021972,-0.0040251198224723,-0.0049856980331242,7.213249375581654e-08
1900-01-01 11:21:01.621079,-0.0281982421875,-0.0662841796875,-0.9947509765625,0.045731708407402,0.625,-0.1219512224197387,-0.0362548828125,-0.10791015625,1.0059814453125,0.1067073196172714,-0.1981707364320755,0.045731708407402,0.029052734375,-0.0074462890625,1.024658203125,0.4115853607654571,0.2896341383457184,0.3048780560493469,0.9999990463256836,-0.0007205111323855,0.0012153033167123,-1.5328403435432847e-08,0.9999448657035828,0.0033718007616698,-0.0099466694518923,-5.071507303000544e-08,0.9999794960021972,-0.0040251198224723,-0.0049856980331242,7.213249375581654e-08
1900-01-01 11:21:01.647869,-0.02685546875,-0.0634765625,-0.998779296875,-0.091463416814804,0.5792682766914368,-0.0609756112098693,-0.0362548828125,-0.10791015625,1.0059814453125,0.1067073196172714,-0.1981707364320755,0.045731708407402,0.0313720703125,-0.006591796875,1.02734375,0.2591463327407837,0.4725609719753265,0.0,0.9999990463256836,-0.0007205111323855,0.0012153033167123,-1.5328403435432847e-08,0.9999448657035828,0.0033718007616698,-0.0099466694518923,-5.071507303000544e-08,0.9999794960021972,-0.0040251198224723,-0.0049856980331242,7.213249375581654e-08
1900-01-01 11:21:01.669263,-0.0289306640625,-0.061767578125,-0.99560546875,0.2591463327407837,0.4725609719753265,-0.0762195140123367,-0.0330810546875,-0.1099853515625,1.008544921875,0.1067073196172714,-0.1981707364320755,0.045731708407402,0.0313720703125,-0.006591796875,1.02734375,0.2591463327407837,0.4725609719753265,0.0,0.9999990463256836,-0.0007205111323855,0.0012153033167123,-1.5328403435432847e-08,0.9999448657035828,0.0033718007616698,-0.0099466694518923,-5.071507303000544e-08,0.9999794960021972,-0.0040251198224723,-0.0049856980331242,7.213249375581654e-08
1900-01-01 11:21:01.696137,-0.0299072265625,-0.063720703125,-0.994140625,0.1676829308271408,0.5182926654815674,-0.1219512224197387,-0.0330810546875,-0.1099853515625,1.008544921875,0.4115853607654571,-0.4268292784690857,-0.0762195140123367,0.0323486328125,-0.008056640625,1.030517578125,0.4725609719753265,0.4420731663703918,0.2134146392345428,0.9999990463256836,-0.0007205111323855,0.0012153033167123,-1.5328403435432847e-08,0.9999448657035828,0.0033718007616698,-0.0099466694518923,-5.071507303000544e-08,0.9999794960021972,-0.0040251198224723,-0.0049856980331242,7.213249375581654e-08
1900-01-01 11:21:01.706799,-0.0296630859375,-0.06494140625,-0.997802734375,0.0,0.6402438879013062,-0.1676829308271408,-0.0330810546875,-0.1099853515625,1.008544921875,0.4115853607654571,-0.4268292784690857,-0.0762195140123367,0.0323486328125,-0.008056640625,1.030517578125,0.4725609719753265,0.4420731663703918,0.2134146392345428,0.9999990463256836,-0.0007205111323855,0.0012153033167123,-1.5328403435432847e-08,0.9999448657035828,0.0033718007616698,-0.0099466694518923,-5.071507303000544e-08,0.9999794960021972,-0.0040251198224723,-0.0049856980331242,7.213249375581654e-08
1900-01-01 11:21:01.717513,-0.02978515625,-0.0650634765625,-0.998291015625,0.1371951252222061,0.4878048896789551,-0.1067073196172714,-0.0330810546875,-0.1099853515625,1.008544921875,0.4115853607654571,-0.4268292784690857,-0.0762195140123367,0.0323486328125,-0.008056640625,1.030517578125,0.4725609719753265,0.4420731663703918,0.2134146392345428,0.9999990463256836,-0.0007205111323855,0.0012153033167123,-1.5328403435432847e-08,0.9999448657035828,0.0033718007616698,-0.0099466694518923,-5.071507303000544e-08,0.9999794960021972,-0.0040251198224723,-0.0049856980331242,7.213249375581654e-08
1900-01-01 11:21:01.729106,-0.028564453125,-0.0665283203125,-0.994873046875,-0.091463416814804,0.6859756112098694,-0.045731708407402,-0.0330810546875,-0.1099853515625,1.008544921875,0.4115853607654571,-0.4268292784690857,-0.0762195140123367,0.0316162109375,-0.0072021484375,1.0272216796875,0.4268292784690857,0.1981707364320755,0.1981707364320755,0.9999990463256836,-0.0007205111323855,0.0012153033167123,-1.5328403435432847e-08,0.9999448657035828,0.0033718007616698,-0.0099466694518923,-5.071507303000544e-08,0.9999794960021972,-0.0040251198224723,-0.0049856980331242,7.213249375581654e-08
1900-01-01 11:21:01.750579,-0.027099609375,-0.0650634765625,-0.995849609375,0.045731708407402,0.4420731663703918,-0.0152439028024673,-0.03076171875,-0.1092529296875,1.009521484375,0.4115853607654571,-0.4268292784690857,-0.0762195140123367,0.03125,-0.0087890625,1.02783203125,0.396341472864151,0.3506097495555877,0.1829268336296081,0.9999990463256836,-0.0007205111323855,0.0012153033167123,-1.5328403435432847e-08,0.9999448657035828,0.0033718007616698,-0.0099466694518923,-5.071507303000544e-08,0.9999794960021972,-0.0040251198224723,-0.0049856980331242,7.213249375581654e-08
1900-01-01 11:21:01.787726,-0.029296875,-0.0633544921875,-0.9986572265625,0.0152439028024673,0.5030487775802612,-0.091463416814804,-0.03076171875,-0.1092529296875,1.009521484375,0.5182926654815674,0.045731708407402,-0.1371951252222061,0.0308837890625,-0.007568359375,1.0284423828125,0.5030487775802612,0.2743902504444122,0.1524390280246734,0.9999990463256836,-0.0007205111323855,0.0012153033167123,-1.5328403435432847e-08,0.9999448657035828,0.0033718007616698,-0.0099466694518923,-5.071507303000544e-08,0.9999794960021972,-0.0040251198224723,-0.0049856980331242,7.213249375581654e-08
1900-01-01 11:21:01.831157,-0.0284423828125,-0.0650634765625,-0.995361328125,0.045731708407402,0.5030487775802612,-0.1524390280246734,-0.034423828125,-0.1080322265625,1.0062255859375,0.3506097495555877,0.4115853607654571,-0.1371951252222061,0.0308837890625,-0.007568359375,1.0284423828125,0.7621951103210449,0.1371951252222061,0.2743902504444122,0.9999990463256836,-0.0007205111323855,0.0012153033167123,-1.5328403435432847e-08,0.9999448657035828,0.0033718007616698,-0.0099466694518923,-5.071507303000544e-08,0.9999794960021972,-0.0040251198224723,-0.0049856980331242,7.213249375581654e-08
1900-01-01 11:21:01.847522,-0.029296875,-0.0640869140625,-0.9937744140625,-0.0609756112098693,0.6097561120986938,0.1067073196172714,-0.0384521484375,-0.1072998046875,1.0072021484375,0.2896341383457184,-1.1890244483947754,-0.1676829308271408,0.030517578125,-0.0062255859375,1.0264892578125,0.7621951103210449,0.1371951252222061,0.2743902504444122,0.9999990463256836,-0.0007205111323855,0.0012153033167123,-1.5328403435432847e-08,0.9999448657035828,0.0033718007616698,-0.0099466694518923,-5.071507303000544e-08,0.9999794960021972,-0.0040251198224723,-0.0049856980331242,7.213249375581654e-08
1900-01-01 11:21:01.869148,-0.0291748046875,-0.063720703125,-0.9957275390625,0.0609756112098693,0.6097561120986938,-0.2439024448394775,-0.0343017578125,-0.1082763671875,1.011474609375,0.2896341383457184,-1.1890244483947754,-0.1676829308271408,0.030517578125,-0.0062255859375,1.0264892578125,0.3658536672592163,0.2743902504444122,0.1067073196172714,0.9999990463256836,-0.0007205111323855,0.0012153033167123,-1.5328403435432847e-08,0.9999448657035828,0.0033718007616698,-0.0099466694518923,-5.071507303000544e-08,0.9999794960021972,-0.0040251198224723,-0.0049856980331242,7.213249375581654e-08
1900-01-01 11:21:01.879984,-0.0289306640625,-0.06396484375,-0.9990234375,0.0,0.7621951103210449,0.1371951252222061,-0.0343017578125,-0.1082763671875,1.011474609375,0.4115853607654571,-0.1371951252222061,0.0,0.029052734375,-0.006103515625,1.0279541015625,0.3658536672592163,0.2743902504444122,0.1067073196172714,0.9999990463256836,-0.0007205111323855,0.0012153033167123,-1.5328403435432847e-08,0.9999448657035828,0.0033718007616698,-0.0099466694518923,-5.071507303000544e-08,0.9999794960021972,-0.0040251198224723,-0.0049856980331242,7.213249375581654e-08
1900-01-01 11:21:01.896068,-0.028076171875,-0.0675048828125,-0.997314453125,-0.1829268336296081,0.4420731663703918,-0.0762195140123367,-0.0325927734375,-0.1092529296875,1.008544921875,0.4115853607654571,-0.1371951252222061,0.0,0.0322265625,-0.0076904296875,1.0301513671875,0.3048780560493469,0.3506097495555877,0.0609756112098693,0.9999990463256836,-0.0007205111323855,0.0012153033167123,-1.5328403435432847e-08,0.9999448657035828,0.0033718007616698,-0.0099466694518923,-5.071507303000544e-08,0.9999794960021972,-0.0040251198224723,-0.0049856980331242,7.213249375581654e-08
1900-01-01 11:21:01.896154,-0.028076171875,-0.0673828125,-0.9954833984375,0.2591463327407837,0.5640243887901306,-0.091463416814804,-0.0325927734375,-0.1092529296875,1.008544921875,0.4115853607654571,-0.1371951252222061,0.0,0.0322265625,-0.0076904296875,1.0301513671875,0.3048780560493469,0.3506097495555877,0.0609756112098693,0.9999990463256836,-0.0007205111323855,0.0012153033167123,-1.5328403435432847e-08,0.9999448657035828,0.0033718007616698,-0.0099466694518923,-5.071507303000544e-08,0.9999794960021972,-0.0040251198224723,-0.0049856980331242,7.213249375581654e-08
1900-01-01 11:21:01.919769,-0.028076171875,-0.062255859375,-0.995849609375,0.0152439028024673,0.625,0.1219512224197387,-0.034423828125,-0.107177734375,1.0054931640625,0.4573170840740204,0.3658536672592163,-0.1219512224197387,0.0328369140625,-0.0096435546875,1.0279541015625,0.3201219439506531,0.2591463327407837,0.1524390280246734,0.9999990463256836,-0.0007205111323855,0.0012153033167123,-1.5328403435432847e-08,0.9999448657035828,0.0033718007616698,-0.0099466694518923,-5.071507303000544e-08,0.9999794960021972,-0.0040251198224723,-0.0049856980331242,7.213249375581654e-08
1900-01-01 11:21:01.921142,-0.029541015625,-0.062744140625,-0.9986572265625,0.0609756112098693,0.6402438879013062,0.3353658616542816,-0.033203125,-0.1083984375,1.0093994140625,0.4573170840740204,-0.5945122241973877,-0.1219512224197387,0.0325927734375,-0.0081787109375,1.027587890625,0.3810975551605224,0.4115853607654571,0.2896341383457184,0.9999990463256836,-0.0007205111323855,0.0012153033167123,-1.5328403435432847e-08,0.9999448657035828,0.0033718007616698,-0.0099466694518923,-5.071507303000544e-08,0.9999794960021972,-0.0040251198224723,-0.0049856980331242,7.213249375581654e-08
1900-01-01 11:21:01.921301,-0.0294189453125,-0.064208984375,-0.9974365234375,0.1524390280246734,0.5335366129875183,0.091463416814804,-0.033203125,-0.1083984375,1.0093994140625,0.4573170840740204,-0.5945122241973877,-0.1219512224197387,0.0325927734375,-0.0081787109375,1.027587890625,0.3810975551605224,0.4115853607654571,0.2896341383457184,0.9999990463256836,-0.0007205111323855,0.0012153033167123,-1.5328403435432847e-08,0.9999448657035828,0.0033718007616698,-0.0099466694518923,-5.071507303000544e-08,0.9999794960021972,-0.0040251198224723,-0.0049856980331242,7.213249375581654e-08
1900-01-01 11:21:01.921673,-0.0283203125,-0.0648193359375,-0.9947509765625,0.1676829308271408,0.625,0.1067073196172714,-0.0328369140625,-0.1107177734375,1.006591796875,0.0609756112098693,0.960365891456604,0.0152439028024673,0.0325927734375,-0.0081787109375,1.027587890625,0.3810975551605224,0.4115853607654571,0.2896341383457184,0.9999990463256836,-0.0007205111323855,0.0012153033167123,-1.5328403435432847e-08,0.9999448657035828,0.0033718007616698,-0.0099466694518923,-5.071507303000544e-08,0.9999794960021972,-0.0040251198224723,-0.0049856980331242,7.213249375581654e-08
1900-01-01 11:21:01.922358,-0.0277099609375,-0.06591796875,-0.9949951171875,0.2134146392345428,0.4268292784690857,0.1067073196172714,-0.0357666015625,-0.1094970703125,1.00439453125,0.0609756112098693,0.960365891456604,0.0152439028024673,0.0325927734375,-0.0081787109375,1.027587890625,0.5030487775802612,0.396341472864151,0.1524390280246734,0.9999990463256836,-0.0007205111323855,0.0012153033167123,-1.5328403435432847e-08,0.9999448657035828,0.0033718007616698,-0.0099466694518923,-5.071507303000544e-08,0.9999794960021972,-0.0040251198224723,-0.0049856980331242,7.213249375581654e-08
1900-01-01 11:21:01.922705,-0.026611328125,-0.064208984375,-0.9967041015625,0.1829268336296081,0.5335366129875183,-0.045731708407402,-0.0357666015625,-0.1094970703125,1.00439453125,0.0609756112098693,0.960365891456604,0.0152439028024673,0.0294189453125,-0.0067138671875,1.0277099609375,0.5335366129875183,0.3201219439506531,0.1067073196172714,0.9999990463256836,-0.0007205111323855,0.0012153033167123,-1.5328403435432847e-08,0.9999448657035828,0.0033718007616698,-0.0099466694518923,-5.071507303000544e-08,0.9999794960021972,-0.0040251198224723,-0.0049856980331242,7.213249375581654e-08
1900-01-01 11:21:01.923180,-0.0281982421875,-0.0640869140625,-0.995361328125,0.045731708407402,0.7774390578269958,-0.1371951252222061,-0.0357666015625,-0.1094970703125,1.00439453125,0.0304878056049346,-0.2591463327407837,-0.0304878056049346,0.0303955078125,-0.0064697265625,1.0272216796875,0.4725609719753265,0.4573170840740204,0.1067073196172714,0.9999990463256836,-0.0007205111323855,0.0012153033167123,-1.5328403435432847e-08,0.9999448657035828,0.0033718007616698,-0.0099466694518923,-5.071507303000544e-08,0.9999794960021972,-0.0040251198224723,-0.0049856980331242,7.213249375581654e-08
1900-01-01 11:21:01.923555,-0.0299072265625,-0.064697265625,-0.99609375,0.0609756112098693,0.5335366129875183,0.045731708407402,-0.03515625,-0.109619140625,1.0101318359375,0.0304878056049346,-0.2591463327407837,-0.0304878056049346,0.032470703125,-0.0059814453125,1.0263671875,0.5030487775802612,0.3048780560493469,0.0609756112098693,0.9999990463256836,-0.0007205111323855,0.0012153033167123,-1.5328403435432847e-08,0.9999448657035828,0.0033718007616698,-0.0099466694518923,-5.071507303000544e-08,0.9999794960021972,-0.0040251198224723,-0.0049856980331242,7.213249375581654e-08
1900-01-01 11:21:01.924050,-0.029541015625,-0.0654296875,-0.9971923828125,0.1067073196172714,0.8384146690368652,-0.1829268336296081,-0.03369140625,-0.1083984375,1.010009765625,0.5335366129875183,-0.5945122241973877,-0.1067073196172714,0.0318603515625,-0.00732421875,1.02490234375,0.6707317233085632,0.1067073196172714,0.1829268336296081,0.9999990463256836,-0.0007205111323855,0.0012153033167123,-1.5328403435432847e-08,0.9999448657035828,0.0033718007616698,-0.0099466694518923,-5.071507303000544e-08,0.9999794960021972,-0.0040251198224723,-0.0049856980331242,7.213249375581654e-08
1900-01-01 11:21:01.924569,-0.0294189453125,-0.0640869140625,-0.9957275390625,-0.0762195140123367,0.5945122241973877,0.091463416814804,-0.03369140625,-0.1083984375,1.010009765625,0.1829268336296081,0.3048780560493469,0.045731708407402,0.0318603515625,-0.00732421875,1.02490234375,0.5030487775802612,0.1829268336296081,0.3353658616542816,0.9999990463256836,-0.0007205111323855,0.0012153033167123,-1.5328403435432847e-08,0.9999448657035828,0.0033718007616698,-0.0099466694518923,-5.071507303000544e-08,0.9999794960021972,-0.0040251198224723,-0.0049856980331242,7.213249375581654e-08
1900-01-01 11:21:01.925186,-0.0277099609375,-0.063232421875,-0.994873046875,-0.0152439028024673,0.4115853607654571,0.1067073196172714,-0.0347900390625,-0.106201171875,1.0045166015625,0.091463416814804,0.5030487775802612,-0.1829268336296081,0.0303955078125,-0.00732421875,1.0272216796875,0.4268292784690857,0.2591463327407837,0.0304878056049346,0.9999990463256836,-0.0007205111323855,0.0012153033167123,-1.5328403435432847e-08,0.9999448657035828,0.0033718007616698,-0.0099466694518923,-5.071507303000544e-08,0.9999794960021972,-0.0040251198224723,-0.0049856980331242,7.213249375581654e-08
1900-01-01 11:21:01.925513,-0.0263671875,-0.0623779296875,-0.9962158203125,0.1524390280246734,0.6554878354072571,-0.1067073196172714,-0.0347900390625,-0.106201171875,1.0045166015625,0.091463416814804,0.5030487775802612,-0.1829268336296081,0.0325927734375,-0.006103515625,1.0281982421875,0.6707317233085632,0.5030487775802612,0.3658536672592163,0.9999990463256836,-0.0007205111323855,0.0012153033167123,-1.5328403435432847e-08,0.9999448657035828,0.0033718007616698,-0.0099466694518923,-5.071507303000544e-08,0.9999794960021972,-0.0040251198224723,-0.0049856980331242,7.213249375581654e-08
1900-01-01 11:21:01.925931,-0.025634765625,-0.064453125,-0.9970703125,0.3353658616542816,0.3506097495555877,0.0609756112098693,-0.0347900390625,-0.106201171875,1.0045166015625,0.091463416814804,0.5030487775802612,-0.1829268336296081,0.033203125,-0.0064697265625,1.0263671875,0.625,0.4878048896789551,0.1219512224197387,0.9999990463256836,-0.0007205111323855,0.0012153033167123,-1.5328403435432847e-08,0.9999448657035828,0.0033718007616698,-0.0099466694518923,-5.071507303000544e-08,0.9999794960021972,-0.0040251198224723,-0.0049856980331242,7.213249375581654e-08
1900-01-01 11:21:01.926420,-0.029052734375,-0.064697265625,-0.9967041015625,0.5487805008888245,0.625,0.091463416814804,-0.0321044921875,-0.108642578125,1.00927734375,0.4268292784690857,-0.2134146392345428,-0.3048780560493469,0.0321044921875,-0.0072021484375,1.0255126953125,0.5030487775802612,0.3048780560493469,0.0762195140123367,0.9999990463256836,-0.0007205111323855,0.0012153033167123,-1.5328403435432847e-08,0.9999448657035828,0.0033718007616698,-0.0099466694518923,-5.071507303000544e-08,0.9999794960021972,-0.0040251198224723,-0.0049856980331242,7.213249375581654e-08
1900-01-01 11:21:01.926813,-0.0291748046875,-0.0654296875,-0.994384765625,0.1067073196172714,0.3658536672592163,0.2286585420370102,-0.0352783203125,-0.1083984375,1.00634765625,0.1371951252222061,-0.1371951252222061,-0.1829268336296081,0.030517578125,-0.00634765625,1.024658203125,0.5487805008888245,0.0762195140123367,0.2439024448394775,0.9999990463256836,-0.0007205111323855,0.0012153033167123,-1.5328403435432847e-08,0.9999448657035828,0.0033718007616698,-0.0099466694518923,-5.071507303000544e-08,0.9999794960021972,-0.0040251198224723,-0.0049856980331242,7.213249375581654e-08
1900-01-01 11:21:01.927116,-0.0294189453125,-0.06591796875,-0.9951171875,-0.045731708407402,0.4878048896789551,-0.0304878056049346,-0.0352783203125,-0.1083984375,1.00634765625,0.1371951252222061,-0.1371951252222061,-0.1829268336296081,0.0284423828125,-0.0076904296875,1.0257568359375,0.5640243887901306,0.0609756112098693,-0.0152439028024673,0.9999990463256836,-0.0007205111323855,0.0012153033167123,-1.5328403435432847e-08,0.9999448657035828,0.0033718007616698,-0.0099466694518923,-5.071507303000544e-08,0.9999794960021972,-0.0040251198224723,-0.0049856980331242,7.213249375581654e-08
1900-01-01 11:21:01.927349,-0.0277099609375,-0.064208984375,-0.997314453125,0.2743902504444122,0.6402438879013062,0.091463416814804,-0.0352783203125,-0.1083984375,1.00634765625,0.1371951252222061,-0.1371951252222061,-0.1829268336296081,0.0296630859375,-0.0086669921875,1.0289306640625,0.3810975551605224,0.1219512224197387,0.2286585420370102,0.9999990463256836,-0.0007205111323855,0.0012153033167123,-1.5328403435432847e-08,0.9999448657035828,0.0033718007616698,-0.0099466694518923,-5.071507303000544e-08,0.9999794960021972,-0.0040251198224723,-0.0049856980331242,7.213249375581654e-08
1900-01-01 11:21:01.927812,-0.0284423828125,-0.0653076171875,-0.9962158203125,0.2439024448394775,0.3048780560493469,-0.0762195140123367,-0.0350341796875,-0.10986328125,1.005126953125,0.396341472864151,-0.7317073345184326,-0.2439024448394775,0.0313720703125,-0.007080078125,1.0257568359375,0.5030487775802612,0.1829268336296081,0.1829268336296081,0.9999990463256836,-0.0007205111323855,0.0012153033167123,-1.5328403435432847e-08,0.9999448657035828,0.0033718007616698,-0.0099466694518923,-5.071507303000544e-08,0.9999794960021972,-0.0040251198224723,-0.0049856980331242,7.213249375581654e-08
1900-01-01 11:21:01.928233,-0.0286865234375,-0.06689453125,-0.9930419921875,0.091463416814804,0.3353658616542816,0.0304878056049346,-0.0303955078125,-0.1090087890625,1.008544921875,0.2743902504444122,-0.0152439028024673,-0.1219512224197387,0.03076171875,-0.0064697265625,1.0264892578125,0.5335366129875183,0.1829268336296081,0.2896341383457184,0.9999990463256836,-0.0007205111323855,0.0012153033167123,-1.5328403435432847e-08,0.9999448657035828,0.0033718007616698,-0.0099466694518923,-5.071507303000544e-08,0.9999794960021972,-0.0040251198224723,-0.0049856980331242,7.213249375581654e-08
1900-01-01 11:21:01.928563,-0.0260009765625,-0.06494140625,-0.99560546875,-0.045731708407402,0.5640243887901306,-0.2134146392345428,-0.0299072265625,-0.107666015625,1.0087890625,0.1676829308271408,0.6859756112098694,-0.1371951252222061,0.031982421875,-0.0078125,1.0294189453125,0.4878048896789551,0.1676829308271408,0.0152439028024673,0.9999990463256836,-0.0007205111323855,0.0012153033167123,-1.5328403435432847e-08,0.9999448657035828,0.0033718007616698,-0.0099466694518923,-5.071507303000544e-08,0.9999794960021972,-0.0040251198224723,-0.0049856980331242,7.213249375581654e-08
1900-01-01 11:21:01.928943,-0.0281982421875,-0.063720703125,-0.9957275390625,0.1219512224197387,0.3353658616542816,0.1981707364320755,-0.035400390625,-0.1070556640625,1.00927734375,0.1981707364320755,0.1524390280246734,-0.045731708407402,0.0303955078125,-0.0076904296875,1.0296630859375,0.4573170840740204,0.2134146392345428,0.0,0.9999990463256836,-0.0007205111323855,0.0012153033167123,-1.5328403435432847e-08,0.9999448657035828,0.0033718007616698,-0.0099466694518923,-5.071507303000544e-08,0.9999794960021972,-0.0040251198224723,-0.0049856980331242,7.213249375581654e-08
1900-01-01 11:21:01.929456,-0.0286865234375,-0.064453125,-0.9951171875,0.0304878056049346,0.6097561120986938,-0.1524390280246734,-0.0350341796875,-0.109375,1.0101318359375,0.1219512224197387,-0.0152439028024673,-0.0762195140123367,0.03076171875,-0.00830078125,1.025390625,0.5335366129875183,0.1219512224197387,0.2439024448394775,0.9999990463256836,-0.0007205111323855,0.0012153033167123,-1.5328403435432847e-08,0.9999448657035828,0.0033718007616698,-0.0099466694518923,-5.071507303000544e-08,0.9999794960021972,-0.0040251198224723,-0.0049856980331242,7.213249375581654e-08
1900-01-01 11:21:01.930099,-0.0313720703125,-0.0662841796875,-0.99609375,-0.045731708407402,0.3810975551605224,0.2134146392345428,-0.031982421875,-0.1080322265625,1.0074462890625,0.1524390280246734,-0.3658536672592163,-0.045731708407402,0.0328369140625,-0.0062255859375,1.0289306640625,0.5335366129875183,0.5640243887901306,-0.2286585420370102,0.9999990463256836,-0.0007205111323855,0.0012153033167123,-1.5328403435432847e-08,0.9999448657035828,0.0033718007616698,-0.0099466694518923,-5.071507303000544e-08,0.9999794960021972,-0.0040251198224723,-0.0049856980331242,7.213249375581654e-08
1900-01-01 11:21:01.941273,-0.029541015625,-0.06591796875,-0.9969482421875,0.1981707364320755,0.3658536672592163,-0.045731708407402,-0.0361328125,-0.109375,1.008544921875,0.1981707364320755,-0.6859756112098694,-0.1524390280246734,0.0328369140625,-0.0062255859375,1.0289306640625,0.3810975551605224,0.4268292784690857,0.2743902504444122,0.9999990463256836,-0.0007205111323855,0.0012153033167123,-1.5328403435432847e-08,0.9999448657035828,0.0033718007616698,-0.0099466694518923,-5.071507303000544e-08,0.9999794960021972,-0.0040251198224723,-0.0049856980331242,7.213249375581654e-08
1900-01-01 11:21:01.948286,-0.0299072265625,-0.0662841796875,-0.9954833984375,0.1676829308271408,0.2896341383457184,0.0304878056049346,-0.0330810546875,-0.1097412109375,1.0118408203125,0.2743902504444122,0.3201219439506531,-0.0152439028024673,0.03076171875,-0.006103515625,1.0269775390625,0.5792682766914368,0.5335366129875183,0.1676829308271408,0.9999990463256836,-0.0007205111323855,0.0012153033167123,-1.5328403435432847e-08,0.9999448657035828,0.0033718007616698,-0.0099466694518923,-5.071507303000544e-08,0.9999794960021972,-0.0040251198224723,-0.0049856980331242,7.213249375581654e-08
1900-01-01 11:21:01.957301,-0.028564453125,-0.06396484375,-0.9967041015625,0.1981707364320755,0.6859756112098694,-0.0762195140123367,-0.03271484375,-0.106689453125,1.0091552734375,0.1524390280246734,0.7012194991111755,-0.091463416814804,0.0321044921875,-0.0068359375,1.0281982421875,0.4115853607654571,0.1829268336296081,0.1829268336296081,0.9999990463256836,-0.0007205111323855,0.0012153033167123,-1.5328403435432847e-08,0.9999448657035828,0.0033718007616698,-0.0099466694518923,-5.071507303000544e-08,0.9999794960021972,-0.0040251198224723,-0.0049856980331242,7.213249375581654e-08
1900-01-01 11:21:01.976305,-0.0286865234375,-0.06396484375,-0.9969482421875,0.0,0.5182926654815674,-0.1524390280246734,-0.034912109375,-0.1083984375,1.004150390625,0.1524390280246734,-0.3353658616542816,-0.1067073196172714,0.030029296875,-0.0072021484375,1.0274658203125,0.6097561120986938,0.4573170840740204,0.091463416814804,0.9999990463256836,-0.0007205111323855,0.0012153033167123,-1.5328403435432847e-08,0.9999448657035828,0.0033718007616698,-0.0099466694518923,-5.071507303000544e-08,0.9999794960021972,-0.0040251198224723,-0.0049856980331242,7.213249375581654e-08
1900-01-01 11:21:01.976449,-0.029052734375,-0.06298828125,-0.9969482421875,-0.0152439028024673,0.7012194991111755,-0.0609756112098693,-0.034912109375,-0.1083984375,1.004150390625,0.1524390280246734,-0.3353658616542816,-0.1067073196172714,0.030029296875,-0.0072021484375,1.0274658203125,0.6097561120986938,0.4573170840740204,0.091463416814804,0.9999990463256836,-0.0007205111323855,0.0012153033167123,-1.5328403435432847e-08,0.9999448657035828,0.0033718007616698,-0.0099466694518923,-5.071507303000544e-08,0.9999794960021972,-0.0040251198224723,-0.0049856980331242,7.213249375581654e-08
1900-01-01 11:21:01.985309,-0.028076171875,-0.064453125,-0.9945068359375,-0.1829268336296081,0.4268292784690857,0.0609756112098693,-0.034912109375,-0.1083984375,1.004150390625,0.1524390280246734,-0.3353658616542816,-0.1067073196172714,0.030029296875,-0.0072021484375,1.0274658203125,0.6097561120986938,0.4573170840740204,0.091463416814804,0.9999990463256836,-0.0007205111323855,0.0012153033167123,-1.5328403435432847e-08,0.9999448657035828,0.0033718007616698,-0.0099466694518923,-5.071507303000544e-08,0.9999794960021972,-0.0040251198224723,-0.0049856980331242,7.213249375581654e-08
1900-01-01 11:21:01.992573,-0.027587890625,-0.063232421875,-0.994384765625,0.0304878056049346,0.6554878354072571,-0.2743902504444122,-0.0311279296875,-0.1080322265625,1.0081787109375,-0.0609756112098693,0.1829268336296081,-0.1829268336296081,0.0294189453125,-0.00634765625,1.02587890625,0.5030487775802612,0.2896341383457184,0.1524390280246734,0.9999990463256836,-0.0007205111323855,0.0012153033167123,-1.5328403435432847e-08,0.9999448657035828,0.0033718007616698,-0.0099466694518923,-5.071507303000544e-08,0.9999794960021972,-0.0040251198224723,-0.0049856980331242,7.213249375581654e-08
1900-01-01 11:21:02.010308,-0.02783203125,-0.062744140625,-0.99609375,-0.0152439028024673,0.6859756112098694,-0.1067073196172714,-0.0350341796875,-0.1082763671875,1.0042724609375,0.3353658616542816,-0.4420731663703918,-0.2591463327407837,0.031005859375,-0.0078125,1.0272216796875,0.5792682766914368,0.3353658616542816,0.0762195140123367,0.9999990463256836,-0.0007205111323855,0.0012153033167123,-1.5328403435432847e-08,0.9999448657035828,0.0033718007616698,-0.0099466694518923,-5.071507303000544e-08,0.9999794960021972,-0.0040251198224723,-0.0049856980331242,7.213249375581654e-08
1900-01-01 11:21:02.019386,-0.026611328125,-0.0655517578125,-0.9974365234375,-0.1981707364320755,0.5640243887901306,-0.2134146392345428,-0.03466796875,-0.107666015625,1.0084228515625,0.4573170840740204,-0.1981707364320755,-0.1371951252222061,0.02978515625,-0.0074462890625,1.0286865234375,0.5792682766914368,0.3353658616542816,0.0762195140123367,0.9999990463256836,-0.0007205111323855,0.0012153033167123,-1.5328403435432847e-08,0.9999448657035828,0.0033718007616698,-0.0099466694518923,-5.071507303000544e-08,0.9999794960021972,-0.0040251198224723,-0.0049856980331242,7.213249375581654e-08
1900-01-01 11:21:02.028379,-0.0283203125,-0.06494140625,-0.9952392578125,0.4115853607654571,0.4420731663703918,0.045731708407402,-0.03125,-0.107666015625,1.010009765625,0.1219512224197387,0.6859756112098694,-0.1829268336296081,0.02978515625,-0.0074462890625,1.0286865234375,0.4725609719753265,0.3506097495555877,0.2439024448394775,0.9999990463256836,-0.0007205111323855,0.0012153033167123,-1.5328403435432847e-08,0.9999448657035828,0.0033718007616698,-0.0099466694518923,-5.071507303000544e-08,0.9999794960021972,-0.0040251198224723,-0.0049856980331242,7.213249375581654e-08
1900-01-01 11:21:02.046088,-0.0299072265625,-0.06494140625,-0.99560546875,0.1067073196172714,0.625,-0.045731708407402,-0.03125,-0.107666015625,1.010009765625,0.1219512224197387,0.6859756112098694,-0.1829268336296081,0.0313720703125,-0.0067138671875,1.0281982421875,0.4725609719753265,0.3506097495555877,0.2439024448394775,0.9999990463256836,-0.0007205111323855,0.0012153033167123,-1.5328403435432847e-08,0.9999448657035828,0.0033718007616698,-0.0099466694518923,-5.071507303000544e-08,0.9999794960021972,-0.0040251198224723,-0.0049856980331242,7.213249375581654e-08
1900-01-01 11:21:02.046805,-0.0284423828125,-0.0635986328125,-0.99609375,-0.0304878056049346,0.6097561120986938,-0.1219512224197387,-0.034912109375,-0.109375,1.00830078125,0.1219512224197387,0.6859756112098694,-0.1829268336296081,0.0313720703125,-0.0067138671875,1.0281982421875,0.5335366129875183,0.3658536672592163,0.0762195140123367,0.9999990463256836,-0.0007205111323855,0.0012153033167123,-1.5328403435432847e-08,0.9999448657035828,0.0033718007616698,-0.0099466694518923,-5.071507303000544e-08,0.9999794960021972,-0.0040251198224723,-0.0049856980331242,7.213249375581654e-08
1900-01-01 11:21:02.068788,-0.02783203125,-0.0650634765625,-0.9964599609375,0.1524390280246734,0.4878048896789551,-0.1067073196172714,-0.03564453125,-0.1080322265625,1.0057373046875,0.3353658616542816,0.3810975551605224,-0.1981707364320755,0.0316162109375,-0.0059814453125,1.02587890625,0.2896341383457184,0.3810975551605224,0.2286585420370102,0.9999990463256836,-0.0007205111323855,0.0012153033167123,-1.5328403435432847e-08,0.9999448657035828,0.0033718007616698,-0.0099466694518923,-5.071507303000544e-08,0.9999794960021972,-0.0040251198224723,-0.0049856980331242,7.213249375581654e-08
1900-01-01 11:21:02.090002,-0.029052734375,-0.0643310546875,-0.99609375,0.1829268336296081,0.4573170840740204,-0.045731708407402,-0.03466796875,-0.1077880859375,1.0096435546875,0.0152439028024673,-0.1676829308271408,-0.0152439028024673,0.0316162109375,-0.0054931640625,1.0267333984375,0.6097561120986938,0.3810975551605224,0.2439024448394775,0.9999990463256836,-0.0007205111323855,0.0012153033167123,-1.5328403435432847e-08,0.9999448657035828,0.0033718007616698,-0.0099466694518923,-5.071507303000544e-08,0.9999794960021972,-0.0040251198224723,-0.0049856980331242,7.213249375581654e-08
1900-01-01 11:21:02.095692,-0.02734375,-0.065185546875,-0.9957275390625,-0.1371951252222061,0.5335366129875183,-0.1981707364320755,-0.0308837890625,-0.10888671875,1.009765625,0.4725609719753265,0.3506097495555877,-0.0304878056049346,0.031005859375,-0.0059814453125,1.0281982421875,0.4268292784690857,0.2743902504444122,-0.0609756112098693,0.9999990463256836,-0.0007205111323855,0.0012153033167123,-1.5328403435432847e-08,0.9999448657035828,0.0033718007616698,-0.0099466694518923,-5.071507303000544e-08,0.9999794960021972,-0.0040251198224723,-0.0049856980331242,7.213249375581654e-08
1900-01-01 11:21:02.117507,-0.02783203125,-0.0654296875,-0.998779296875,0.1067073196172714,0.5792682766914368,0.0152439028024673,-0.033203125,-0.1077880859375,1.0018310546875,0.2286585420370102,-0.045731708407402,-0.1676829308271408,0.031005859375,-0.00830078125,1.0281982421875,0.5640243887901306,0.2743902504444122,0.2134146392345428,0.9999990463256836,-0.0007205111323855,0.0012153033167123,-1.5328403435432847e-08,0.9999448657035828,0.0033718007616698,-0.0099466694518923,-5.071507303000544e-08,0.9999794960021972,-0.0040251198224723,-0.0049856980331242,7.213249375581654e-08
1900-01-01 11:21:02.123652,-0.0299072265625,-0.06640625,-0.996337890625,-0.0762195140123367,0.960365891456604,-0.045731708407402,-0.033203125,-0.1077880859375,1.0018310546875,0.2286585420370102,-0.045731708407402,-0.1676829308271408,0.0311279296875,-0.0069580078125,1.026611328125,0.4725609719753265,0.4420731663703918,0.3048780560493469,0.9999990463256836,-0.0007205111323855,0.0012153033167123,-1.5328403435432847e-08,0.9999448657035828,0.0033718007616698,-0.0099466694518923,-5.071507303000544e-08,0.9999794960021972,-0.0040251198224723,-0.0049856980331242,7.213249375581654e-08
1900-01-01 11:21:02.170897,-0.0277099609375,-0.066162109375,-0.9927978515625,0.1371951252222061,0.6707317233085632,-0.2439024448394775,-0.0330810546875,-0.1077880859375,1.011474609375,0.396341472864151,-0.625,-0.1981707364320755,0.030517578125,-0.00732421875,1.0274658203125,0.6402438879013062,0.3810975551605224,0.2134146392345428,0.9999990463256836,-0.0007205111323855,0.0012153033167123,-1.5328403435432847e-08,0.9999448657035828,0.0033718007616698,-0.0099466694518923,-5.071507303000544e-08,0.9999794960021972,-0.0040251198224723,-0.0049856980331242,7.213249375581654e-08
1900-01-01 11:21:02.202791,-0.02734375,-0.0631103515625,-0.9949951171875,0.2591463327407837,0.7164634466171265,0.0609756112098693,-0.0330810546875,-0.1077880859375,1.011474609375,0.1371951252222061,0.2743902504444122,0.0609756112098693,0.03173828125,-0.0069580078125,1.0260009765625,0.4725609719753265,0.4725609719753265,0.0,0.9999990463256836,-0.0007205111323855,0.0012153033167123,-1.5328403435432847e-08,0.9999448657035828,0.0033718007616698,-0.0099466694518923,-5.071507303000544e-08,0.9999794960021972,-0.0040251198224723,-0.0049856980331242,7.213249375581654e-08
1900-01-01 11:21:02.223800,-0.0286865234375,-0.064208984375,-0.99609375,0.2134146392345428,0.6554878354072571,-0.2591463327407837,-0.03271484375,-0.108154296875,1.00732421875,0.1067073196172714,0.8231707215309143,0.1067073196172714,0.03173828125,-0.0069580078125,1.0260009765625,0.4725609719753265,0.1981707364320755,0.2439024448394775,0.9999990463256836,-0.0007205111323855,0.0012153033167123,-1.5328403435432847e-08,0.9999448657035828,0.0033718007616698,-0.0099466694518923,-5.071507303000544e-08,0.9999794960021972,-0.0040251198224723,-0.0049856980331242,7.213249375581654e-08
1900-01-01 11:21:02.224360,-0.0289306640625,-0.0654296875,-0.9964599609375,0.0609756112098693,0.4725609719753265,-0.091463416814804,-0.03271484375,-0.108154296875,1.00732421875,0.1067073196172714,0.8231707215309143,0.1067073196172714,0.0311279296875,-0.0068359375,1.0257568359375,0.3506097495555877,0.2286585420370102,0.1981707364320755,0.9999990463256836,-0.0007205111323855,0.0012153033167123,-1.5328403435432847e-08,0.9999448657035828,0.0033718007616698,-0.0099466694518923,-5.071507303000544e-08,0.9999794960021972,-0.0040251198224723,-0.0049856980331242,7.213249375581654e-08
1900-01-01 11:21:02.229786,-0.0284423828125,-0.0640869140625,-0.99609375,0.1829268336296081,0.5030487775802612,0.0152439028024673,-0.03271484375,-0.108154296875,1.00732421875,0.1067073196172714,0.8231707215309143,0.1067073196172714,0.0308837890625,-0.0059814453125,1.029296875,0.3506097495555877,0.2286585420370102,0.1981707364320755,0.9999990463256836,-0.0007205111323855,0.0012153033167123,-1.5328403435432847e-08,0.9999448657035828,0.0033718007616698,-0.0099466694518923,-5.071507303000544e-08,0.9999794960021972,-0.0040251198224723,-0.0049856980331242,7.213249375581654e-08
1900-01-01 11:21:02.235273,-0.0281982421875,-0.0640869140625,-0.9979248046875,0.045731708407402,0.6859756112098694,-0.045731708407402,-0.0372314453125,-0.1077880859375,1.0037841796875,0.1067073196172714,0.8231707215309143,0.1067073196172714,0.0308837890625,-0.0059814453125,1.029296875,0.4268292784690857,0.2743902504444122,0.1981707364320755,0.9999990463256836,-0.0007205111323855,0.0012153033167123,-1.5328403435432847e-08,0.9999448657035828,0.0033718007616698,-0.0099466694518923,-5.071507303000544e-08,0.9999794960021972,-0.0040251198224723,-0.0049856980331242,7.213249375581654e-08
1900-01-01 11:21:02.284721,-0.028564453125,-0.067138671875,-0.9967041015625,0.1524390280246734,0.396341472864151,0.0,-0.0328369140625,-0.1077880859375,1.0106201171875,0.3201219439506531,-0.3201219439506531,-0.1219512224197387,0.0306396484375,-0.0064697265625,1.0263671875,0.4878048896789551,0.2896341383457184,0.091463416814804,0.9999990463256836,-0.0007205111323855,0.0012153033167123,-1.5328403435432847e-08,0.9999448657035828,0.0033718007616698,-0.0099466694518923,-5.071507303000544e-08,0.9999794960021972,-0.0040251198224723,-0.0049856980331242,7.213249375581654e-08
1900-01-01 11:21:02.300582,-0.029296875,-0.0665283203125,-0.994873046875,0.1524390280246734,0.5945122241973877,0.0762195140123367,-0.0328369140625,-0.1077880859375,1.0106201171875,0.3201219439506531,-0.3201219439506531,-0.1219512224197387,0.0306396484375,-0.0064697265625,1.0263671875,0.5030487775802612,0.2591463327407837,0.2134146392345428,0.9999990463256836,-0.0007205111323855,0.0012153033167123,-1.5328403435432847e-08,0.9999448657035828,0.0033718007616698,-0.0099466694518923,-5.071507303000544e-08,0.9999794960021972,-0.0040251198224723,-0.0049856980331242,7.213249375581654e-08
1900-01-01 11:21:02.321855,-0.0262451171875,-0.0631103515625,-0.9954833984375,0.1524390280246734,0.3201219439506531,0.091463416814804,-0.0328369140625,-0.1077880859375,1.0106201171875,0.3201219439506531,-0.3201219439506531,-0.1219512224197387,0.0294189453125,-0.007568359375,1.0303955078125,0.5030487775802612,0.2591463327407837,0.2134146392345428,0.9999990463256836,-0.0007205111323855,0.0012153033167123,-1.5328403435432847e-08,0.9999448657035828,0.0033718007616698,-0.0099466694518923,-5.071507303000544e-08,0.9999794960021972,-0.0040251198224723,-0.0049856980331242,7.213249375581654e-08
1900-01-01 11:21:02.333490,-0.029296875,-0.0633544921875,-0.99951171875,0.0304878056049346,0.5792682766914368,-0.0609756112098693,-0.033935546875,-0.1082763671875,1.007568359375,0.0304878056049346,0.7774390578269958,-0.1371951252222061,0.0294189453125,-0.007568359375,1.0303955078125,0.6097561120986938,0.3201219439506531,0.1981707364320755,0.9999990463256836,-0.0007205111323855,0.0012153033167123,-1.5328403435432847e-08,0.9999448657035828,0.0033718007616698,-0.0099466694518923,-5.071507303000544e-08,0.9999794960021972,-0.0040251198224723,-0.0049856980331242,7.213249375581654e-08
1900-01-01 11:21:02.350366,-0.029052734375,-0.064453125,-0.9967041015625,-0.0762195140123367,0.3810975551605224,0.1524390280246734,-0.0369873046875,-0.1094970703125,1.0048828125,0.1067073196172714,0.6402438879013062,0.0152439028024673,0.03173828125,-0.0068359375,1.0269775390625,0.6859756112098694,0.2591463327407837,0.4115853607654571,0.9999990463256836,-0.0007205111323855,0.0012153033167123,-1.5328403435432847e-08,0.9999448657035828,0.0033718007616698,-0.0099466694518923,-5.071507303000544e-08,0.9999794960021972,-0.0040251198224723,-0.0049856980331242,7.213249375581654e-08
1900-01-01 11:21:02.376988,-0.0286865234375,-0.066162109375,-0.9969482421875,-0.3048780560493469,0.4115853607654571,0.045731708407402,-0.0369873046875,-0.1094970703125,1.0048828125,0.3658536672592163,-0.6859756112098694,-0.2134146392345428,0.033203125,-0.0084228515625,1.0264892578125,0.6859756112098694,0.2591463327407837,0.4115853607654571,0.9999990463256836,-0.0007205111323855,0.0012153033167123,-1.5328403435432847e-08,0.9999448657035828,0.0033718007616698,-0.0099466694518923,-5.071507303000544e-08,0.9999794960021972,-0.0040251198224723,-0.0049856980331242,7.213249375581654e-08
1900-01-01 11:21:02.392128,-0.0279541015625,-0.0665283203125,-0.993408203125,0.0,0.625,0.091463416814804,-0.0323486328125,-0.1080322265625,1.01123046875,0.091463416814804,-0.3353658616542816,-0.1524390280246734,0.03125,-0.008056640625,1.027099609375,0.5182926654815674,0.0609756112098693,0.1829268336296081,0.9999990463256836,-0.0007205111323855,0.0012153033167123,-1.5328403435432847e-08,0.9999448657035828,0.0033718007616698,-0.0099466694518923,-5.071507303000544e-08,0.9999794960021972,-0.0040251198224723,-0.0049856980331242,7.213249375581654e-08
1900-01-01 11:21:02.403154,-0.0264892578125,-0.0653076171875,-0.995849609375,0.045731708407402,0.5487805008888245,0.1829268336296081,-0.0323486328125,-0.1080322265625,1.01123046875,0.1371951252222061,0.6707317233085632,-0.1219512224197387,0.0301513671875,-0.0059814453125,1.0284423828125,0.5182926654815674,0.0609756112098693,0.1829268336296081,0.9999990463256836,-0.0007205111323855,0.0012153033167123,-1.5328403435432847e-08,0.9999448657035828,0.0033718007616698,-0.0099466694518923,-5.071507303000544e-08,0.9999794960021972,-0.0040251198224723,-0.0049856980331242,7.213249375581654e-08
1900-01-01 11:21:02.421189,-0.0272216796875,-0.0626220703125,-0.9937744140625,0.1371951252222061,0.5030487775802612,0.0609756112098693,-0.0341796875,-0.1080322265625,1.0048828125,0.3506097495555877,0.1524390280246734,-0.1981707364320755,0.0296630859375,-0.0054931640625,1.0224609375,0.4115853607654571,0.2591463327407837,0.1524390280246734,0.9999990463256836,-0.0007205111323855,0.0012153033167123,-1.5328403435432847e-08,0.9999448657035828,0.0033718007616698,-0.0099466694518923,-5.071507303000544e-08,0.9999794960021972,-0.0040251198224723,-0.0049856980331242,7.213249375581654e-08
1900-01-01 11:21:02.422025,-0.0303955078125,-0.0625,-0.9937744140625,0.1981707364320755,0.5030487775802612,-0.091463416814804,-0.032958984375,-0.109619140625,1.0108642578125,0.2439024448394775,-0.8536585569381714,-0.1371951252222061,0.029296875,-0.0072021484375,1.025634765625,0.396341472864151,0.3201219439506531,0.1829268336296081,0.9999990463256836,-0.0007205111323855,0.0012153033167123,-1.5328403435432847e-08,0.9999448657035828,0.0033718007616698,-0.0099466694518923,-5.071507303000544e-08,0.9999794960021972,-0.0040251198224723,-0.0049856980331242,7.213249375581654e-08
1900-01-01 11:21:02.422212,-0.029296875,-0.0635986328125,-0.9957275390625,0.045731708407402,0.4878048896789551,0.1067073196172714,-0.03271484375,-0.1080322265625,1.0106201171875,0.2743902504444122,0.1676829308271408,0.045731708407402,0.029296875,-0.0072021484375,1.025634765625,0.396341472864151,0.3201219439506531,0.1829268336296081,0.9999990463256836,-0.0007205111323855,0.0012153033167123,-1.5328403435432847e-08,0.9999448657035828,0.0033718007616698,-0.0099466694518923,-5.071507303000544e-08,0.9999794960021972,-0.0040251198224723,-0.0049856980331242,7.213249375581654e-08
1900-01-01 11:21:02.422394,-0.0299072265625,-0.064208984375,-0.9996337890625,0.0762195140123367,0.8079268336296082,0.0762195140123367,-0.03662109375,-0.1063232421875,1.006591796875,-0.045731708407402,0.8689024448394775,0.0,0.029296875,-0.0072021484375,1.025634765625,0.396341472864151,0.3201219439506531,0.1829268336296081,0.9999990463256836,-0.0007205111323855,0.0012153033167123,-1.5328403435432847e-08,0.9999448657035828,0.0033718007616698,-0.0099466694518923,-5.071507303000544e-08,0.9999794960021972,-0.0040251198224723,-0.0049856980331242,7.213249375581654e-08
1900-01-01 11:21:02.422787,-0.030029296875,-0.0665283203125,-0.992431640625,-0.091463416814804,0.3201219439506531,-0.1829268336296081,-0.0343017578125,-0.107421875,1.0059814453125,0.3810975551605224,-0.6097561120986938,-0.3048780560493469,0.029296875,-0.0072021484375,1.025634765625,0.396341472864151,0.3201219439506531,0.1829268336296081,0.9999990463256836,-0.0007205111323855,0.0012153033167123,-1.5328403435432847e-08,0.9999448657035828,0.0033718007616698,-0.0099466694518923,-5.071507303000544e-08,0.9999794960021972,-0.0040251198224723,-0.0049856980331242,7.213249375581654e-08
1900-01-01 11:21:02.423071,-0.0289306640625,-0.064208984375,-0.996826171875,0.2286585420370102,0.5182926654815674,-0.3201219439506531,-0.0303955078125,-0.1090087890625,1.0048828125,0.1676829308271408,0.091463416814804,-0.2896341383457184,0.0306396484375,-0.0074462890625,1.02783203125,0.5945122241973877,0.1829268336296081,0.1219512224197387,0.9999990463256836,-0.0007205111323855,0.0012153033167123,-1.5328403435432847e-08,0.9999448657035828,0.0033718007616698,-0.0099466694518923,-5.071507303000544e-08,0.9999794960021972,-0.0040251198224723,-0.0049856980331242,7.213249375581654e-08
1900-01-01 11:21:02.423813,-0.028076171875,-0.0670166015625,-1.0015869140625,0.3353658616542816,0.3810975551605224,0.0,-0.0369873046875,-0.1107177734375,1.003662109375,0.2134146392345428,-0.4725609719753265,-0.1067073196172714,0.0318603515625,-0.005859375,1.025634765625,0.396341472864151,0.3353658616542816,0.2591463327407837,0.9999990463256836,-0.0007205111323855,0.0012153033167123,-1.5328403435432847e-08,0.9999448657035828,0.0033718007616698,-0.0099466694518923,-5.071507303000544e-08,0.9999794960021972,-0.0040251198224723,-0.0049856980331242,7.213249375581654e-08
1900-01-01 11:21:02.424163,-0.02587890625,-0.0682373046875,-0.99658203125,-0.1067073196172714,0.4573170840740204,0.1371951252222061,-0.0323486328125,-0.10888671875,1.01220703125,0.2286585420370102,-0.6097561120986938,-0.1219512224197387,0.0318603515625,-0.005859375,1.025634765625,0.396341472864151,0.3353658616542816,0.2591463327407837,0.9999990463256836,-0.0007205111323855,0.0012153033167123,-1.5328403435432847e-08,0.9999448657035828,0.0033718007616698,-0.0099466694518923,-5.071507303000544e-08,0.9999794960021972,-0.0040251198224723,-0.0049856980331242,7.213249375581654e-08
1900-01-01 11:21:02.424466,-0.0264892578125,-0.0640869140625,-0.9935302734375,0.2134146392345428,0.7774390578269958,-0.1676829308271408,-0.033203125,-0.10888671875,1.006103515625,0.1524390280246734,0.9908536672592164,-0.0762195140123367,0.0306396484375,-0.0068359375,1.0279541015625,0.396341472864151,0.3353658616542816,0.2591463327407837,0.9999990463256836,-0.0007205111323855,0.0012153033167123,-1.5328403435432847e-08,0.9999448657035828,0.0033718007616698,-0.0099466694518923,-5.071507303000544e-08,0.9999794960021972,-0.0040251198224723,-0.0049856980331242,7.213249375581654e-08
1900-01-01 11:21:02.424737,-0.0255126953125,-0.0638427734375,-0.9967041015625,0.0304878056049346,0.8079268336296082,-0.2439024448394775,-0.033203125,-0.10888671875,1.006103515625,0.1524390280246734,0.9908536672592164,-0.0762195140123367,0.0321044921875,-0.008544921875,1.0316162109375,0.4115853607654571,0.2286585420370102,0.1371951252222061,0.9999990463256836,-0.0007205111323855,0.0012153033167123,-1.5328403435432847e-08,0.9999448657035828,0.0033718007616698,-0.0099466694518923,-5.071507303000544e-08,0.9999794960021972,-0.0040251198224723,-0.0049856980331242,7.213249375581654e-08
1900-01-01 11:21:02.425068,-0.0272216796875,-0.0653076171875,-0.9991455078125,0.2591463327407837,0.6097561120986938,0.0609756112098693,-0.03857421875,-0.1080322265625,1.0064697265625,0.1524390280246734,0.2134146392345428,0.045731708407402,0.0321044921875,-0.008544921875,1.0316162109375,0.5792682766914368,0.3506097495555877,0.1676829308271408,0.9999990463256836,-0.0007205111323855,0.0012153033167123,-1.5328403435432847e-08,0.9999448657035828,0.0033718007616698,-0.0099466694518923,-5.071507303000544e-08,0.9999794960021972,-0.0040251198224723,-0.0049856980331242,7.213249375581654e-08
1900-01-01 11:21:02.425339,-0.0296630859375,-0.0665283203125,-0.9945068359375,0.2591463327407837,0.6402438879013062,-0.0304878056049346,-0.03857421875,-0.1080322265625,1.0064697265625,0.1524390280246734,0.2134146392345428,0.045731708407402,0.0316162109375,-0.008544921875,1.026123046875,0.5335366129875183,0.1676829308271408,0.1981707364320755,0.9999990463256836,-0.0007205111323855,0.0012153033167123,-1.5328403435432847e-08,0.9999448657035828,0.0033718007616698,-0.0099466694518923,-5.071507303000544e-08,0.9999794960021972,-0.0040251198224723,-0.0049856980331242,7.213249375581654e-08
1900-01-01 11:21:02.425540,-0.0291748046875,-0.0640869140625,-0.9952392578125,0.1219512224197387,0.5792682766914368,-0.1219512224197387,-0.03857421875,-0.1080322265625,1.0064697265625,0.1524390280246734,0.2134146392345428,0.045731708407402,0.0302734375,-0.0081787109375,1.0257568359375,0.5030487775802612,0.3353658616542816,0.1371951252222061,0.9999990463256836,-0.0007205111323855,0.0012153033167123,-1.5328403435432847e-08,0.9999448657035828,0.0033718007616698,-0.0099466694518923,-5.071507303000544e-08,0.9999794960021972,-0.0040251198224723,-0.0049856980331242,7.213249375581654e-08
1900-01-01 11:21:02.426619,-0.0274658203125,-0.064208984375,-0.99658203125,0.0,0.5792682766914368,-0.1219512224197387,-0.0352783203125,-0.1092529296875,1.004150390625,0.1981707364320755,0.0304878056049346,-0.0762195140123367,0.0330810546875,-0.00634765625,1.0264892578125,0.5945122241973877,0.2439024448394775,0.1524390280246734,0.9999990463256836,-0.0007205111323855,0.0012153033167123,-1.5328403435432847e-08,0.9999448657035828,0.0033718007616698,-0.0099466694518923,-5.071507303000544e-08,0.9999794960021972,-0.0040251198224723,-0.0049856980331242,7.213249375581654e-08
1900-01-01 11:21:02.426897,-0.027099609375,-0.0648193359375,-0.9962158203125,0.0152439028024673,0.6859756112098694,-0.0609756112098693,-0.0341796875,-0.1058349609375,1.0078125,0.1981707364320755,0.0304878056049346,-0.0762195140123367,0.031982421875,-0.0064697265625,1.0274658203125,0.5945122241973877,0.2439024448394775,0.1524390280246734,0.9999990463256836,-0.0007205111323855,0.0012153033167123,-1.5328403435432847e-08,0.9999448657035828,0.0033718007616698,-0.0099466694518923,-5.071507303000544e-08,0.9999794960021972,-0.0040251198224723,-0.0049856980331242,7.213249375581654e-08
1900-01-01 11:21:02.427219,-0.0301513671875,-0.0634765625,-0.992431640625,0.1524390280246734,0.4268292784690857,-0.1371951252222061,-0.0302734375,-0.1083984375,1.01171875,0.4115853607654571,-1.0060975551605225,-0.091463416814804,0.031005859375,-0.0076904296875,1.0283203125,0.5792682766914368,0.3658536672592163,0.1067073196172714,0.9999990463256836,-0.0007205111323855,0.0012153033167123,-1.5328403435432847e-08,0.9999448657035828,0.0033718007616698,-0.0099466694518923,-5.071507303000544e-08,0.9999794960021972,-0.0040251198224723,-0.0049856980331242,7.213249375581654e-08
1900-01-01 11:21:02.427674,-0.0316162109375,-0.0645751953125,-0.99560546875,0.091463416814804,0.6402438879013062,0.091463416814804,-0.0330810546875,-0.1099853515625,1.00927734375,0.1219512224197387,1.2195122241973877,0.045731708407402,0.031494140625,-0.005859375,1.025390625,0.8536585569381714,0.2134146392345428,0.2286585420370102,0.9999990463256836,-0.0007205111323855,0.0012153033167123,-1.5328403435432847e-08,0.9999448657035828,0.0033718007616698,-0.0099466694518923,-5.071507303000544e-08,0.9999794960021972,-0.0040251198224723,-0.0049856980331242,7.213249375581654e-08
1900-01-01 11:21:02.427925,-0.028564453125,-0.0675048828125,-0.99853515625,0.0152439028024673,0.5335366129875183,0.0,-0.039794921875,-0.109130859375,1.0032958984375,0.1219512224197387,1.2195122241973877,0.045731708407402,0.031005859375,-0.00439453125,1.0260009765625,0.8536585569381714,0.2134146392345428,0.2286585420370102,0.9999990463256836,-0.0007205111323855,0.0012153033167123,-1.5328403435432847e-08,0.9999448657035828,0.0033718007616698,-0.0099466694518923,-5.071507303000544e-08,0.9999794960021972,-0.0040251198224723,-0.0049856980331242,7.213249375581654e-08
1900-01-01 11:21:02.430294,-0.0277099609375,-0.0667724609375,-0.9976806640625,0.2591463327407837,0.396341472864151,-0.045731708407402,-0.0323486328125,-0.1077880859375,1.009765625,0.1981707364320755,0.6859756112098694,0.0,0.0325927734375,-0.00830078125,1.0291748046875,0.6554878354072571,0.2896341383457184,0.2591463327407837,0.9999990463256836,-0.0007205111323855,0.0012153033167123,-1.5328403435432847e-08,0.9999448657035828,0.0033718007616698,-0.0099466694518923,-5.071507303000544e-08,0.9999794960021972,-0.0040251198224723,-0.0049856980331242,7.213249375581654e-08
1900-01-01 11:21:02.439315,-0.0267333984375,-0.0638427734375,-0.9957275390625,0.0609756112098693,0.7621951103210449,-0.045731708407402,-0.033935546875,-0.1064453125,1.0062255859375,0.0304878056049346,0.5030487775802612,-0.0152439028024673,0.0306396484375,-0.007568359375,1.0269775390625,0.5792682766914368,0.3810975551605224,0.1676829308271408,0.9999990463256836,-0.0007205111323855,0.0012153033167123,-1.5328403435432847e-08,0.9999448657035828,0.0033718007616698,-0.0099466694518923,-5.071507303000544e-08,0.9999794960021972,-0.0040251198224723,-0.0049856980331242,7.213249375581654e-08
1900-01-01 11:21:02.447401,-0.0247802734375,-0.0638427734375,-0.99462890625,-0.091463416814804,0.6859756112098694,-0.0762195140123367,-0.0321044921875,-0.106689453125,1.0048828125,0.5182926654815674,-1.0213414430618286,-0.1219512224197387,0.0308837890625,-0.00830078125,1.028076171875,0.5792682766914368,0.3810975551605224,0.1676829308271408,0.9999990463256836,-0.0007205111323855,0.0012153033167123,-1.5328403435432847e-08,0.9999448657035828,0.0033718007616698,-0.0099466694518923,-5.071507303000544e-08,0.9999794960021972,-0.0040251198224723,-0.0049856980331242,7.213249375581654e-08
1900-01-01 11:21:02.465371,-0.025634765625,-0.065673828125,-0.9971923828125,0.0609756112098693,0.9146341681480408,-0.0304878056049346,-0.02978515625,-0.10791015625,1.010009765625,0.5030487775802612,-0.2134146392345428,0.045731708407402,0.0318603515625,-0.0086669921875,1.0284423828125,0.6097561120986938,0.2896341383457184,0.1219512224197387,0.9999990463256836,-0.0007205111323855,0.0012153033167123,-1.5328403435432847e-08,0.9999448657035828,0.0033718007616698,-0.0099466694518923,-5.071507303000544e-08,0.9999794960021972,-0.0040251198224723,-0.0049856980331242,7.213249375581654e-08
1900-01-01 11:21:02.465581,-0.0279541015625,-0.064453125,-0.994873046875,-0.1219512224197387,0.6097561120986938,-0.1981707364320755,-0.02978515625,-0.10791015625,1.010009765625,0.5030487775802612,-0.2134146392345428,0.045731708407402,0.0318603515625,-0.0086669921875,1.0284423828125,0.6097561120986938,0.2896341383457184,0.1219512224197387,0.9999990463256836,-0.0007205111323855,0.0012153033167123,-1.5328403435432847e-08,0.9999448657035828,0.0033718007616698,-0.0099466694518923,-5.071507303000544e-08,0.9999794960021972,-0.0040251198224723,-0.0049856980331242,7.213249375581654e-08
1900-01-01 11:21:02.474446,-0.029052734375,-0.0660400390625,-0.995361328125,-0.091463416814804,0.396341472864151,-0.0152439028024673,-0.0318603515625,-0.107666015625,1.01025390625,0.5030487775802612,-0.2134146392345428,0.045731708407402,0.0306396484375,-0.0067138671875,1.02587890625,0.5030487775802612,0.3201219439506531,0.2896341383457184,0.9999990463256836,-0.0007205111323855,0.0012153033167123,-1.5328403435432847e-08,0.9999448657035828,0.0033718007616698,-0.0099466694518923,-5.071507303000544e-08,0.9999794960021972,-0.0040251198224723,-0.0049856980331242,7.213249375581654e-08
1900-01-01 11:21:02.482515,-0.02880859375,-0.0650634765625,-0.993896484375,-0.1524390280246734,0.4268292784690857,0.1219512224197387,-0.0352783203125,-0.1085205078125,1.005126953125,0.3048780560493469,0.045731708407402,-0.1219512224197387,0.0313720703125,-0.0059814453125,1.0267333984375,0.4878048896789551,0.1829268336296081,0.1219512224197387,0.9999990463256836,-0.0007205111323855,0.0012153033167123,-1.5328403435432847e-08,0.9999448657035828,0.0033718007616698,-0.0099466694518923,-5.071507303000544e-08,0.9999794960021972,-0.0040251198224723,-0.0049856980331242,7.213249375581654e-08
1900-01-01 11:21:02.500296,-0.0283203125,-0.0655517578125,-0.9974365234375,0.045731708407402,0.5792682766914368,-0.0152439028024673,-0.030029296875,-0.1099853515625,1.01025390625,0.0,0.2896341383457184,-0.0762195140123367,0.03173828125,-0.00732421875,1.0267333984375,0.4878048896789551,0.2439024448394775,0.3048780560493469,0.9999990463256836,-0.0007205111323855,0.0012153033167123,-1.5328403435432847e-08,0.9999448657035828,0.0033718007616698,-0.0099466694518923,-5.071507303000544e-08,0.9999794960021972,-0.0040251198224723,-0.0049856980331242,7.213249375581654e-08
1900-01-01 11:21:02.508284,-0.030029296875,-0.0643310546875,-0.99658203125,0.091463416814804,0.4878048896789551,0.045731708407402,-0.03173828125,-0.1092529296875,1.0076904296875,0.0609756112098693,0.5182926654815674,0.0762195140123367,0.0308837890625,-0.0069580078125,1.0281982421875,0.5487805008888245,0.1676829308271408,0.1524390280246734,0.9999990463256836,-0.0007205111323855,0.0012153033167123,-1.5328403435432847e-08,0.9999448657035828,0.0033718007616698,-0.0099466694518923,-5.071507303000544e-08,0.9999794960021972,-0.0040251198224723,-0.0049856980331242,7.213249375581654e-08
1900-01-01 11:21:02.518285,-0.030029296875,-0.0634765625,-0.99560546875,0.1676829308271408,0.5335366129875183,0.1067073196172714,-0.03564453125,-0.1103515625,1.0032958984375,0.1981707364320755,-0.1981707364320755,-0.0152439028024673,0.031494140625,-0.005615234375,1.0269775390625,0.4878048896789551,0.5487805008888245,0.2743902504444122,0.9999990463256836,-0.0007205111323855,0.0012153033167123,-1.5328403435432847e-08,0.9999448657035828,0.0033718007616698,-0.0099466694518923,-5.071507303000544e-08,0.9999794960021972,-0.0040251198224723,-0.0049856980331242,7.213249375581654e-08
1900-01-01 11:21:02.539710,-0.02880859375,-0.06396484375,-0.995361328125,0.1981707364320755,0.4268292784690857,0.091463416814804,-0.03466796875,-0.108642578125,1.005126953125,0.2896341383457184,-0.8689024448394775,-0.2591463327407837,0.0325927734375,-0.007080078125,1.0277099609375,0.5640243887901306,0.2286585420370102,0.1524390280246734,0.9999990463256836,-0.0007205111323855,0.0012153033167123,-1.5328403435432847e-08,0.9999448657035828,0.0033718007616698,-0.0099466694518923,-5.071507303000544e-08,0.9999794960021972,-0.0040251198224723,-0.0049856980331242,7.213249375581654e-08
1900-01-01 11:21:02.545393,-0.02783203125,-0.0643310546875,-0.9964599609375,0.3353658616542816,0.7469512224197388,0.1219512224197387,-0.03466796875,-0.108642578125,1.005126953125,0.2896341383457184,-0.8689024448394775,-0.2591463327407837,0.0306396484375,-0.0074462890625,1.0274658203125,0.7621951103210449,0.2439024448394775,0.1524390280246734,0.9999990463256836,-0.0007205111323855,0.0012153033167123,-1.5328403435432847e-08,0.9999448657035828,0.0033718007616698,-0.0099466694518923,-5.071507303000544e-08,0.9999794960021972,-0.0040251198224723,-0.0049856980331242,7.213249375581654e-08
1900-01-01 11:21:02.557878,-0.027587890625,-0.064208984375,-0.996337890625,-0.0152439028024673,0.7317073345184326,0.0,-0.03466796875,-0.108642578125,1.005126953125,0.2896341383457184,-0.8689024448394775,-0.2591463327407837,0.0299072265625,-0.00830078125,1.02685546875,0.7621951103210449,0.2439024448394775,0.1524390280246734,0.9999990463256836,-0.0007205111323855,0.0012153033167123,-1.5328403435432847e-08,0.9999448657035828,0.0033718007616698,-0.0099466694518923,-5.071507303000544e-08,0.9999794960021972,-0.0040251198224723,-0.0049856980331242,7.213249375581654e-08
1900-01-01 11:21:02.579985,-0.028076171875,-0.064697265625,-0.9932861328125,0.0609756112098693,0.5945122241973877,-0.1829268336296081,-0.03271484375,-0.1082763671875,1.0111083984375,0.2896341383457184,-0.8689024448394775,-0.2591463327407837,0.0322265625,-0.008056640625,1.0291748046875,0.5640243887901306,0.1219512224197387,0.1524390280246734,0.9999990463256836,-0.0007205111323855,0.0012153033167123,-1.5328403435432847e-08,0.9999448657035828,0.0033718007616698,-0.0099466694518923,-5.071507303000544e-08,0.9999794960021972,-0.0040251198224723,-0.0049856980331242,7.213249375581654e-08
1900-01-01 11:21:02.622863,-0.0277099609375,-0.0672607421875,-0.9971923828125,0.1829268336296081,0.6859756112098694,0.0,-0.03515625,-0.1070556640625,1.00732421875,0.091463416814804,-0.0304878056049346,-0.1371951252222061,0.03076171875,-0.00634765625,1.0274658203125,0.2286585420370102,0.4268292784690857,0.1371951252222061,0.9999990463256836,-0.0007205111323855,0.0012153033167123,-1.5328403435432847e-08,0.9999448657035828,0.0033718007616698,-0.0099466694518923,-5.071507303000544e-08,0.9999794960021972,-0.0040251198224723,-0.0049856980331242,7.213249375581654e-08
1900-01-01 11:21:02.622947,-0.0277099609375,-0.0648193359375,-0.9970703125,0.1981707364320755,0.7164634466171265,-0.045731708407402,-0.03515625,-0.1070556640625,1.00732421875,0.091463416814804,-0.0304878056049346,-0.1371951252222061,0.03076171875,-0.00634765625,1.0274658203125,0.2286585420370102,0.4268292784690857,0.1371951252222061,0.9999990463256836,-0.0007205111323855,0.0012153033167123,-1.5328403435432847e-08,0.9999448657035828,0.0033718007616698,-0.0099466694518923,-5.071507303000544e-08,0.9999794960021972,-0.0040251198224723,-0.0049856980331242,7.213249375581654e-08
1900-01-01 11:21:02.623800,-0.0294189453125,-0.0657958984375,-0.9935302734375,0.2286585420370102,0.625,-0.045731708407402,-0.03271484375,-0.108642578125,1.010986328125,0.2743902504444122,-0.3201219439506531,-0.2134146392345428,0.03076171875,-0.00634765625,1.0274658203125,0.5335366129875183,0.1829268336296081,0.045731708407402,0.9999990463256836,-0.0007205111323855,0.0012153033167123,-1.5328403435432847e-08,0.9999448657035828,0.0033718007616698,-0.0099466694518923,-5.071507303000544e-08,0.9999794960021972,-0.0040251198224723,-0.0049856980331242,7.213249375581654e-08
1900-01-01 11:21:02.639806,-0.0289306640625,-0.063232421875,-0.9932861328125,-0.3048780560493469,0.5030487775802612,0.1067073196172714,-0.0330810546875,-0.1090087890625,1.0081787109375,0.1981707364320755,0.5182926654815674,0.0,0.0311279296875,-0.0076904296875,1.0294189453125,0.5335366129875183,0.1829268336296081,0.045731708407402,0.9999990463256836,-0.0007205111323855,0.0012153033167123,-1.5328403435432847e-08,0.9999448657035828,0.0033718007616698,-0.0099466694518923,-5.071507303000544e-08,0.9999794960021972,-0.0040251198224723,-0.0049856980331242,7.213249375581654e-08
1900-01-01 11:21:02.698017,-0.029541015625,-0.0638427734375,-0.9974365234375,-0.091463416814804,0.7317073345184326,-0.1981707364320755,-0.0330810546875,-0.108642578125,1.0089111328125,0.3048780560493469,-0.396341472864151,-0.1219512224197387,0.032470703125,-0.0059814453125,1.0260009765625,0.5792682766914368,0.2743902504444122,0.1981707364320755,0.9999990463256836,-0.0007205111323855,0.0012153033167123,-1.5328403435432847e-08,0.9999448657035828,0.0033718007616698,-0.0099466694518923,-5.071507303000544e-08,0.9999794960021972,-0.0040251198224723,-0.0049856980331242,7.213249375581654e-08
1900-01-01 11:21:02.718744,-0.0308837890625,-0.0643310546875,-0.9954833984375,0.0,0.7164634466171265,0.045731708407402,-0.0330810546875,-0.108642578125,1.0089111328125,0.3048780560493469,-0.396341472864151,-0.1219512224197387,0.032470703125,-0.0059814453125,1.0260009765625,0.5792682766914368,0.2743902504444122,0.1981707364320755,0.9999990463256836,-0.0007205111323855,0.0012153033167123,-1.5328403435432847e-08,0.9999448657035828,0.0033718007616698,-0.0099466694518923,-5.071507303000544e-08,0.9999794960021972,-0.0040251198224723,-0.0049856980331242,7.213249375581654e-08
1900-01-01 11:21:02.745925,-0.0303955078125,-0.0653076171875,-0.99609375,0.2286585420370102,0.3506097495555877,0.0,-0.0330810546875,-0.108642578125,1.0089111328125,0.3048780560493469,-0.396341472864151,-0.1219512224197387,0.032470703125,-0.0059814453125,1.0260009765625,0.5792682766914368,0.2743902504444122,0.1981707364320755,0.9999990463256836,-0.0007205111323855,0.0012153033167123,-1.5328403435432847e-08,0.9999448657035828,0.0033718007616698,-0.0099466694518923,-5.071507303000544e-08,0.9999794960021972,-0.0040251198224723,-0.0049856980331242,7.213249375581654e-08
1900-01-01 11:21:02.751841,-0.0291748046875,-0.067626953125,-0.99755859375,0.0762195140123367,0.5182926654815674,-0.1067073196172714,-0.0322265625,-0.1090087890625,1.0081787109375,0.3353658616542816,0.396341472864151,0.2896341383457184,0.0322265625,-0.0096435546875,1.0289306640625,0.6402438879013062,0.3658536672592163,0.4573170840740204,0.9999990463256836,-0.0007205111323855,0.0012153033167123,-1.5328403435432847e-08,0.9999448657035828,0.0033718007616698,-0.0099466694518923,-5.071507303000544e-08,0.9999794960021972,-0.0040251198224723,-0.0049856980331242,7.213249375581654e-08
1900-01-01 11:21:02.752118,-0.02783203125,-0.065185546875,-0.998046875,0.4878048896789551,0.4420731663703918,-0.0152439028024673,-0.0322265625,-0.1090087890625,1.0081787109375,0.3353658616542816,0.396341472864151,0.2896341383457184,0.0313720703125,-0.009521484375,1.025146484375,0.6554878354072571,0.5792682766914368,0.045731708407402,0.9999990463256836,-0.0007205111323855,0.0012153033167123,-1.5328403435432847e-08,0.9999448657035828,0.0033718007616698,-0.0099466694518923,-5.071507303000544e-08,0.9999794960021972,-0.0040251198224723,-0.0049856980331242,7.213249375581654e-08
1900-01-01 11:21:02.769310,-0.0294189453125,-0.0653076171875,-0.9962158203125,0.4115853607654571,0.5335366129875183,0.0152439028024673,-0.036865234375,-0.1085205078125,1.0069580078125,0.3506097495555877,0.4725609719753265,-0.0304878056049346,0.0306396484375,-0.0076904296875,1.0281982421875,0.3353658616542816,0.1524390280246734,-0.0152439028024673,0.9999990463256836,-0.0007205111323855,0.0012153033167123,-1.5328403435432847e-08,0.9999448657035828,0.0033718007616698,-0.0099466694518923,-5.071507303000544e-08,0.9999794960021972,-0.0040251198224723,-0.0049856980331242,7.213249375581654e-08
1900-01-01 11:21:02.801107,-0.0283203125,-0.0645751953125,-0.994873046875,-0.1829268336296081,0.5182926654815674,-0.0609756112098693,-0.0328369140625,-0.1063232421875,1.0093994140625,0.1067073196172714,-0.7621951103210449,-0.2439024448394775,0.0306396484375,-0.0076904296875,1.0281982421875,0.3353658616542816,0.1524390280246734,-0.0152439028024673,0.9999990463256836,-0.0007205111323855,0.0012153033167123,-1.5328403435432847e-08,0.9999448657035828,0.0033718007616698,-0.0099466694518923,-5.071507303000544e-08,0.9999794960021972,-0.0040251198224723,-0.0049856980331242,7.213249375581654e-08
1900-01-01 11:21:02.827137,-0.0269775390625,-0.0662841796875,-0.998779296875,-0.1067073196172714,0.5640243887901306,0.0304878056049346,-0.032958984375,-0.1063232421875,1.0079345703125,0.3353658616542816,0.2896341383457184,-0.1524390280246734,0.03369140625,-0.0076904296875,1.028564453125,0.5030487775802612,0.5792682766914368,0.2134146392345428,0.9999990463256836,-0.0007205111323855,0.0012153033167123,-1.5328403435432847e-08,0.9999448657035828,0.0033718007616698,-0.0099466694518923,-5.071507303000544e-08,0.9999794960021972,-0.0040251198224723,-0.0049856980331242,7.213249375581654e-08
1900-01-01 11:21:02.827469,-0.02880859375,-0.0650634765625,-0.997802734375,0.1829268336296081,0.5335366129875183,0.1676829308271408,-0.03466796875,-0.1058349609375,1.0042724609375,0.3353658616542816,0.2896341383457184,-0.1524390280246734,0.03369140625,-0.0076904296875,1.028564453125,0.5030487775802612,0.5792682766914368,0.2134146392345428,0.9999990463256836,-0.0007205111323855,0.0012153033167123,-1.5328403435432847e-08,0.9999448657035828,0.0033718007616698,-0.0099466694518923,-5.071507303000544e-08,0.9999794960021972,-0.0040251198224723,-0.0049856980331242,7.213249375581654e-08
1900-01-01 11:21:02.838012,-0.0279541015625,-0.064697265625,-0.9967041015625,0.091463416814804,0.5030487775802612,0.0304878056049346,-0.03466796875,-0.1058349609375,1.0042724609375,0.3353658616542816,0.2896341383457184,-0.1524390280246734,0.03369140625,-0.0076904296875,1.028564453125,0.4878048896789551,0.2439024448394775,0.045731708407402,0.9999990463256836,-0.0007205111323855,0.0012153033167123,-1.5328403435432847e-08,0.9999448657035828,0.0033718007616698,-0.0099466694518923,-5.071507303000544e-08,0.9999794960021972,-0.0040251198224723,-0.0049856980331242,7.213249375581654e-08
1900-01-01 11:21:02.870081,-0.0286865234375,-0.0628662109375,-0.995849609375,-0.0152439028024673,0.6097561120986938,-0.0304878056049346,-0.0335693359375,-0.10693359375,1.0087890625,0.091463416814804,0.3506097495555877,-0.0609756112098693,0.0299072265625,-0.006591796875,1.026611328125,0.6402438879013062,0.2743902504444122,0.1981707364320755,0.9999990463256836,-0.0007205111323855,0.0012153033167123,-1.5328403435432847e-08,0.9999448657035828,0.0033718007616698,-0.0099466694518923,-5.071507303000544e-08,0.9999794960021972,-0.0040251198224723,-0.0049856980331242,7.213249375581654e-08
1900-01-01 11:21:02.924234,-0.02978515625,-0.0635986328125,-0.996337890625,0.091463416814804,0.7164634466171265,-0.2439024448394775,-0.0340576171875,-0.1085205078125,1.0079345703125,0.0762195140123367,-0.7164634466171265,-0.1219512224197387,0.03125,-0.0074462890625,1.0274658203125,0.6097561120986938,0.2743902504444122,0.3048780560493469,0.9999990463256836,-0.0007205111323855,0.0012153033167123,-1.5328403435432847e-08,0.9999448657035828,0.0033718007616698,-0.0099466694518923,-5.071507303000544e-08,0.9999794960021972,-0.0040251198224723,-0.0049856980331242,7.213249375581654e-08
1900-01-01 11:21:02.924697,-0.0284423828125,-0.063720703125,-0.9945068359375,0.1981707364320755,0.3810975551605224,-0.091463416814804,-0.03125,-0.109619140625,1.0113525390625,0.0762195140123367,-0.7164634466171265,-0.1219512224197387,0.0313720703125,-0.00732421875,1.0264892578125,0.2743902504444122,0.2743902504444122,0.2591463327407837,0.9999990463256836,-0.0007205111323855,0.0012153033167123,-1.5328403435432847e-08,0.9999448657035828,0.0033718007616698,-0.0099466694518923,-5.071507303000544e-08,0.9999794960021972,-0.0040251198224723,-0.0049856980331242,7.213249375581654e-08
1900-01-01 11:21:02.925045,-0.028076171875,-0.0628662109375,-0.993896484375,0.0152439028024673,0.4878048896789551,0.0762195140123367,-0.0323486328125,-0.1109619140625,1.0062255859375,0.1524390280246734,0.3810975551605224,0.0152439028024673,0.0316162109375,-0.0087890625,1.026611328125,0.4878048896789551,0.1981707364320755,0.0762195140123367,0.9999990463256836,-0.0007205111323855,0.0012153033167123,-1.5328403435432847e-08,0.9999448657035828,0.0033718007616698,-0.0099466694518923,-5.071507303000544e-08,0.9999794960021972,-0.0040251198224723,-0.0049856980331242,7.213249375581654e-08
1900-01-01 11:21:02.925412,-0.02880859375,-0.061279296875,-0.994384765625,0.091463416814804,0.625,0.1067073196172714,-0.033935546875,-0.11083984375,1.0084228515625,0.4115853607654571,-0.5030487775802612,-0.2591463327407837,0.0316162109375,-0.0087890625,1.026611328125,0.5487805008888245,0.5792682766914368,0.1829268336296081,0.9999990463256836,-0.0007205111323855,0.0012153033167123,-1.5328403435432847e-08,0.9999448657035828,0.0033718007616698,-0.0099466694518923,-5.071507303000544e-08,0.9999794960021972,-0.0040251198224723,-0.0049856980331242,7.213249375581654e-08
1900-01-01 11:21:02.926754,-0.028564453125,-0.06396484375,-0.9976806640625,0.1371951252222061,0.5030487775802612,0.0762195140123367,-0.0345458984375,-0.1060791015625,1.0096435546875,0.2743902504444122,0.1981707364320755,-0.2743902504444122,0.03125,-0.009033203125,1.0272216796875,0.5487805008888245,0.5792682766914368,0.1829268336296081,0.9999990463256836,-0.0007205111323855,0.0012153033167123,-1.5328403435432847e-08,0.9999448657035828,0.0033718007616698,-0.0099466694518923,-5.071507303000544e-08,0.9999794960021972,-0.0040251198224723,-0.0049856980331242,7.213249375581654e-08
1900-01-01 11:21:02.927271,-0.0281982421875,-0.0648193359375,-0.996826171875,0.045731708407402,0.8384146690368652,0.0,-0.0360107421875,-0.1080322265625,1.005615234375,0.091463416814804,-0.6707317233085632,-0.2134146392345428,0.0313720703125,-0.0076904296875,1.026123046875,0.4573170840740204,0.3048780560493469,0.1524390280246734,0.9999990463256836,-0.0007205111323855,0.0012153033167123,-1.5328403435432847e-08,0.9999448657035828,0.0033718007616698,-0.0099466694518923,-5.071507303000544e-08,0.9999794960021972,-0.0040251198224723,-0.0049856980331242,7.213249375581654e-08
1900-01-01 11:21:02.927383,-0.0277099609375,-0.065185546875,-0.9954833984375,-0.1067073196172714,0.5335366129875183,0.1067073196172714,-0.0360107421875,-0.1080322265625,1.005615234375,0.091463416814804,-0.6707317233085632,-0.2134146392345428,0.0313720703125,-0.0076904296875,1.026123046875,0.4573170840740204,0.3048780560493469,0.1524390280246734,0.9999990463256836,-0.0007205111323855,0.0012153033167123,-1.5328403435432847e-08,0.9999448657035828,0.0033718007616698,-0.0099466694518923,-5.071507303000544e-08,0.9999794960021972,-0.0040251198224723,-0.0049856980331242,7.213249375581654e-08
1900-01-01 11:21:02.927627,-0.0257568359375,-0.0643310546875,-0.9959716796875,-0.0152439028024673,0.6097561120986938,-0.045731708407402,-0.032958984375,-0.107177734375,1.008056640625,0.2134146392345428,0.045731708407402,-0.2439024448394775,0.0313720703125,-0.0076904296875,1.026123046875,0.4573170840740204,0.3048780560493469,0.1524390280246734,0.9999990463256836,-0.0007205111323855,0.0012153033167123,-1.5328403435432847e-08,0.9999448657035828,0.0033718007616698,-0.0099466694518923,-5.071507303000544e-08,0.9999794960021972,-0.0040251198224723,-0.0049856980331242,7.213249375581654e-08
1900-01-01 11:21:02.927826,-0.028076171875,-0.064453125,-0.9970703125,0.1829268336296081,0.5640243887901306,0.0304878056049346,-0.032958984375,-0.107177734375,1.008056640625,0.2134146392345428,0.045731708407402,-0.2439024448394775,0.031982421875,-0.00732421875,1.0274658203125,0.5335366129875183,0.2896341383457184,0.2286585420370102,0.9999990463256836,-0.0007205111323855,0.0012153033167123,-1.5328403435432847e-08,0.9999448657035828,0.0033718007616698,-0.0099466694518923,-5.071507303000544e-08,0.9999794960021972,-0.0040251198224723,-0.0049856980331242,7.213249375581654e-08
1900-01-01 11:21:02.928162,-0.028076171875,-0.06396484375,-0.994140625,0.1981707364320755,0.4573170840740204,0.0152439028024673,-0.0322265625,-0.107177734375,1.00830078125,0.2134146392345428,0.045731708407402,-0.2439024448394775,0.03125,-0.0068359375,1.0267333984375,0.6859756112098694,0.3810975551605224,0.2896341383457184,0.9999990463256836,-0.0007205111323855,0.0012153033167123,-1.5328403435432847e-08,0.9999448657035828,0.0033718007616698,-0.0099466694518923,-5.071507303000544e-08,0.9999794960021972,-0.0040251198224723,-0.0049856980331242,7.213249375581654e-08
1900-01-01 11:21:02.928492,-0.02880859375,-0.0655517578125,-0.993896484375,0.2439024448394775,0.6859756112098694,-0.0762195140123367,-0.0322265625,-0.107177734375,1.00830078125,0.2134146392345428,0.045731708407402,-0.2439024448394775,0.03173828125,-0.0067138671875,1.02587890625,0.4115853607654571,0.1981707364320755,0.1829268336296081,0.9999990463256836,-0.0007205111323855,0.0012153033167123,-1.5328403435432847e-08,0.9999448657035828,0.0033718007616698,-0.0099466694518923,-5.071507303000544e-08,0.9999794960021972,-0.0040251198224723,-0.0049856980331242,7.213249375581654e-08
1900-01-01 11:21:02.928946,-0.028564453125,-0.064208984375,-0.99560546875,0.0152439028024673,0.2439024448394775,-0.1219512224197387,-0.03369140625,-0.1083984375,1.005126953125,0.2439024448394775,-0.045731708407402,-0.1981707364320755,0.030517578125,-0.0081787109375,1.0279541015625,0.4115853607654571,0.1981707364320755,0.1829268336296081,0.9999990463256836,-0.0007205111323855,0.0012153033167123,-1.5328403435432847e-08,0.9999448657035828,0.0033718007616698,-0.0099466694518923,-5.071507303000544e-08,0.9999794960021972,-0.0040251198224723,-0.0049856980331242,7.213249375581654e-08
1900-01-01 11:21:02.929424,-0.028564453125,-0.0660400390625,-0.9967041015625,0.1829268336296081,0.5335366129875183,-0.091463416814804,-0.032958984375,-0.107666015625,1.009765625,0.2591463327407837,-0.2896341383457184,-0.1676829308271408,0.031494140625,-0.0074462890625,1.0267333984375,0.5030487775802612,0.1219512224197387,0.2896341383457184,0.9999990463256836,-0.0007205111323855,0.0012153033167123,-1.5328403435432847e-08,0.9999448657035828,0.0033718007616698,-0.0099466694518923,-5.071507303000544e-08,0.9999794960021972,-0.0040251198224723,-0.0049856980331242,7.213249375581654e-08
1900-01-01 11:21:02.929933,-0.0283203125,-0.063720703125,-0.9952392578125,0.0762195140123367,0.4115853607654571,-0.0304878056049346,-0.032958984375,-0.109130859375,1.004150390625,0.3810975551605224,0.5335366129875183,0.1067073196172714,0.03173828125,-0.00634765625,1.0244140625,0.3353658616542816,0.2743902504444122,0.2134146392345428,0.9999990463256836,-0.0007205111323855,0.0012153033167123,-1.5328403435432847e-08,0.9999448657035828,0.0033718007616698,-0.0099466694518923,-5.071507303000544e-08,0.9999794960021972,-0.0040251198224723,-0.0049856980331242,7.213249375581654e-08
1900-01-01 11:21:02.930244,-0.0286865234375,-0.063232421875,-0.9959716796875,-0.0304878056049346,0.4268292784690857,-0.0304878056049346,-0.032958984375,-0.109130859375,1.004150390625,0.3201219439506531,-0.0304878056049346,-0.0304878056049346,0.0311279296875,-0.004638671875,1.0291748046875,0.5945122241973877,0.4878048896789551,0.1829268336296081,0.9999990463256836,-0.0007205111323855,0.0012153033167123,-1.5328403435432847e-08,0.9999448657035828,0.0033718007616698,-0.0099466694518923,-5.071507303000544e-08,0.9999794960021972,-0.0040251198224723,-0.0049856980331242,7.213249375581654e-08
1900-01-01 11:21:02.930580,-0.0291748046875,-0.063232421875,-0.99755859375,0.2286585420370102,0.4725609719753265,0.1524390280246734,-0.0343017578125,-0.109375,1.0064697265625,0.3201219439506531,-0.3506097495555877,-0.2591463327407837,0.0306396484375,-0.0062255859375,1.0269775390625,0.6707317233085632,0.1371951252222061,-0.045731708407402,0.9999990463256836,-0.0007205111323855,0.0012153033167123,-1.5328403435432847e-08,0.9999448657035828,0.0033718007616698,-0.0099466694518923,-5.071507303000544e-08,0.9999794960021972,-0.0040251198224723,-0.0049856980331242,7.213249375581654e-08
1900-01-01 11:21:02.931106,-0.0301513671875,-0.0648193359375,-0.99609375,0.1981707364320755,0.8231707215309143,-0.1371951252222061,-0.0340576171875,-0.108154296875,1.0093994140625,0.2743902504444122,0.4573170840740204,-0.2286585420370102,0.0325927734375,-0.00927734375,1.0279541015625,0.2896341383457184,0.2743902504444122,0.2286585420370102,0.9999990463256836,-0.0007205111323855,0.0012153033167123,-1.5328403435432847e-08,0.9999448657035828,0.0033718007616698,-0.0099466694518923,-5.071507303000544e-08,0.9999794960021972,-0.0040251198224723,-0.0049856980331242,7.213249375581654e-08
1900-01-01 11:21:02.931699,-0.0308837890625,-0.06591796875,-0.99462890625,-0.1219512224197387,0.5335366129875183,-0.0152439028024673,-0.035400390625,-0.1070556640625,1.00830078125,0.3048780560493469,0.3658536672592163,-0.0609756112098693,0.0311279296875,-0.00927734375,1.0289306640625,0.4725609719753265,0.3353658616542816,0.1676829308271408,0.9999990463256836,-0.0007205111323855,0.0012153033167123,-1.5328403435432847e-08,0.9999448657035828,0.0033718007616698,-0.0099466694518923,-5.071507303000544e-08,0.9999794960021972,-0.0040251198224723,-0.0049856980331242,7.213249375581654e-08
1900-01-01 11:21:02.932055,-0.02880859375,-0.0654296875,-0.996337890625,0.0762195140123367,0.3506097495555877,-0.1981707364320755,-0.032958984375,-0.1068115234375,1.0107421875,0.5030487775802612,-0.2134146392345428,-0.1371951252222061,0.0311279296875,-0.00927734375,1.0289306640625,0.4268292784690857,0.1524390280246734,0.2286585420370102,0.9999990463256836,-0.0007205111323855,0.0012153033167123,-1.5328403435432847e-08,0.9999448657035828,0.0033718007616698,-0.0099466694518923,-5.071507303000544e-08,0.9999794960021972,-0.0040251198224723,-0.0049856980331242,7.213249375581654e-08
1900-01-01 11:21:02.932264,-0.02734375,-0.065673828125,-0.9974365234375,0.1371951252222061,0.5487805008888245,0.045731708407402,-0.03173828125,-0.1058349609375,1.014404296875,0.5030487775802612,-0.2134146392345428,-0.1371951252222061,0.0311279296875,-0.00927734375,1.0289306640625,0.4268292784690857,0.1524390280246734,0.2286585420370102,0.9999990463256836,-0.0007205111323855,0.0012153033167123,-1.5328403435432847e-08,0.9999448657035828,0.0033718007616698,-0.0099466694518923,-5.071507303000544e-08,0.9999794960021972,-0.0040251198224723,-0.0049856980331242,7.213249375581654e-08
1900-01-01 11:21:02.932434,-0.025634765625,-0.0665283203125,-0.9976806640625,0.3201219439506531,0.4725609719753265,0.045731708407402,-0.03173828125,-0.1058349609375,1.014404296875,0.2286585420370102,0.2896341383457184,-0.1371951252222061,0.0311279296875,-0.00927734375,1.0289306640625,0.4268292784690857,0.1524390280246734,0.2286585420370102,0.9999990463256836,-0.0007205111323855,0.0012153033167123,-1.5328403435432847e-08,0.9999448657035828,0.0033718007616698,-0.0099466694518923,-5.071507303000544e-08,0.9999794960021972,-0.0040251198224723,-0.0049856980331242,7.213249375581654e-08
1900-01-01 11:21:02.932546,-0.0245361328125,-0.066162109375,-0.997802734375,-0.0304878056049346,0.396341472864151,-0.0609756112098693,-0.03173828125,-0.1058349609375,1.014404296875,0.2286585420370102,0.2896341383457184,-0.1371951252222061,0.0311279296875,-0.00927734375,1.0289306640625,0.4268292784690857,0.1524390280246734,0.2286585420370102,0.9999990463256836,-0.0007205111323855,0.0012153033167123,-1.5328403435432847e-08,0.9999448657035828,0.0033718007616698,-0.0099466694518923,-5.071507303000544e-08,0.9999794960021972,-0.0040251198224723,-0.0049856980331242,7.213249375581654e-08
1900-01-01 11:21:02.937282,-0.0269775390625,-0.06591796875,-0.996337890625,0.0152439028024673,0.3353658616542816,-0.2591463327407837,-0.032958984375,-0.10546875,1.0072021484375,0.0152439028024673,0.1829268336296081,-0.0152439028024673,0.0311279296875,-0.00927734375,1.0289306640625,0.4268292784690857,0.1524390280246734,0.2286585420370102,0.9999990463256836,-0.0007205111323855,0.0012153033167123,-1.5328403435432847e-08,0.9999448657035828,0.0033718007616698,-0.0099466694518923,-5.071507303000544e-08,0.9999794960021972,-0.0040251198224723,-0.0049856980331242,7.213249375581654e-08
1900-01-01 11:21:02.956307,-0.0272216796875,-0.0634765625,-0.99755859375,-0.4268292784690857,0.4878048896789551,-0.1219512224197387,-0.030517578125,-0.10791015625,1.00927734375,0.2439024448394775,-0.1371951252222061,-0.0762195140123367,0.030517578125,-0.008056640625,1.028076171875,0.6097561120986938,0.2743902504444122,0.2439024448394775,0.9999990463256836,-0.0007205111323855,0.0012153033167123,-1.5328403435432847e-08,0.9999448657035828,0.0033718007616698,-0.0099466694518923,-5.071507303000544e-08,0.9999794960021972,-0.0040251198224723,-0.0049856980331242,7.213249375581654e-08
1900-01-01 11:21:02.956617,-0.0284423828125,-0.0640869140625,-0.99755859375,0.0609756112098693,0.6402438879013062,0.0762195140123367,-0.030517578125,-0.10791015625,1.00927734375,0.2439024448394775,-0.1371951252222061,-0.0762195140123367,0.030517578125,-0.008056640625,1.028076171875,0.6097561120986938,0.2743902504444122,0.2439024448394775,0.9999990463256836,-0.0007205111323855,0.0012153033167123,-1.5328403435432847e-08,0.9999448657035828,0.0033718007616698,-0.0099466694518923,-5.071507303000544e-08,0.9999794960021972,-0.0040251198224723,-0.0049856980331242,7.213249375581654e-08
1900-01-01 11:21:02.964337,-0.02978515625,-0.0670166015625,-0.99609375,0.0762195140123367,0.5182926654815674,0.0304878056049346,-0.030517578125,-0.10791015625,1.00927734375,0.2439024448394775,-0.1371951252222061,-0.0762195140123367,0.031494140625,-0.00732421875,1.0262451171875,0.4573170840740204,0.2439024448394775,0.1676829308271408,0.9999990463256836,-0.0007205111323855,0.0012153033167123,-1.5328403435432847e-08,0.9999448657035828,0.0033718007616698,-0.0099466694518923,-5.071507303000544e-08,0.9999794960021972,-0.0040251198224723,-0.0049856980331242,7.213249375581654e-08
1900-01-01 11:21:02.973480,-0.0303955078125,-0.0679931640625,-0.9962158203125,0.2743902504444122,0.5030487775802612,0.1829268336296081,-0.034912109375,-0.10693359375,1.008056640625,0.1676829308271408,0.0,-0.3353658616542816,0.031494140625,-0.00732421875,1.0262451171875,0.4573170840740204,0.2439024448394775,0.1676829308271408,0.9999990463256836,-0.0007205111323855,0.0012153033167123,-1.5328403435432847e-08,0.9999448657035828,0.0033718007616698,-0.0099466694518923,-5.071507303000544e-08,0.9999794960021972,-0.0040251198224723,-0.0049856980331242,7.213249375581654e-08
1900-01-01 11:21:02.981295,-0.0299072265625,-0.066162109375,-0.9986572265625,0.1067073196172714,0.5945122241973877,-0.1219512224197387,-0.03857421875,-0.1082763671875,1.0069580078125,0.3810975551605224,-0.2134146392345428,-0.3810975551605224,0.033935546875,-0.0052490234375,1.0247802734375,0.3810975551605224,0.2286585420370102,0.1981707364320755,0.9999990463256836,-0.0007205111323855,0.0012153033167123,-1.5328403435432847e-08,0.9999448657035828,0.0033718007616698,-0.0099466694518923,-5.071507303000544e-08,0.9999794960021972,-0.0040251198224723,-0.0049856980331242,7.213249375581654e-08
1900-01-01 11:21:02.997363,-0.029541015625,-0.061279296875,-0.9920654296875,0.0609756112098693,0.5182926654815674,-0.1829268336296081,-0.0323486328125,-0.1112060546875,1.008056640625,0.1067073196172714,0.3810975551605224,0.0152439028024673,0.0316162109375,-0.0072021484375,1.0264892578125,0.8231707215309143,0.2896341383457184,-0.0152439028024673,0.9999990463256836,-0.0007205111323855,0.0012153033167123,-1.5328403435432847e-08,0.9999448657035828,0.0033718007616698,-0.0099466694518923,-5.071507303000544e-08,0.9999794960021972,-0.0040251198224723,-0.0049856980331242,7.213249375581654e-08
1900-01-01 11:21:03.006435,-0.0294189453125,-0.06005859375,-0.9898681640625,-0.045731708407402,0.7469512224197388,0.045731708407402,-0.0299072265625,-0.1097412109375,1.0015869140625,0.1067073196172714,0.3810975551605224,0.0152439028024673,0.02734375,-0.0042724609375,1.02099609375,0.5945122241973877,0.4573170840740204,0.1371951252222061,0.9999990463256836,-0.0007205111323855,0.0012153033167123,-1.5328403435432847e-08,0.9999448657035828,0.0033718007616698,-0.0099466694518923,-5.071507303000544e-08,0.9999794960021972,-0.0040251198224723,-0.0049856980331242,7.213249375581654e-08
1900-01-01 11:21:03.026425,-0.029296875,-0.063232421875,-0.998779296875,0.0609756112098693,0.5945122241973877,-0.0304878056049346,-0.0341796875,-0.110107421875,1.00390625,0.2591463327407837,-0.7469512224197388,-0.1981707364320755,0.033447265625,-0.00732421875,1.0299072265625,0.7621951103210449,0.2286585420370102,0.1829268336296081,0.9999990463256836,-0.0007205111323855,0.0012153033167123,-1.5328403435432847e-08,0.9999448657035828,0.0033718007616698,-0.0099466694518923,-5.071507303000544e-08,0.9999794960021972,-0.0040251198224723,-0.0049856980331242,7.213249375581654e-08
1900-01-01 11:21:03.026594,-0.0301513671875,-0.068603515625,-0.9986572265625,0.0609756112098693,0.3658536672592163,0.1524390280246734,-0.0341796875,-0.110107421875,1.00390625,0.2591463327407837,-0.7469512224197388,-0.1981707364320755,0.033447265625,-0.00732421875,1.0299072265625,0.7621951103210449,0.2286585420370102,0.1829268336296081,0.9999990463256836,-0.0007205111323855,0.0012153033167123,-1.5328403435432847e-08,0.9999448657035828,0.0033718007616698,-0.0099466694518923,-5.071507303000544e-08,0.9999794960021972,-0.0040251198224723,-0.0049856980331242,7.213249375581654e-08
1900-01-01 11:21:03.042678,-0.029296875,-0.066650390625,-0.9925537109375,0.091463416814804,0.5792682766914368,0.1371951252222061,-0.0341796875,-0.110107421875,1.00390625,0.2591463327407837,-0.7469512224197388,-0.1981707364320755,0.0340576171875,-0.007568359375,1.024658203125,0.7621951103210449,0.2286585420370102,0.1829268336296081,0.9999990463256836,-0.0007205111323855,0.0012153033167123,-1.5328403435432847e-08,0.9999448657035828,0.0033718007616698,-0.0099466694518923,-5.071507303000544e-08,0.9999794960021972,-0.0040251198224723,-0.0049856980331242,7.213249375581654e-08
1900-01-01 11:21:03.048695,-0.025634765625,-0.0623779296875,-0.9970703125,0.091463416814804,0.9756097793579102,0.0,-0.0364990234375,-0.1080322265625,1.0137939453125,0.3353658616542816,0.1219512224197387,-0.0609756112098693,0.0340576171875,-0.007568359375,1.024658203125,0.7621951103210449,0.2286585420370102,0.1829268336296081,0.9999990463256836,-0.0007205111323855,0.0012153033167123,-1.5328403435432847e-08,0.9999448657035828,0.0033718007616698,-0.0099466694518923,-5.071507303000544e-08,0.9999794960021972,-0.0040251198224723,-0.0049856980331242,7.213249375581654e-08
1900-01-01 11:21:03.064876,-0.02294921875,-0.063232421875,-0.9974365234375,-0.1067073196172714,0.7164634466171265,0.2286585420370102,-0.032470703125,-0.1077880859375,1.009033203125,0.3353658616542816,0.1219512224197387,-0.0609756112098693,0.0340576171875,-0.007568359375,1.024658203125,0.7621951103210449,0.2286585420370102,0.1829268336296081,0.9999990463256836,-0.0007205111323855,0.0012153033167123,-1.5328403435432847e-08,0.9999448657035828,0.0033718007616698,-0.0099466694518923,-5.071507303000544e-08,0.9999794960021972,-0.0040251198224723,-0.0049856980331242,7.213249375581654e-08
1900-01-01 11:21:03.070537,-0.02587890625,-0.065673828125,-0.9918212890625,0.091463416814804,0.3810975551605224,-0.0609756112098693,-0.032470703125,-0.1077880859375,1.009033203125,0.3353658616542816,0.1219512224197387,-0.0609756112098693,0.0340576171875,-0.007568359375,1.024658203125,0.7621951103210449,0.2286585420370102,0.1829268336296081,0.9999990463256836,-0.0007205111323855,0.0012153033167123,-1.5328403435432847e-08,0.9999448657035828,0.0033718007616698,-0.0099466694518923,-5.071507303000544e-08,0.9999794960021972,-0.0040251198224723,-0.0049856980331242,7.213249375581654e-08
1900-01-01 11:21:03.097331,-0.029296875,-0.0650634765625,-0.9947509765625,0.1219512224197387,0.8841463327407837,-0.2896341383457184,-0.032470703125,-0.1094970703125,1.00341796875,0.396341472864151,0.5945122241973877,-0.1219512224197387,0.0289306640625,-0.00732421875,1.027099609375,0.2591463327407837,0.3201219439506531,0.2286585420370102,0.9999990463256836,-0.0007205111323855,0.0012153033167123,-1.5328403435432847e-08,0.9999448657035828,0.0033718007616698,-0.0099466694518923,-5.071507303000544e-08,0.9999794960021972,-0.0040251198224723,-0.0049856980331242,7.213249375581654e-08
1900-01-01 11:21:03.155707,-0.030517578125,-0.0650634765625,-0.99853515625,0.2439024448394775,0.2896341383457184,-0.045731708407402,-0.029541015625,-0.108154296875,1.0079345703125,0.4725609719753265,-0.7164634466171265,-0.3048780560493469,0.0340576171875,-0.00732421875,1.0257568359375,0.5945122241973877,0.2896341383457184,0.2896341383457184,0.9999990463256836,-0.0007205111323855,0.0012153033167123,-1.5328403435432847e-08,0.9999448657035828,0.0033718007616698,-0.0099466694518923,-5.071507303000544e-08,0.9999794960021972,-0.0040251198224723,-0.0049856980331242,7.213249375581654e-08
1900-01-01 11:21:03.171605,-0.029296875,-0.06201171875,-0.9937744140625,0.0304878056049346,0.5487805008888245,-0.1676829308271408,-0.029541015625,-0.108154296875,1.0079345703125,0.4725609719753265,-0.7164634466171265,-0.3048780560493469,0.0325927734375,-0.00537109375,1.030029296875,0.5945122241973877,0.2896341383457184,0.2896341383457184,0.9999990463256836,-0.0007205111323855,0.0012153033167123,-1.5328403435432847e-08,0.9999448657035828,0.0033718007616698,-0.0099466694518923,-5.071507303000544e-08,0.9999794960021972,-0.0040251198224723,-0.0049856980331242,7.213249375581654e-08
1900-01-01 11:21:03.182069,-0.0284423828125,-0.06396484375,-0.9952392578125,0.0304878056049346,0.4878048896789551,-0.2134146392345428,-0.029541015625,-0.108154296875,1.0079345703125,0.4725609719753265,-0.7164634466171265,-0.3048780560493469,0.0325927734375,-0.00537109375,1.030029296875,0.4878048896789551,0.2439024448394775,0.2439024448394775,0.9999990463256836,-0.0007205111323855,0.0012153033167123,-1.5328403435432847e-08,0.9999448657035828,0.0033718007616698,-0.0099466694518923,-5.071507303000544e-08,0.9999794960021972,-0.0040251198224723,-0.0049856980331242,7.213249375581654e-08
1900-01-01 11:21:03.213585,-0.0284423828125,-0.0634765625,-0.99658203125,0.4115853607654571,0.5182926654815674,-0.1981707364320755,-0.028076171875,-0.10595703125,1.0098876953125,0.045731708407402,0.6097561120986938,0.091463416814804,0.03076171875,-0.0054931640625,1.0291748046875,0.4878048896789551,0.2439024448394775,0.2439024448394775,0.9999990463256836,-0.0007205111323855,0.0012153033167123,-1.5328403435432847e-08,0.9999448657035828,0.0033718007616698,-0.0099466694518923,-5.071507303000544e-08,0.9999794960021972,-0.0040251198224723,-0.0049856980331242,7.213249375581654e-08
1900-01-01 11:21:03.224921,-0.0279541015625,-0.0634765625,-0.995361328125,0.2286585420370102,0.4878048896789551,0.0,-0.0335693359375,-0.1075439453125,1.0059814453125,0.045731708407402,0.6097561120986938,0.091463416814804,0.030517578125,-0.005126953125,1.02490234375,0.5792682766914368,0.3810975551605224,0.0609756112098693,0.9999990463256836,-0.0007205111323855,0.0012153033167123,-1.5328403435432847e-08,0.9999448657035828,0.0033718007616698,-0.0099466694518923,-5.071507303000544e-08,0.9999794960021972,-0.0040251198224723,-0.0049856980331242,7.213249375581654e-08
1900-01-01 11:21:03.255385,-0.028564453125,-0.0635986328125,-0.996337890625,0.3658536672592163,0.2743902504444122,-0.2439024448394775,-0.039306640625,-0.110107421875,1.006591796875,0.3048780560493469,0.6554878354072571,-0.091463416814804,0.03173828125,-0.0062255859375,1.0267333984375,0.4725609719753265,0.2591463327407837,0.1371951252222061,0.9999990463256836,-0.0007205111323855,0.0012153033167123,-1.5328403435432847e-08,0.9999448657035828,0.0033718007616698,-0.0099466694518923,-5.071507303000544e-08,0.9999794960021972,-0.0040251198224723,-0.0049856980331242,7.213249375581654e-08
1900-01-01 11:21:03.276816,-0.03125,-0.0625,-0.9952392578125,-0.1067073196172714,0.5182926654815674,0.0,-0.039306640625,-0.110107421875,1.006591796875,0.396341472864151,-1.1585365533828735,-0.045731708407402,0.03173828125,-0.0062255859375,1.0267333984375,0.3048780560493469,0.396341472864151,0.2896341383457184,0.9999990463256836,-0.0007205111323855,0.0012153033167123,-1.5328403435432847e-08,0.9999448657035828,0.0033718007616698,-0.0099466694518923,-5.071507303000544e-08,0.9999794960021972,-0.0040251198224723,-0.0049856980331242,7.213249375581654e-08
1900-01-01 11:21:03.293255,-0.030029296875,-0.0654296875,-0.994873046875,0.1524390280246734,0.7469512224197388,0.0762195140123367,-0.039306640625,-0.110107421875,1.006591796875,0.396341472864151,-1.1585365533828735,-0.045731708407402,0.0301513671875,-0.005859375,1.025146484375,0.5182926654815674,0.3048780560493469,0.3201219439506531,0.9999990463256836,-0.0007205111323855,0.0012153033167123,-1.5328403435432847e-08,0.9999448657035828,0.0033718007616698,-0.0099466694518923,-5.071507303000544e-08,0.9999794960021972,-0.0040251198224723,-0.0049856980331242,7.213249375581654e-08
1900-01-01 11:21:03.319781,-0.0264892578125,-0.0657958984375,-0.9984130859375,0.091463416814804,0.5792682766914368,0.1219512224197387,-0.0338134765625,-0.110595703125,1.0079345703125,0.396341472864151,-1.1585365533828735,-0.045731708407402,0.0301513671875,-0.005859375,1.025146484375,0.4725609719753265,0.3201219439506531,0.0609756112098693,0.9999990463256836,-0.0007205111323855,0.0012153033167123,-1.5328403435432847e-08,0.9999448657035828,0.0033718007616698,-0.0099466694518923,-5.071507303000544e-08,0.9999794960021972,-0.0040251198224723,-0.0049856980331242,7.213249375581654e-08
1900-01-01 11:21:03.341402,-0.0247802734375,-0.0650634765625,-0.9971923828125,0.1219512224197387,0.6707317233085632,0.0304878056049346,-0.0338134765625,-0.110595703125,1.0079345703125,0.396341472864151,-1.1585365533828735,-0.045731708407402,0.03076171875,-0.0048828125,1.0264892578125,0.4725609719753265,0.3201219439506531,0.0609756112098693,0.9999990463256836,-0.0007205111323855,0.0012153033167123,-1.5328403435432847e-08,0.9999448657035828,0.0033718007616698,-0.0099466694518923,-5.071507303000544e-08,0.9999794960021972,-0.0040251198224723,-0.0049856980331242,7.213249375581654e-08
1900-01-01 11:21:03.362933,-0.0257568359375,-0.0653076171875,-0.9959716796875,0.1219512224197387,0.4573170840740204,-0.0609756112098693,-0.0338134765625,-0.110595703125,1.0079345703125,0.2439024448394775,0.091463416814804,-0.045731708407402,0.03076171875,-0.0048828125,1.0264892578125,0.5945122241973877,0.1067073196172714,0.2134146392345428,0.9999990463256836,-0.0007205111323855,0.0012153033167123,-1.5328403435432847e-08,0.9999448657035828,0.0033718007616698,-0.0099466694518923,-5.071507303000544e-08,0.9999794960021972,-0.0040251198224723,-0.0049856980331242,7.213249375581654e-08
1900-01-01 11:21:03.378959,-0.02490234375,-0.0660400390625,-0.999267578125,-0.045731708407402,0.4878048896789551,0.0152439028024673,-0.0313720703125,-0.109619140625,1.0074462890625,0.2439024448394775,0.091463416814804,-0.045731708407402,0.0316162109375,-0.00537109375,1.025390625,0.5030487775802612,0.396341472864151,-0.0152439028024673,0.9999990463256836,-0.0007205111323855,0.0012153033167123,-1.5328403435432847e-08,0.9999448657035828,0.0033718007616698,-0.0099466694518923,-5.071507303000544e-08,0.9999794960021972,-0.0040251198224723,-0.0049856980331242,7.213249375581654e-08
1900-01-01 11:21:03.379428,-0.0281982421875,-0.0662841796875,-0.997802734375,0.0609756112098693,0.4420731663703918,0.1981707364320755,-0.0313720703125,-0.109619140625,1.0074462890625,0.2439024448394775,0.091463416814804,-0.045731708407402,0.0316162109375,-0.00537109375,1.025390625,0.5030487775802612,0.396341472864151,-0.0152439028024673,0.9999990463256836,-0.0007205111323855,0.0012153033167123,-1.5328403435432847e-08,0.9999448657035828,0.0033718007616698,-0.0099466694518923,-5.071507303000544e-08,0.9999794960021972,-0.0040251198224723,-0.0049856980331242,7.213249375581654e-08
1900-01-01 11:21:03.380138,-0.0301513671875,-0.0673828125,-0.996826171875,-0.0762195140123367,0.6859756112098694,0.0609756112098693,-0.0313720703125,-0.109619140625,1.0074462890625,0.045731708407402,0.9146341681480408,0.0304878056049346,0.0325927734375,-0.00830078125,1.0299072265625,0.4573170840740204,0.091463416814804,0.2134146392345428,0.9999990463256836,-0.0007205111323855,0.0012153033167123,-1.5328403435432847e-08,0.9999448657035828,0.0033718007616698,-0.0099466694518923,-5.071507303000544e-08,0.9999794960021972,-0.0040251198224723,-0.0049856980331242,7.213249375581654e-08
1900-01-01 11:21:03.402703,-0.02783203125,-0.0670166015625,-0.9974365234375,0.0304878056049346,0.5335366129875183,-0.0609756112098693,-0.0341796875,-0.1085205078125,1.004638671875,0.2439024448394775,-0.3506097495555877,-0.1067073196172714,0.03173828125,-0.0098876953125,1.0284423828125,0.4573170840740204,0.2439024448394775,0.2896341383457184,0.9999990463256836,-0.0007205111323855,0.0012153033167123,-1.5328403435432847e-08,0.9999448657035828,0.0033718007616698,-0.0099466694518923,-5.071507303000544e-08,0.9999794960021972,-0.0040251198224723,-0.0049856980331242,7.213249375581654e-08
1900-01-01 11:21:03.403942,-0.0264892578125,-0.06787109375,-0.9990234375,-0.1981707364320755,0.625,-0.091463416814804,-0.030517578125,-0.1092529296875,1.009521484375,0.0,0.1981707364320755,-0.0762195140123367,0.0313720703125,-0.009765625,1.0260009765625,0.5487805008888245,0.1676829308271408,0.1067073196172714,0.9999990463256836,-0.0007205111323855,0.0012153033167123,-1.5328403435432847e-08,0.9999448657035828,0.0033718007616698,-0.0099466694518923,-5.071507303000544e-08,0.9999794960021972,-0.0040251198224723,-0.0049856980331242,7.213249375581654e-08
1900-01-01 11:21:03.404890,-0.0279541015625,-0.066162109375,-0.996826171875,-0.1219512224197387,0.5792682766914368,0.0762195140123367,-0.03369140625,-0.1080322265625,1.00927734375,0.2743902504444122,0.8384146690368652,-0.0304878056049346,0.032958984375,-0.0079345703125,1.030029296875,0.4268292784690857,0.2286585420370102,0.3506097495555877,0.9999990463256836,-0.0007205111323855,0.0012153033167123,-1.5328403435432847e-08,0.9999448657035828,0.0033718007616698,-0.0099466694518923,-5.071507303000544e-08,0.9999794960021972,-0.0040251198224723,-0.0049856980331242,7.213249375581654e-08
1900-01-01 11:21:03.405619,-0.02783203125,-0.064697265625,-0.99462890625,-0.0609756112098693,0.5487805008888245,0.0304878056049346,-0.0352783203125,-0.1070556640625,1.007568359375,0.2591463327407837,-0.0609756112098693,-0.1067073196172714,0.033203125,-0.0069580078125,1.0272216796875,0.091463416814804,0.2439024448394775,0.1524390280246734,0.9999990463256836,-0.0007205111323855,0.0012153033167123,-1.5328403435432847e-08,0.9999448657035828,0.0033718007616698,-0.0099466694518923,-5.071507303000544e-08,0.9999794960021972,-0.0040251198224723,-0.0049856980331242,7.213249375581654e-08
1900-01-01 11:21:03.406234,-0.0299072265625,-0.0633544921875,-0.9940185546875,-0.0762195140123367,0.3810975551605224,-0.1371951252222061,-0.0322265625,-0.1060791015625,1.0126953125,0.3353658616542816,-0.7317073345184326,-0.2134146392345428,0.0325927734375,-0.0078125,1.02734375,0.625,0.4115853607654571,0.1676829308271408,0.9999990463256836,-0.0007205111323855,0.0012153033167123,-1.5328403435432847e-08,0.9999448657035828,0.0033718007616698,-0.0099466694518923,-5.071507303000544e-08,0.9999794960021972,-0.0040251198224723,-0.0049856980331242,7.213249375581654e-08
1900-01-01 11:21:03.406488,-0.029296875,-0.0631103515625,-0.9931640625,-0.045731708407402,0.3048780560493469,-0.1524390280246734,-0.0322265625,-0.1060791015625,1.0126953125,0.1829268336296081,0.1371951252222061,0.0,0.0325927734375,-0.0078125,1.02734375,0.625,0.4115853607654571,0.1676829308271408,0.9999990463256836,-0.0007205111323855,0.0012153033167123,-1.5328403435432847e-08,0.9999448657035828,0.0033718007616698,-0.0099466694518923,-5.071507303000544e-08,0.9999794960021972,-0.0040251198224723,-0.0049856980331242,7.213249375581654e-08
1900-01-01 11:21:03.407503,-0.028564453125,-0.0623779296875,-0.994140625,0.2134146392345428,0.5030487775802612,0.091463416814804,-0.0352783203125,-0.10693359375,1.0113525390625,0.4725609719753265,-0.6097561120986938,-0.1981707364320755,0.031005859375,-0.0076904296875,1.0267333984375,0.4573170840740204,0.2286585420370102,0.1829268336296081,0.9999990463256836,-0.0007205111323855,0.0012153033167123,-1.5328403435432847e-08,0.9999448657035828,0.0033718007616698,-0.0099466694518923,-5.071507303000544e-08,0.9999794960021972,-0.0040251198224723,-0.0049856980331242,7.213249375581654e-08
1900-01-01 11:21:03.407847,-0.0291748046875,-0.0638427734375,-0.9930419921875,0.1829268336296081,0.2743902504444122,0.0609756112098693,-0.0341796875,-0.106689453125,1.0106201171875,0.2134146392345428,0.4268292784690857,-0.2134146392345428,0.0308837890625,-0.0042724609375,1.0267333984375,0.5945122241973877,0.4878048896789551,0.1981707364320755,0.9999990463256836,-0.0007205111323855,0.0012153033167123,-1.5328403435432847e-08,0.9999448657035828,0.0033718007616698,-0.0099466694518923,-5.071507303000544e-08,0.9999794960021972,-0.0040251198224723,-0.0049856980331242,7.213249375581654e-08
1900-01-01 11:21:03.408064,-0.0277099609375,-0.0645751953125,-0.994384765625,-0.0304878056049346,0.6097561120986938,0.0762195140123367,-0.0357666015625,-0.107177734375,1.0091552734375,0.2134146392345428,0.4268292784690857,-0.2134146392345428,0.02978515625,-0.004638671875,1.0263671875,0.5945122241973877,0.4878048896789551,0.1981707364320755,0.9999990463256836,-0.0007205111323855,0.0012153033167123,-1.5328403435432847e-08,0.9999448657035828,0.0033718007616698,-0.0099466694518923,-5.071507303000544e-08,0.9999794960021972,-0.0040251198224723,-0.0049856980331242,7.213249375581654e-08
1900-01-01 11:21:03.408202,-0.02685546875,-0.065673828125,-0.99658203125,0.1676829308271408,0.5487805008888245,0.0609756112098693,-0.0357666015625,-0.107177734375,1.0091552734375,0.1829268336296081,0.6554878354072571,0.0304878056049346,0.02978515625,-0.004638671875,1.0263671875,0.5945122241973877,0.4878048896789551,0.1981707364320755,0.9999990463256836,-0.0007205111323855,0.0012153033167123,-1.5328403435432847e-08,0.9999448657035828,0.0033718007616698,-0.0099466694518923,-5.071507303000544e-08,0.9999794960021972,-0.0040251198224723,-0.0049856980331242,7.213249375581654e-08
1900-01-01 11:21:03.408419,-0.0283203125,-0.065673828125,-0.9970703125,0.091463416814804,0.4420731663703918,0.1371951252222061,-0.0367431640625,-0.10595703125,1.0069580078125,0.1829268336296081,0.6554878354072571,0.0304878056049346,0.02978515625,-0.004638671875,1.0263671875,0.3658536672592163,0.2896341383457184,0.0152439028024673,0.9999990463256836,-0.0007205111323855,0.0012153033167123,-1.5328403435432847e-08,0.9999448657035828,0.0033718007616698,-0.0099466694518923,-5.071507303000544e-08,0.9999794960021972,-0.0040251198224723,-0.0049856980331242,7.213249375581654e-08
1900-01-01 11:21:03.408596,-0.02783203125,-0.0643310546875,-0.99560546875,0.091463416814804,0.2286585420370102,0.0609756112098693,-0.0340576171875,-0.106689453125,1.0113525390625,0.4268292784690857,-0.4420731663703918,-0.1676829308271408,0.02978515625,-0.004638671875,1.0263671875,0.3658536672592163,0.2896341383457184,0.0152439028024673,0.9999990463256836,-0.0007205111323855,0.0012153033167123,-1.5328403435432847e-08,0.9999448657035828,0.0033718007616698,-0.0099466694518923,-5.071507303000544e-08,0.9999794960021972,-0.0040251198224723,-0.0049856980331242,7.213249375581654e-08
1900-01-01 11:21:03.408773,-0.0272216796875,-0.063232421875,-0.995361328125,-0.1067073196172714,0.5487805008888245,0.0,-0.034423828125,-0.1082763671875,1.011962890625,-0.1067073196172714,0.4878048896789551,0.2591463327407837,0.02978515625,-0.004638671875,1.0263671875,0.3658536672592163,0.2896341383457184,0.0152439028024673,0.9999990463256836,-0.0007205111323855,0.0012153033167123,-1.5328403435432847e-08,0.9999448657035828,0.0033718007616698,-0.0099466694518923,-5.071507303000544e-08,0.9999794960021972,-0.0040251198224723,-0.0049856980331242,7.213249375581654e-08
1900-01-01 11:21:03.408920,-0.0284423828125,-0.065185546875,-0.99609375,0.1067073196172714,0.6859756112098694,-0.4268292784690857,-0.035400390625,-0.1090087890625,1.0048828125,0.2286585420370102,0.045731708407402,-0.1829268336296081,0.02978515625,-0.004638671875,1.0263671875,0.3658536672592163,0.2896341383457184,0.0152439028024673,0.9999990463256836,-0.0007205111323855,0.0012153033167123,-1.5328403435432847e-08,0.9999448657035828,0.0033718007616698,-0.0099466694518923,-5.071507303000544e-08,0.9999794960021972,-0.0040251198224723,-0.0049856980331242,7.213249375581654e-08
1900-01-01 11:21:03.409023,-0.0289306640625,-0.0665283203125,-0.9962158203125,0.3048780560493469,0.625,-0.091463416814804,-0.035400390625,-0.1090087890625,1.0048828125,0.2286585420370102,0.045731708407402,-0.1829268336296081,0.02978515625,-0.004638671875,1.0263671875,0.3658536672592163,0.2896341383457184,0.0152439028024673,0.9999990463256836,-0.0007205111323855,0.0012153033167123,-1.5328403435432847e-08,0.9999448657035828,0.0033718007616698,-0.0099466694518923,-5.071507303000544e-08,0.9999794960021972,-0.0040251198224723,-0.0049856980331242,7.213249375581654e-08
1900-01-01 11:21:03.409171,-0.0284423828125,-0.06591796875,-0.994384765625,0.0762195140123367,0.625,-0.1676829308271408,-0.033203125,-0.110107421875,1.0054931640625,0.4115853607654571,-0.4268292784690857,-0.2591463327407837,0.02978515625,-0.004638671875,1.0263671875,0.3658536672592163,0.2896341383457184,0.0152439028024673,0.9999990463256836,-0.0007205111323855,0.0012153033167123,-1.5328403435432847e-08,0.9999448657035828,0.0033718007616698,-0.0099466694518923,-5.071507303000544e-08,0.9999794960021972,-0.0040251198224723,-0.0049856980331242,7.213249375581654e-08
1900-01-01 11:21:03.409333,-0.028076171875,-0.064208984375,-0.9952392578125,0.091463416814804,0.6554878354072571,-0.0304878056049346,-0.03125,-0.110595703125,1.0093994140625,-0.1981707364320755,0.0304878056049346,-0.3201219439506531,0.02978515625,-0.004638671875,1.0263671875,0.3658536672592163,0.2896341383457184,0.0152439028024673,0.9999990463256836,-0.0007205111323855,0.0012153033167123,-1.5328403435432847e-08,0.9999448657035828,0.0033718007616698,-0.0099466694518923,-5.071507303000544e-08,0.9999794960021972,-0.0040251198224723,-0.0049856980331242,7.213249375581654e-08
1900-01-01 11:21:03.409491,-0.0291748046875,-0.0634765625,-0.9962158203125,0.1676829308271408,0.5640243887901306,0.0304878056049346,-0.03125,-0.110595703125,1.0093994140625,-0.1981707364320755,0.0304878056049346,-0.3201219439506531,0.0286865234375,-0.0068359375,1.027099609375,0.4268292784690857,0.3353658616542816,0.2134146392345428,0.9999990463256836,-0.0007205111323855,0.0012153033167123,-1.5328403435432847e-08,0.9999448657035828,0.0033718007616698,-0.0099466694518923,-5.071507303000544e-08,0.9999794960021972,-0.0040251198224723,-0.0049856980331242,7.213249375581654e-08
1900-01-01 11:21:03.409641,-0.030517578125,-0.065185546875,-0.994384765625,-0.091463416814804,0.5945122241973877,-0.045731708407402,-0.03125,-0.110595703125,1.0093994140625,-0.1981707364320755,0.0304878056049346,-0.3201219439506531,0.02880859375,-0.0068359375,1.0262451171875,0.5792682766914368,0.2896341383457184,-0.045731708407402,0.9999990463256836,-0.0007205111323855,0.0012153033167123,-1.5328403435432847e-08,0.9999448657035828,0.0033718007616698,-0.0099466694518923,-5.071507303000544e-08,0.9999794960021972,-0.0040251198224723,-0.0049856980331242,7.213249375581654e-08
1900-01-01 11:21:03.410281,-0.02880859375,-0.06494140625,-0.99365234375,0.045731708407402,0.5335366129875183,0.0,-0.03173828125,-0.1072998046875,1.0086669921875,0.396341472864151,-0.2134146392345428,-0.0609756112098693,0.0303955078125,-0.0069580078125,1.02685546875,0.4878048896789551,0.1371951252222061,0.0762195140123367,0.9999990463256836,-0.0007205111323855,0.0012153033167123,-1.5328403435432847e-08,0.9999448657035828,0.0033718007616698,-0.0099466694518923,-5.071507303000544e-08,0.9999794960021972,-0.0040251198224723,-0.0049856980331242,7.213249375581654e-08
1900-01-01 11:21:03.426630,-0.0269775390625,-0.0645751953125,-0.99560546875,0.2743902504444122,0.625,0.0609756112098693,-0.03173828125,-0.109130859375,1.008544921875,0.2134146392345428,-0.2439024448394775,-0.2439024448394775,0.0303955078125,-0.0069580078125,1.0277099609375,0.7621951103210449,0.0762195140123367,0.3353658616542816,0.9999990463256836,-0.0007205111323855,0.0012153033167123,-1.5328403435432847e-08,0.9999448657035828,0.0033718007616698,-0.0099466694518923,-5.071507303000544e-08,0.9999794960021972,-0.0040251198224723,-0.0049856980331242,7.213249375581654e-08
1900-01-01 11:21:03.445291,-0.0269775390625,-0.062255859375,-0.9951171875,0.2134146392345428,0.3658536672592163,-0.1524390280246734,-0.0291748046875,-0.1083984375,1.0084228515625,0.2743902504444122,0.3506097495555877,0.091463416814804,0.0294189453125,-0.00732421875,1.0263671875,0.396341472864151,0.1067073196172714,0.2286585420370102,0.9999990463256836,-0.0007205111323855,0.0012153033167123,-1.5328403435432847e-08,0.9999448657035828,0.0033718007616698,-0.0099466694518923,-5.071507303000544e-08,0.9999794960021972,-0.0040251198224723,-0.0049856980331242,7.213249375581654e-08
1900-01-01 11:21:03.445370,-0.026123046875,-0.064453125,-0.995361328125,0.2439024448394775,0.7164634466171265,-0.0762195140123367,-0.0291748046875,-0.1083984375,1.0084228515625,0.2743902504444122,0.3506097495555877,0.091463416814804,0.0294189453125,-0.00732421875,1.0263671875,0.396341472864151,0.1067073196172714,0.2286585420370102,0.9999990463256836,-0.0007205111323855,0.0012153033167123,-1.5328403435432847e-08,0.9999448657035828,0.0033718007616698,-0.0099466694518923,-5.071507303000544e-08,0.9999794960021972,-0.0040251198224723,-0.0049856980331242,7.213249375581654e-08
1900-01-01 11:21:03.454297,-0.0283203125,-0.06494140625,-0.995849609375,0.396341472864151,0.5792682766914368,-0.1371951252222061,-0.0291748046875,-0.1083984375,1.0084228515625,0.2743902504444122,0.3506097495555877,0.091463416814804,0.0286865234375,-0.00732421875,1.02783203125,0.4115853607654571,0.1676829308271408,0.3658536672592163,0.9999990463256836,-0.0007205111323855,0.0012153033167123,-1.5328403435432847e-08,0.9999448657035828,0.0033718007616698,-0.0099466694518923,-5.071507303000544e-08,0.9999794960021972,-0.0040251198224723,-0.0049856980331242,7.213249375581654e-08
1900-01-01 11:21:03.462430,-0.030517578125,-0.0673828125,-1.000244140625,0.3506097495555877,0.4268292784690857,-0.2286585420370102,-0.0345458984375,-0.1083984375,1.01025390625,0.4115853607654571,-0.4725609719753265,-0.1524390280246734,0.0330810546875,-0.007080078125,1.0306396484375,0.5945122241973877,0.3506097495555877,0.2134146392345428,0.9999990463256836,-0.0007205111323855,0.0012153033167123,-1.5328403435432847e-08,0.9999448657035828,0.0033718007616698,-0.0099466694518923,-5.071507303000544e-08,0.9999794960021972,-0.0040251198224723,-0.0049856980331242,7.213249375581654e-08
1900-01-01 11:21:03.471415,-0.02880859375,-0.068115234375,-0.9974365234375,0.0304878056049346,0.4268292784690857,0.045731708407402,-0.03564453125,-0.10791015625,1.01416015625,0.1219512224197387,-0.1219512224197387,0.0152439028024673,0.032470703125,-0.008056640625,1.0299072265625,0.5945122241973877,0.3506097495555877,0.2134146392345428,0.9999990463256836,-0.0007205111323855,0.0012153033167123,-1.5328403435432847e-08,0.9999448657035828,0.0033718007616698,-0.0099466694518923,-5.071507303000544e-08,0.9999794960021972,-0.0040251198224723,-0.0049856980331242,7.213249375581654e-08
1900-01-01 11:21:03.481423,-0.02734375,-0.067138671875,-0.9974365234375,-0.045731708407402,0.5182926654815674,-0.045731708407402,-0.03515625,-0.1068115234375,1.0107421875,-0.0152439028024673,0.2896341383457184,-0.2591463327407837,0.032470703125,-0.008056640625,1.0299072265625,0.4878048896789551,0.3048780560493469,0.1524390280246734,0.9999990463256836,-0.0007205111323855,0.0012153033167123,-1.5328403435432847e-08,0.9999448657035828,0.0033718007616698,-0.0099466694518923,-5.071507303000544e-08,0.9999794960021972,-0.0040251198224723,-0.0049856980331242,7.213249375581654e-08
1900-01-01 11:21:03.497338,-0.0255126953125,-0.06591796875,-0.9979248046875,0.2286585420370102,0.625,0.0304878056049346,-0.0323486328125,-0.1068115234375,1.00927734375,-0.045731708407402,-0.625,-0.1981707364320755,0.0302734375,-0.0096435546875,1.027587890625,0.6097561120986938,0.3048780560493469,0.1981707364320755,0.9999990463256836,-0.0007205111323855,0.0012153033167123,-1.5328403435432847e-08,0.9999448657035828,0.0033718007616698,-0.0099466694518923,-5.071507303000544e-08,0.9999794960021972,-0.0040251198224723,-0.0049856980331242,7.213249375581654e-08
1900-01-01 11:21:03.523861,-0.027099609375,-0.0672607421875,-0.9991455078125,0.3353658616542816,0.2439024448394775,0.2743902504444122,-0.032958984375,-0.107666015625,1.0113525390625,0.1219512224197387,0.4573170840740204,0.0609756112098693,0.0303955078125,-0.0103759765625,1.0301513671875,0.792682945728302,0.1676829308271408,0.1371951252222061,0.9999990463256836,-0.0007205111323855,0.0012153033167123,-1.5328403435432847e-08,0.9999448657035828,0.0033718007616698,-0.0099466694518923,-5.071507303000544e-08,0.9999794960021972,-0.0040251198224723,-0.0049856980331242,7.213249375581654e-08
1900-01-01 11:21:03.556201,-0.0284423828125,-0.0655517578125,-0.9957275390625,0.3201219439506531,0.396341472864151,-0.1067073196172714,-0.0362548828125,-0.107666015625,1.0059814453125,0.2591463327407837,-0.5792682766914368,-0.091463416814804,0.031005859375,-0.00634765625,1.0299072265625,0.4420731663703918,0.3658536672592163,-0.0609756112098693,0.9999990463256836,-0.0007205111323855,0.0012153033167123,-1.5328403435432847e-08,0.9999448657035828,0.0033718007616698,-0.0099466694518923,-5.071507303000544e-08,0.9999794960021972,-0.0040251198224723,-0.0049856980331242,7.213249375581654e-08
1900-01-01 11:21:03.556358,-0.0289306640625,-0.0653076171875,-0.9949951171875,0.045731708407402,0.4115853607654571,-0.091463416814804,-0.0362548828125,-0.107666015625,1.0059814453125,0.2591463327407837,-0.5792682766914368,-0.091463416814804,0.031005859375,-0.00634765625,1.0299072265625,0.4420731663703918,0.3658536672592163,-0.0609756112098693,0.9999990463256836,-0.0007205111323855,0.0012153033167123,-1.5328403435432847e-08,0.9999448657035828,0.0033718007616698,-0.0099466694518923,-5.071507303000544e-08,0.9999794960021972,-0.0040251198224723,-0.0049856980331242,7.213249375581654e-08
1900-01-01 11:21:03.556435,-0.0286865234375,-0.065185546875,-0.9981689453125,0.2439024448394775,0.5030487775802612,0.1371951252222061,-0.0362548828125,-0.107666015625,1.0059814453125,0.2591463327407837,-0.5792682766914368,-0.091463416814804,0.031005859375,-0.00634765625,1.0299072265625,0.4420731663703918,0.3658536672592163,-0.0609756112098693,0.9999990463256836,-0.0007205111323855,0.0012153033167123,-1.5328403435432847e-08,0.9999448657035828,0.0033718007616698,-0.0099466694518923,-5.071507303000544e-08,0.9999794960021972,-0.0040251198224723,-0.0049856980331242,7.213249375581654e-08
1900-01-01 11:21:03.562001,-0.029296875,-0.064208984375,-0.9962158203125,-0.0304878056049346,0.6859756112098694,-0.045731708407402,-0.0362548828125,-0.107666015625,1.0059814453125,0.2591463327407837,-0.5792682766914368,-0.091463416814804,0.031005859375,-0.00634765625,1.0299072265625,0.625,0.4420731663703918,0.2591463327407837,0.9999990463256836,-0.0007205111323855,0.0012153033167123,-1.5328403435432847e-08,0.9999448657035828,0.0033718007616698,-0.0099466694518923,-5.071507303000544e-08,0.9999794960021972,-0.0040251198224723,-0.0049856980331242,7.213249375581654e-08
1900-01-01 11:21:03.577851,-0.0284423828125,-0.0653076171875,-0.992919921875,0.0,0.8231707215309143,-0.1067073196172714,-0.034423828125,-0.108642578125,1.0101318359375,0.2591463327407837,-0.5792682766914368,-0.091463416814804,0.031005859375,-0.00634765625,1.0299072265625,0.625,0.4420731663703918,0.2591463327407837,0.9999990463256836,-0.0007205111323855,0.0012153033167123,-1.5328403435432847e-08,0.9999448657035828,0.0033718007616698,-0.0099466694518923,-5.071507303000544e-08,0.9999794960021972,-0.0040251198224723,-0.0049856980331242,7.213249375581654e-08
1900-01-01 11:21:03.641935,-0.0281982421875,-0.063720703125,-0.9942626953125,0.0,0.396341472864151,0.1219512224197387,-0.0338134765625,-0.10693359375,1.006103515625,0.3201219439506531,0.3810975551605224,-0.1371951252222061,0.0321044921875,-0.0069580078125,1.0230712890625,0.5030487775802612,0.4268292784690857,0.0152439028024673,0.9999990463256836,-0.0007205111323855,0.0012153033167123,-1.5328403435432847e-08,0.9999448657035828,0.0033718007616698,-0.0099466694518923,-5.071507303000544e-08,0.9999794960021972,-0.0040251198224723,-0.0049856980331242,7.213249375581654e-08
1900-01-01 11:21:03.663043,-0.028564453125,-0.062255859375,-0.9957275390625,0.2286585420370102,0.6554878354072571,0.3353658616542816,-0.0338134765625,-0.10693359375,1.006103515625,0.3201219439506531,0.3810975551605224,-0.1371951252222061,0.0302734375,-0.00634765625,1.025146484375,0.4878048896789551,0.1067073196172714,-0.045731708407402,0.9999990463256836,-0.0007205111323855,0.0012153033167123,-1.5328403435432847e-08,0.9999448657035828,0.0033718007616698,-0.0099466694518923,-5.071507303000544e-08,0.9999794960021972,-0.0040251198224723,-0.0049856980331242,7.213249375581654e-08
1900-01-01 11:21:03.695196,-0.029541015625,-0.0635986328125,-0.99462890625,-0.1829268336296081,0.6402438879013062,0.0,-0.0345458984375,-0.1085205078125,1.0076904296875,0.4115853607654571,0.2896341383457184,0.0609756112098693,0.0302734375,-0.00634765625,1.025146484375,0.4725609719753265,0.2743902504444122,0.2286585420370102,0.9999990463256836,-0.0007205111323855,0.0012153033167123,-1.5328403435432847e-08,0.9999448657035828,0.0033718007616698,-0.0099466694518923,-5.071507303000544e-08,0.9999794960021972,-0.0040251198224723,-0.0049856980331242,7.213249375581654e-08
1900-01-01 11:21:03.755863,-0.029541015625,-0.06298828125,-0.9932861328125,-0.1676829308271408,0.4573170840740204,0.1829268336296081,-0.0323486328125,-0.1087646484375,1.0078125,0.1676829308271408,-0.2591463327407837,-0.2896341383457184,0.0306396484375,-0.0052490234375,1.0263671875,0.5792682766914368,0.3506097495555877,0.0,0.9999990463256836,-0.0007205111323855,0.0012153033167123,-1.5328403435432847e-08,0.9999448657035828,0.0033718007616698,-0.0099466694518923,-5.071507303000544e-08,0.9999794960021972,-0.0040251198224723,-0.0049856980331242,7.213249375581654e-08
1900-01-01 11:21:03.771941,-0.02880859375,-0.0614013671875,-0.993896484375,0.1371951252222061,0.7774390578269958,0.1676829308271408,-0.0323486328125,-0.1087646484375,1.0078125,0.0609756112098693,0.3658536672592163,0.1676829308271408,0.0306396484375,-0.0052490234375,1.0263671875,0.5182926654815674,0.2591463327407837,0.1676829308271408,0.9999990463256836,-0.0007205111323855,0.0012153033167123,-1.5328403435432847e-08,0.9999448657035828,0.0033718007616698,-0.0099466694518923,-5.071507303000544e-08,0.9999794960021972,-0.0040251198224723,-0.0049856980331242,7.213249375581654e-08
1900-01-01 11:21:03.772344,-0.0263671875,-0.06298828125,-0.994873046875,0.045731708407402,0.4725609719753265,-0.091463416814804,-0.0323486328125,-0.1087646484375,1.0078125,0.0609756112098693,0.3658536672592163,0.1676829308271408,0.0306396484375,-0.0052490234375,1.0263671875,0.5182926654815674,0.2591463327407837,0.1676829308271408,0.9999990463256836,-0.0007205111323855,0.0012153033167123,-1.5328403435432847e-08,0.9999448657035828,0.0033718007616698,-0.0099466694518923,-5.071507303000544e-08,0.9999794960021972,-0.0040251198224723,-0.0049856980331242,7.213249375581654e-08
1900-01-01 11:21:03.836846,-0.0242919921875,-0.06640625,-0.99609375,0.0609756112098693,0.5182926654815674,0.045731708407402,-0.035400390625,-0.108642578125,1.0042724609375,0.396341472864151,-0.1676829308271408,-0.1219512224197387,0.0301513671875,-0.0079345703125,1.02685546875,0.6707317233085632,0.1371951252222061,0.3810975551605224,0.9999990463256836,-0.0007205111323855,0.0012153033167123,-1.5328403435432847e-08,0.9999448657035828,0.0033718007616698,-0.0099466694518923,-5.071507303000544e-08,0.9999794960021972,-0.0040251198224723,-0.0049856980331242,7.213249375581654e-08
1900-01-01 11:21:03.882742,-0.028076171875,-0.0650634765625,-0.99609375,0.091463416814804,0.6554878354072571,-0.0304878056049346,-0.0313720703125,-0.1072998046875,1.0087890625,0.3658536672592163,0.1524390280246734,-0.0609756112098693,0.031494140625,-0.0078125,1.0274658203125,0.6097561120986938,0.5335366129875183,0.3658536672592163,0.9999990463256836,-0.0007205111323855,0.0012153033167123,-1.5328403435432847e-08,0.9999448657035828,0.0033718007616698,-0.0099466694518923,-5.071507303000544e-08,0.9999794960021972,-0.0040251198224723,-0.0049856980331242,7.213249375581654e-08
1900-01-01 11:21:03.919955,-0.0289306640625,-0.0648193359375,-0.9957275390625,0.2896341383457184,0.4268292784690857,-0.4573170840740204,-0.031982421875,-0.1072998046875,1.0084228515625,0.4420731663703918,0.6402438879013062,0.0304878056049346,0.0316162109375,-0.0079345703125,1.0283203125,0.6097561120986938,0.5335366129875183,0.3658536672592163,0.9999990463256836,-0.0007205111323855,0.0012153033167123,-1.5328403435432847e-08,0.9999448657035828,0.0033718007616698,-0.0099466694518923,-5.071507303000544e-08,0.9999794960021972,-0.0040251198224723,-0.0049856980331242,7.213249375581654e-08
1900-01-01 11:21:03.926713,-0.0274658203125,-0.064208984375,-0.998046875,0.1219512224197387,0.5182926654815674,0.0304878056049346,-0.0357666015625,-0.1077880859375,1.0030517578125,0.4420731663703918,0.6402438879013062,0.0304878056049346,0.0308837890625,-0.008544921875,1.02734375,0.5030487775802612,0.2591463327407837,0.3506097495555877,0.9999990463256836,-0.0007205111323855,0.0012153033167123,-1.5328403435432847e-08,0.9999446868896484,0.003424447029829,-0.0099466694518923,4.729692477667413e-07,0.9999794960021972,-0.0040251198224723,-0.0049856980331242,7.213249375581654e-08
1900-01-01 11:21:03.927542,-0.029052734375,-0.0638427734375,-0.9964599609375,-0.1067073196172714,0.6707317233085632,0.0,-0.0357666015625,-0.1077880859375,1.0030517578125,0.4420731663703918,0.6402438879013062,0.0304878056049346,0.0308837890625,-0.008544921875,1.02734375,0.5030487775802612,0.2591463327407837,0.3506097495555877,0.9999990463256836,-0.0007205111323855,0.0012153033167123,-1.5328403435432847e-08,0.9999446868896484,0.003424447029829,-0.0099466694518923,4.729692477667413e-07,0.9999794960021972,-0.0040251198224723,-0.0049856980331242,7.213249375581654e-08
1900-01-01 11:21:03.928438,-0.0291748046875,-0.0634765625,-0.993896484375,0.1829268336296081,0.625,0.1524390280246734,-0.030517578125,-0.10888671875,1.01025390625,0.396341472864151,-0.4115853607654571,-0.3506097495555877,0.03125,-0.007080078125,1.0262451171875,0.5182926654815674,0.2896341383457184,0.2134146392345428,0.9999990463256836,-0.0007205111323855,0.0012153033167123,-1.5328403435432847e-08,0.9999446868896484,0.003424447029829,-0.0099466694518923,4.729692477667413e-07,0.9999794960021972,-0.0040251198224723,-0.0049856980331242,7.213249375581654e-08
1900-01-01 11:21:03.929562,-0.0286865234375,-0.0631103515625,-0.99755859375,0.3506097495555877,0.6554878354072571,-0.0152439028024673,-0.034423828125,-0.109619140625,1.005859375,-0.1067073196172714,0.4268292784690857,0.045731708407402,0.031494140625,-0.0064697265625,1.0257568359375,0.3658536672592163,0.2439024448394775,0.0152439028024673,0.9999990463256836,-0.0007205111323855,0.0012153033167123,-1.5328403435432847e-08,0.9999446868896484,0.003424447029829,-0.0099466694518923,4.729692477667413e-07,0.9999794960021972,-0.0040251198224723,-0.0049856980331242,7.213249375581654e-08
1900-01-01 11:21:03.930404,-0.02880859375,-0.0645751953125,-0.9957275390625,0.1067073196172714,0.5945122241973877,-0.091463416814804,-0.034423828125,-0.109619140625,1.005859375,0.0,0.6402438879013062,0.1829268336296081,0.031982421875,-0.0067138671875,1.0247802734375,0.4268292784690857,0.3506097495555877,0.3353658616542816,0.9999990463256836,-0.0007205111323855,0.0012153033167123,-1.5328403435432847e-08,0.9999446868896484,0.003424447029829,-0.0099466694518923,4.729692477667413e-07,0.9999794960021972,-0.0040251198224723,-0.0049856980331242,7.213249375581654e-08
1900-01-01 11:21:03.930952,-0.0296630859375,-0.0634765625,-0.9937744140625,0.1067073196172714,0.6859756112098694,-0.1219512224197387,-0.035400390625,-0.1087646484375,1.0035400390625,0.3048780560493469,-0.3353658616542816,-0.1067073196172714,0.0313720703125,-0.0068359375,1.0260009765625,0.4268292784690857,0.3506097495555877,0.3353658616542816,0.9999990463256836,-0.0007205111323855,0.0012153033167123,-1.5328403435432847e-08,0.9999446868896484,0.003424447029829,-0.0099466694518923,4.729692477667413e-07,0.9999794960021972,-0.0040251198224723,-0.0049856980331242,7.213249375581654e-08
1900-01-01 11:21:03.931898,-0.0299072265625,-0.0650634765625,-0.9947509765625,0.0609756112098693,0.5487805008888245,-0.0762195140123367,-0.031982421875,-0.1087646484375,1.0084228515625,0.4115853607654571,-0.4725609719753265,-0.1524390280246734,0.0308837890625,-0.004638671875,1.026611328125,0.4878048896789551,0.2591463327407837,0.0304878056049346,0.9999990463256836,-0.0007205111323855,0.0012153033167123,-1.5328403435432847e-08,0.9999446868896484,0.003424447029829,-0.0099466694518923,4.729692477667413e-07,0.9999794960021972,-0.0040251198224723,-0.0049856980331242,7.213249375581654e-08
1900-01-01 11:21:03.932290,-0.0279541015625,-0.0643310546875,-0.9962158203125,0.2134146392345428,0.5945122241973877,0.2439024448394775,-0.0318603515625,-0.109619140625,1.010009765625,0.4115853607654571,-0.4725609719753265,-0.1524390280246734,0.031005859375,-0.006103515625,1.0281982421875,0.4573170840740204,0.3810975551605224,0.1371951252222061,0.9999990463256836,-0.0007205111323855,0.0012153033167123,-1.5328403435432847e-08,0.9999446868896484,0.003424447029829,-0.0099466694518923,4.729692477667413e-07,0.9999794960021972,-0.0040251198224723,-0.0049856980331242,7.213249375581654e-08
1900-01-01 11:21:03.932810,-0.028564453125,-0.063232421875,-0.994384765625,0.2286585420370102,0.4878048896789551,0.1371951252222061,-0.035400390625,-0.1092529296875,1.0057373046875,0.3810975551605224,0.5030487775802612,0.0609756112098693,0.031982421875,-0.0084228515625,1.029052734375,0.4420731663703918,0.1676829308271408,0.0,0.9999990463256836,-0.0007205111323855,0.0012153033167123,-1.5328403435432847e-08,0.9999446868896484,0.003424447029829,-0.0099466694518923,4.729692477667413e-07,0.9999794960021972,-0.0040251198224723,-0.0049856980331242,7.213249375581654e-08
1900-01-01 11:21:03.933275,-0.0291748046875,-0.06396484375,-0.9969482421875,0.0304878056049346,0.5640243887901306,-0.0152439028024673,-0.0364990234375,-0.108642578125,1.0035400390625,0.4878048896789551,0.5182926654815674,0.0304878056049346,0.0318603515625,-0.010009765625,1.029052734375,0.6402438879013062,0.4878048896789551,0.045731708407402,0.9999990463256836,-0.0007205111323855,0.0012153033167123,-1.5328403435432847e-08,0.9999446868896484,0.003424447029829,-0.0099466694518923,4.729692477667413e-07,0.9999794960021972,-0.0040251198224723,-0.0049856980331242,7.213249375581654e-08
1900-01-01 11:21:03.933482,-0.02880859375,-0.0650634765625,-0.9990234375,0.1829268336296081,0.6707317233085632,0.2439024448394775,-0.0364990234375,-0.108642578125,1.0035400390625,0.1676829308271408,-0.6097561120986938,-0.0304878056049346,0.031982421875,-0.008056640625,1.027587890625,0.6402438879013062,0.4878048896789551,0.045731708407402,0.9999990463256836,-0.0007205111323855,0.0012153033167123,-1.5328403435432847e-08,0.9999446868896484,0.003424447029829,-0.0099466694518923,4.729692477667413e-07,0.9999794960021972,-0.0040251198224723,-0.0049856980331242,7.213249375581654e-08
1900-01-01 11:21:03.933776,-0.02685546875,-0.06591796875,-0.99755859375,0.0152439028024673,0.625,0.0152439028024673,-0.031982421875,-0.1094970703125,1.0084228515625,0.0304878056049346,-0.1524390280246734,-0.091463416814804,0.031982421875,-0.008056640625,1.027587890625,0.6402438879013062,0.4878048896789551,0.045731708407402,0.9999990463256836,-0.0007205111323855,0.0012153033167123,-1.5328403435432847e-08,0.9999446868896484,0.003424447029829,-0.0099466694518923,4.729692477667413e-07,0.9999794960021972,-0.0040251198224723,-0.0049856980331242,7.213249375581654e-08
1900-01-01 11:21:03.934147,-0.0262451171875,-0.065673828125,-0.995361328125,0.2439024448394775,0.2896341383457184,-0.0152439028024673,-0.031982421875,-0.1094970703125,1.0084228515625,0.3506097495555877,0.6554878354072571,0.0304878056049346,0.031494140625,-0.0086669921875,1.0328369140625,0.3810975551605224,0.1219512224197387,0.1829268336296081,0.9999990463256836,-0.0007205111323855,0.0012153033167123,-1.5328403435432847e-08,0.9999446868896484,0.003424447029829,-0.0099466694518923,4.729692477667413e-07,0.9999794960021972,-0.0040251198224723,-0.0049856980331242,7.213249375581654e-08
1900-01-01 11:21:03.934471,-0.0269775390625,-0.0660400390625,-0.9967041015625,0.1067073196172714,0.5792682766914368,0.091463416814804,-0.031982421875,-0.1094970703125,1.0084228515625,0.3506097495555877,0.6554878354072571,0.0304878056049346,0.0318603515625,-0.007080078125,1.0283203125,0.3810975551605224,0.1219512224197387,0.1829268336296081,0.9999990463256836,-0.0007205111323855,0.0012153033167123,-1.5328403435432847e-08,0.9999446868896484,0.003424447029829,-0.0099466694518923,4.729692477667413e-07,0.9999794960021972,-0.0040251198224723,-0.0049856980331242,7.213249375581654e-08
1900-01-01 11:21:03.934692,-0.0267333984375,-0.066650390625,-1.00048828125,0.1067073196172714,0.6402438879013062,-0.1676829308271408,-0.031982421875,-0.1094970703125,1.0084228515625,0.3506097495555877,0.6554878354072571,0.0304878056049346,0.0318603515625,-0.007080078125,1.0283203125,0.5640243887901306,0.4115853607654571,0.1676829308271408,0.9999990463256836,-0.0007205111323855,0.0012153033167123,-1.5328403435432847e-08,0.9999446868896484,0.003424447029829,-0.0099466694518923,4.729692477667413e-07,0.9999794960021972,-0.0040251198224723,-0.0049856980331242,7.213249375581654e-08
1900-01-01 11:21:03.934992,-0.0286865234375,-0.0662841796875,-0.99658203125,-0.045731708407402,0.5030487775802612,-0.045731708407402,-0.0347900390625,-0.1092529296875,1.003662109375,0.1829268336296081,-0.045731708407402,-0.1829268336296081,0.033447265625,-0.0081787109375,1.0272216796875,0.5487805008888245,0.3048780560493469,0.1981707364320755,0.9999990463256836,-0.0007205111323855,0.0012153033167123,-1.5328403435432847e-08,0.9999446868896484,0.003424447029829,-0.0099466694518923,4.729692477667413e-07,0.9999794960021972,-0.0040251198224723,-0.0049856980331242,7.213249375581654e-08
1900-01-01 11:21:03.935295,-0.0283203125,-0.0660400390625,-0.995849609375,0.0304878056049346,0.8231707215309143,-0.1524390280246734,-0.032470703125,-0.10595703125,1.010986328125,0.3048780560493469,0.1067073196172714,-0.3353658616542816,0.032470703125,-0.0068359375,1.029296875,0.5487805008888245,0.3048780560493469,0.1981707364320755,0.9999990463256836,-0.0007205111323855,0.0012153033167123,-1.5328403435432847e-08,0.9999446868896484,0.003424447029829,-0.0099466694518923,4.729692477667413e-07,0.9999794960021972,-0.0040251198224723,-0.0049856980331242,7.213249375581654e-08
1900-01-01 11:21:03.935404,-0.029052734375,-0.0667724609375,-0.9959716796875,0.0304878056049346,0.396341472864151,-0.045731708407402,-0.032470703125,-0.10595703125,1.010986328125,0.3048780560493469,0.1067073196172714,-0.3353658616542816,0.032470703125,-0.0068359375,1.029296875,0.5487805008888245,0.3048780560493469,0.1981707364320755,0.9999990463256836,-0.0007205111323855,0.0012153033167123,-1.5328403435432847e-08,0.9999446868896484,0.003424447029829,-0.0099466694518923,4.729692477667413e-07,0.9999794960021972,-0.0040251198224723,-0.0049856980331242,7.213249375581654e-08
1900-01-01 11:21:03.935558,-0.0267333984375,-0.06494140625,-0.9957275390625,0.1829268336296081,0.5945122241973877,0.2134146392345428,-0.0318603515625,-0.1058349609375,1.0101318359375,0.1829268336296081,0.6554878354072571,-0.1219512224197387,0.032470703125,-0.0068359375,1.029296875,0.5487805008888245,0.3048780560493469,0.1981707364320755,0.9999990463256836,-0.0007205111323855,0.0012153033167123,-1.5328403435432847e-08,0.9999446868896484,0.003424447029829,-0.0099466694518923,4.729692477667413e-07,0.9999794960021972,-0.0040251198224723,-0.0049856980331242,7.213249375581654e-08
1900-01-01 11:21:03.935709,-0.029052734375,-0.0626220703125,-0.994384765625,-0.1981707364320755,0.8384146690368652,0.045731708407402,-0.0340576171875,-0.1058349609375,1.0067138671875,0.5487805008888245,-0.1524390280246734,-0.1219512224197387,0.032470703125,-0.0068359375,1.029296875,0.5487805008888245,0.3048780560493469,0.1981707364320755,0.9999990463256836,-0.0007205111323855,0.0012153033167123,-1.5328403435432847e-08,0.9999446868896484,0.003424447029829,-0.0099466694518923,4.729692477667413e-07,0.9999794960021972,-0.0040251198224723,-0.0049856980331242,7.213249375581654e-08
1900-01-01 11:21:03.935906,-0.0322265625,-0.0611572265625,-0.993896484375,-0.1524390280246734,0.7012194991111755,0.091463416814804,-0.0343017578125,-0.105712890625,1.0107421875,0.1829268336296081,-0.6554878354072571,-0.0762195140123367,0.032470703125,-0.0068359375,1.029296875,0.5487805008888245,0.3048780560493469,0.1981707364320755,0.9999990463256836,-0.0007205111323855,0.0012153033167123,-1.5328403435432847e-08,0.9999446868896484,0.003424447029829,-0.0099466694518923,4.729692477667413e-07,0.9999794960021972,-0.0040251198224723,-0.0049856980331242,7.213249375581654e-08
1900-01-01 11:21:03.936060,-0.0294189453125,-0.06298828125,-0.9942626953125,0.045731708407402,0.5335366129875183,0.2743902504444122,-0.0364990234375,-0.1060791015625,1.0096435546875,0.1524390280246734,-0.1371951252222061,-0.2286585420370102,0.032470703125,-0.0068359375,1.029296875,0.5487805008888245,0.3048780560493469,0.1981707364320755,0.9999990463256836,-0.0007205111323855,0.0012153033167123,-1.5328403435432847e-08,0.9999446868896484,0.003424447029829,-0.0099466694518923,4.729692477667413e-07,0.9999794960021972,-0.0040251198224723,-0.0049856980331242,7.213249375581654e-08
1900-01-01 11:21:03.936244,-0.0303955078125,-0.063720703125,-0.9940185546875,0.1676829308271408,0.7317073345184326,-0.045731708407402,-0.0377197265625,-0.109130859375,1.0067138671875,0.2286585420370102,0.6097561120986938,-0.045731708407402,0.032470703125,-0.0068359375,1.029296875,0.5487805008888245,0.3048780560493469,0.1981707364320755,0.9999990463256836,-0.0007205111323855,0.0012153033167123,-1.5328403435432847e-08,0.9999446868896484,0.003424447029829,-0.0099466694518923,4.729692477667413e-07,0.9999794960021972,-0.0040251198224723,-0.0049856980331242,7.213249375581654e-08
1900-01-01 11:21:03.937234,-0.0284423828125,-0.0638427734375,-0.994873046875,-0.1219512224197387,0.5182926654815674,-0.0609756112098693,-0.031982421875,-0.1094970703125,1.0089111328125,0.0609756112098693,0.1219512224197387,-0.1219512224197387,0.030517578125,-0.0047607421875,1.025634765625,0.6097561120986938,0.3201219439506531,0.1676829308271408,0.9999990463256836,-0.0007205111323855,0.0012153033167123,-1.5328403435432847e-08,0.9999446868896484,0.003424447029829,-0.0099466694518923,4.729692477667413e-07,0.9999794960021972,-0.0040251198224723,-0.0049856980331242,7.213249375581654e-08
1900-01-01 11:21:03.938134,-0.0289306640625,-0.0645751953125,-0.994384765625,0.1524390280246734,0.4878048896789551,0.0,-0.033203125,-0.1072998046875,1.009521484375,0.2134146392345428,0.3353658616542816,0.091463416814804,0.031005859375,-0.007568359375,1.026123046875,0.6554878354072571,0.1829268336296081,0.1371951252222061,0.9999990463256836,-0.0007205111323855,0.0012153033167123,-1.5328403435432847e-08,0.9999446868896484,0.003424447029829,-0.0099466694518923,4.729692477667413e-07,0.9999794960021972,-0.0040251198224723,-0.0049856980331242,7.213249375581654e-08
1900-01-01 11:21:03.938884,-0.027099609375,-0.064208984375,-0.995849609375,0.3201219439506531,0.3810975551605224,-0.1067073196172714,-0.033203125,-0.1072998046875,1.009521484375,0.2134146392345428,0.3353658616542816,0.091463416814804,0.0303955078125,-0.0072021484375,1.0252685546875,0.6707317233085632,0.3658536672592163,-0.045731708407402,0.9999990463256836,-0.0007205111323855,0.0012153033167123,-1.5328403435432847e-08,0.9999446868896484,0.003424447029829,-0.0099466694518923,4.729692477667413e-07,0.9999794960021972,-0.0040251198224723,-0.0049856980331242,7.213249375581654e-08
1900-01-01 11:21:03.938967,-0.0264892578125,-0.06298828125,-0.996826171875,0.3810975551605224,0.5030487775802612,0.0762195140123367,-0.033203125,-0.1072998046875,1.009521484375,0.2134146392345428,0.3353658616542816,0.091463416814804,0.0303955078125,-0.0072021484375,1.0252685546875,0.6707317233085632,0.3658536672592163,-0.045731708407402,0.9999990463256836,-0.0007205111323855,0.0012153033167123,-1.5328403435432847e-08,0.9999446868896484,0.003424447029829,-0.0099466694518923,4.729692477667413e-07,0.9999794960021972,-0.0040251198224723,-0.0049856980331242,7.213249375581654e-08
1900-01-01 11:21:03.939038,-0.0277099609375,-0.06396484375,-0.9974365234375,0.091463416814804,0.4115853607654571,-0.045731708407402,-0.033203125,-0.1072998046875,1.009521484375,0.2134146392345428,0.3353658616542816,0.091463416814804,0.0303955078125,-0.0072021484375,1.0252685546875,0.6707317233085632,0.3658536672592163,-0.045731708407402,0.9999990463256836,-0.0007205111323855,0.0012153033167123,-1.5328403435432847e-08,0.9999446868896484,0.003424447029829,-0.0099466694518923,4.729692477667413e-07,0.9999794960021972,-0.0040251198224723,-0.0049856980331242,7.213249375581654e-08
1900-01-01 11:21:03.939104,-0.0269775390625,-0.0653076171875,-0.9935302734375,0.2286585420370102,0.4878048896789551,0.1981707364320755,-0.033203125,-0.1072998046875,1.009521484375,0.2134146392345428,0.3353658616542816,0.091463416814804,0.0303955078125,-0.0072021484375,1.0252685546875,0.6707317233085632,0.3658536672592163,-0.045731708407402,0.9999990463256836,-0.0007205111323855,0.0012153033167123,-1.5328403435432847e-08,0.9999446868896484,0.003424447029829,-0.0099466694518923,4.729692477667413e-07,0.9999794960021972,-0.0040251198224723,-0.0049856980331242,7.213249375581654e-08
1900-01-01 11:21:03.945404,-0.0274658203125,-0.0655517578125,-0.997314453125,0.0152439028024673,0.4878048896789551,-0.2743902504444122,-0.0318603515625,-0.1087646484375,1.0042724609375,0.2134146392345428,0.3353658616542816,0.091463416814804,0.0302734375,-0.00732421875,1.0291748046875,0.5030487775802612,0.4268292784690857,0.2134146392345428,0.9999990463256836,-0.0007205111323855,0.0012153033167123,-1.5328403435432847e-08,0.9999446868896484,0.003424447029829,-0.0099466694518923,4.729692477667413e-07,0.9999794960021972,-0.0040251198224723,-0.0049856980331242,7.213249375581654e-08
1900-01-01 11:21:03.952427,-0.028564453125,-0.0673828125,-0.9986572265625,0.1524390280246734,0.5030487775802612,0.0,-0.0323486328125,-0.1082763671875,1.00732421875,0.1981707364320755,-0.2286585420370102,-0.1829268336296081,0.0302734375,-0.00732421875,1.0291748046875,0.5030487775802612,0.4268292784690857,0.2134146392345428,0.9999990463256836,-0.0007205111323855,0.0012153033167123,-1.5328403435432847e-08,0.9999446868896484,0.003424447029829,-0.0099466694518923,4.729692477667413e-07,0.9999794960021972,-0.0040251198224723,-0.0049856980331242,7.213249375581654e-08
1900-01-01 11:21:03.962299,-0.0294189453125,-0.0662841796875,-0.9925537109375,-0.045731708407402,0.625,0.0304878056049346,-0.03369140625,-0.1094970703125,1.0103759765625,0.2896341383457184,-0.0152439028024673,-0.1067073196172714,0.03173828125,-0.0068359375,1.02783203125,0.5792682766914368,0.3810975551605224,0.1981707364320755,0.9999990463256836,-0.0007205111323855,0.0012153033167123,-1.5328403435432847e-08,0.9999446868896484,0.003424447029829,-0.0099466694518923,4.729692477667413e-07,0.9999794960021972,-0.0040251198224723,-0.0049856980331242,7.213249375581654e-08
1900-01-01 11:21:03.970294,-0.029296875,-0.0628662109375,-0.9947509765625,0.045731708407402,0.5945122241973877,-0.045731708407402,-0.0341796875,-0.1094970703125,1.0069580078125,0.2896341383457184,0.6402438879013062,0.1524390280246734,0.0306396484375,-0.0057373046875,1.02490234375,0.5945122241973877,0.1829268336296081,0.2134146392345428,0.9999990463256836,-0.0007205111323855,0.0012153033167123,-1.5328403435432847e-08,0.9999446868896484,0.003424447029829,-0.0099466694518923,4.729692477667413e-07,0.9999794960021972,-0.0040251198224723,-0.0049856980331242,7.213249375581654e-08
1900-01-01 11:21:03.988338,-0.02880859375,-0.0645751953125,-0.9984130859375,0.1067073196172714,0.4878048896789551,0.1524390280246734,-0.0335693359375,-0.1090087890625,1.0091552734375,0.2134146392345428,-0.2591463327407837,-0.1829268336296081,0.030517578125,-0.0052490234375,1.02490234375,0.6097561120986938,0.091463416814804,0.1676829308271408,0.9999990463256836,-0.0007205111323855,0.0012153033167123,-1.5328403435432847e-08,0.9999446868896484,0.003424447029829,-0.0099466694518923,4.729692477667413e-07,0.9999794960021972,-0.0040251198224723,-0.0049856980331242,7.213249375581654e-08
1900-01-01 11:21:04.005338,-0.02880859375,-0.0635986328125,-0.99267578125,0.3201219439506531,0.4573170840740204,-0.0304878056049346,-0.0318603515625,-0.110107421875,1.0096435546875,0.091463416814804,0.8079268336296082,-0.1524390280246734,0.0299072265625,-0.005126953125,1.0238037109375,0.3506097495555877,0.3201219439506531,0.1067073196172714,0.9999990463256836,-0.0007205111323855,0.0012153033167123,-1.5328403435432847e-08,0.9999446868896484,0.003424447029829,-0.0099466694518923,4.729692477667413e-07,0.9999794960021972,-0.0040251198224723,-0.0049856980331242,7.213249375581654e-08
1900-01-01 11:21:04.005461,-0.0301513671875,-0.0628662109375,-0.9925537109375,0.0,0.4420731663703918,-0.1067073196172714,-0.0318603515625,-0.110107421875,1.0096435546875,0.091463416814804,0.8079268336296082,-0.1524390280246734,0.0299072265625,-0.005126953125,1.0238037109375,0.3506097495555877,0.3201219439506531,0.1067073196172714,0.9999990463256836,-0.0007205111323855,0.0012153033167123,-1.5328403435432847e-08,0.9999446868896484,0.003424447029829,-0.0099466694518923,4.729692477667413e-07,0.9999794960021972,-0.0040251198224723,-0.0049856980331242,7.213249375581654e-08
1900-01-01 11:21:04.015694,-0.0289306640625,-0.0640869140625,-0.997314453125,0.3353658616542816,0.5335366129875183,0.0609756112098693,-0.0345458984375,-0.1090087890625,1.0062255859375,0.4420731663703918,0.2743902504444122,-0.0152439028024673,0.0318603515625,-0.0069580078125,1.028076171875,0.3353658616542816,0.3810975551605224,0.2439024448394775,0.9999990463256836,-0.0007205111323855,0.0012153033167123,-1.5328403435432847e-08,0.9999446868896484,0.003424447029829,-0.0099466694518923,4.729692477667413e-07,0.9999794960021972,-0.0040251198224723,-0.0049856980331242,7.213249375581654e-08
1900-01-01 11:21:04.022545,-0.0294189453125,-0.0645751953125,-0.9989013671875,-0.0609756112098693,0.4268292784690857,0.0,-0.035400390625,-0.1090087890625,1.0067138671875,0.4420731663703918,0.2743902504444122,-0.0152439028024673,0.032958984375,-0.007568359375,1.029541015625,0.5335366129875183,0.1981707364320755,0.2134146392345428,0.9999990463256836,-0.0007205111323855,0.0012153033167123,-1.5328403435432847e-08,0.9999446868896484,0.003424447029829,-0.0099466694518923,4.729692477667413e-07,0.9999794960021972,-0.0040251198224723,-0.0049856980331242,7.213249375581654e-08
1900-01-01 11:21:04.031361,-0.028564453125,-0.066650390625,-0.9974365234375,0.1371951252222061,0.4573170840740204,0.1219512224197387,-0.032958984375,-0.1087646484375,1.0107421875,0.3506097495555877,0.0304878056049346,-0.1676829308271408,0.032958984375,-0.007568359375,1.029541015625,0.5335366129875183,0.1981707364320755,0.2134146392345428,0.9999990463256836,-0.0007205111323855,0.0012153033167123,-1.5328403435432847e-08,0.9999446868896484,0.003424447029829,-0.0099466694518923,4.729692477667413e-07,0.9999794960021972,-0.0040251198224723,-0.0049856980331242,7.213249375581654e-08
1900-01-01 11:21:04.046403,-0.02880859375,-0.0650634765625,-0.9970703125,-0.091463416814804,0.5335366129875183,0.1067073196172714,-0.0323486328125,-0.1072998046875,1.0108642578125,0.3506097495555877,0.0304878056049346,-0.1676829308271408,0.0318603515625,-0.0079345703125,1.0263671875,0.5945122241973877,0.1524390280246734,0.2286585420370102,0.9999990463256836,-0.0007205111323855,0.0012153033167123,-1.5328403435432847e-08,0.9999446868896484,0.003424447029829,-0.0099466694518923,4.729692477667413e-07,0.9999794960021972,-0.0040251198224723,-0.0049856980331242,7.213249375581654e-08
1900-01-01 11:21:04.062178,-0.028076171875,-0.065673828125,-0.998046875,-0.2134146392345428,0.6707317233085632,0.0,-0.0323486328125,-0.1072998046875,1.0108642578125,0.3506097495555877,0.0304878056049346,-0.1676829308271408,0.0323486328125,-0.0068359375,1.02685546875,0.5945122241973877,0.1524390280246734,0.2286585420370102,0.9999990463256836,-0.0007205111323855,0.0012153033167123,-1.5328403435432847e-08,0.9999446868896484,0.003424447029829,-0.0099466694518923,4.729692477667413e-07,0.9999794960021972,-0.0040251198224723,-0.0049856980331242,7.213249375581654e-08
1900-01-01 11:21:04.083976,-0.0279541015625,-0.064208984375,-0.9970703125,0.3048780560493469,0.5030487775802612,-0.2134146392345428,-0.0321044921875,-0.107666015625,1.0108642578125,0.5792682766914368,-0.7164634466171265,-0.1371951252222061,0.0323486328125,-0.0068359375,1.02685546875,0.5945122241973877,0.1524390280246734,0.2286585420370102,0.9999990463256836,-0.0007205111323855,0.0012153033167123,-1.5328403435432847e-08,0.9999446868896484,0.003424447029829,-0.0099466694518923,4.729692477667413e-07,0.9999794960021972,-0.0040251198224723,-0.0049856980331242,7.213249375581654e-08
1900-01-01 11:21:04.132181,-0.0272216796875,-0.0648193359375,-0.9971923828125,0.1981707364320755,0.396341472864151,-0.1219512224197387,-0.0340576171875,-0.10693359375,1.009033203125,0.2439024448394775,0.2439024448394775,-0.1371951252222061,0.031494140625,-0.0074462890625,1.029541015625,0.4878048896789551,0.3201219439506531,0.1829268336296081,0.9999990463256836,-0.0007205111323855,0.0012153033167123,-1.5328403435432847e-08,0.9999446868896484,0.003424447029829,-0.0099466694518923,4.729692477667413e-07,0.9999794960021972,-0.0040251198224723,-0.0049856980331242,7.213249375581654e-08
1900-01-01 11:21:04.181918,-0.026611328125,-0.068115234375,-0.9986572265625,0.2286585420370102,0.4115853607654571,0.1219512224197387,-0.0325927734375,-0.10986328125,1.0084228515625,0.0304878056049346,-0.6554878354072571,-0.1829268336296081,0.031494140625,-0.0074462890625,1.029541015625,0.4878048896789551,0.3201219439506531,0.1829268336296081,0.9999990463256836,-0.0007205111323855,0.0012153033167123,-1.5328403435432847e-08,0.9999446868896484,0.003424447029829,-0.0099466694518923,4.729692477667413e-07,0.9999794960021972,-0.0040251198224723,-0.0049856980331242,7.213249375581654e-08
1900-01-01 11:21:04.219915,-0.027587890625,-0.0679931640625,-0.9986572265625,0.091463416814804,0.5182926654815674,0.1524390280246734,-0.0321044921875,-0.110595703125,1.0076904296875,0.2134146392345428,-0.0609756112098693,0.0762195140123367,0.031494140625,-0.0078125,1.0281982421875,0.5030487775802612,0.396341472864151,0.2439024448394775,0.9999990463256836,-0.0007205111323855,0.0012153033167123,-1.5328403435432847e-08,0.9999446868896484,0.003424447029829,-0.0099466694518923,4.729692477667413e-07,0.9999794960021972,-0.0040251198224723,-0.0049856980331242,7.213249375581654e-08
1900-01-01 11:21:04.225979,-0.026611328125,-0.066162109375,-0.99560546875,0.1371951252222061,0.4725609719753265,0.1524390280246734,-0.037109375,-0.1094970703125,1.0059814453125,0.2591463327407837,0.3048780560493469,-0.1371951252222061,0.031494140625,-0.0078125,1.0281982421875,0.4878048896789551,0.2743902504444122,0.1067073196172714,0.9999990463256836,-0.0007205111323855,0.0012153033167123,-1.5328403435432847e-08,0.9999446868896484,0.003424447029829,-0.0099466694518923,4.729692477667413e-07,0.9999794960021972,-0.0040251198224723,-0.0049856980331242,7.213249375581654e-08
1900-01-01 11:21:04.252064,-0.027587890625,-0.066162109375,-0.9957275390625,0.2286585420370102,0.6554878354072571,-0.1219512224197387,-0.0347900390625,-0.108154296875,1.0048828125,0.1676829308271408,-0.3810975551605224,-0.2439024448394775,0.031494140625,-0.0078125,1.0281982421875,0.4878048896789551,0.2743902504444122,0.1067073196172714,0.9999990463256836,-0.0007205111323855,0.0012153033167123,-1.5328403435432847e-08,0.9999446868896484,0.003424447029829,-0.0099466694518923,4.729692477667413e-07,0.9999794960021972,-0.0040251198224723,-0.0049856980331242,7.213249375581654e-08
1900-01-01 11:21:04.252819,-0.0284423828125,-0.063232421875,-0.9964599609375,0.1371951252222061,0.5487805008888245,-0.3506097495555877,-0.03076171875,-0.109130859375,1.0074462890625,0.5335366129875183,0.0304878056049346,-0.0304878056049346,0.033203125,-0.0089111328125,1.0267333984375,0.4878048896789551,0.2743902504444122,0.1067073196172714,0.9999990463256836,-0.0007205111323855,0.0012153033167123,-1.5328403435432847e-08,0.9999446868896484,0.003424447029829,-0.0099466694518923,4.729692477667413e-07,0.9999794960021972,-0.0040251198224723,-0.0049856980331242,7.213249375581654e-08
1900-01-01 11:21:04.279669,-0.029541015625,-0.06396484375,-0.9947509765625,-0.1067073196172714,0.3201219439506531,0.045731708407402,-0.03076171875,-0.109130859375,1.0074462890625,0.0762195140123367,0.4420731663703918,-0.091463416814804,0.0318603515625,-0.0091552734375,1.029541015625,0.625,0.2286585420370102,0.091463416814804,0.9999990463256836,-0.0007205111323855,0.0012153033167123,-1.5328403435432847e-08,0.9999446868896484,0.003424447029829,-0.0099466694518923,4.729692477667413e-07,0.9999794960021972,-0.0040251198224723,-0.0049856980331242,7.213249375581654e-08
1900-01-01 11:21:04.311564,-0.0306396484375,-0.0633544921875,-0.9937744140625,0.0762195140123367,0.6554878354072571,0.091463416814804,-0.032470703125,-0.10888671875,1.0040283203125,0.1371951252222061,-0.1371951252222061,-0.1067073196172714,0.0311279296875,-0.00830078125,1.029541015625,0.625,0.2286585420370102,0.091463416814804,0.9999990463256836,-0.0007205111323855,0.0012153033167123,-1.5328403435432847e-08,0.9999446868896484,0.003424447029829,-0.0099466694518923,4.729692477667413e-07,0.9999794960021972,-0.0040251198224723,-0.0049856980331242,7.213249375581654e-08
1900-01-01 11:21:04.357073,-0.030029296875,-0.063720703125,-0.99658203125,-0.0304878056049346,0.4115853607654571,0.0609756112098693,-0.0330810546875,-0.1064453125,1.0096435546875,0.1524390280246734,0.1676829308271408,-0.0152439028024673,0.0328369140625,-0.0086669921875,1.0269775390625,0.5640243887901306,0.396341472864151,0.1524390280246734,0.9999990463256836,-0.0007205111323855,0.0012153033167123,-1.5328403435432847e-08,0.9999446868896484,0.003424447029829,-0.0099466694518923,4.729692477667413e-07,0.9999794960021972,-0.0040251198224723,-0.0049856980331242,7.213249375581654e-08
1900-01-01 11:21:04.393942,-0.0291748046875,-0.0640869140625,-0.9962158203125,0.0762195140123367,0.7164634466171265,0.0304878056049346,-0.0316162109375,-0.1072998046875,1.010009765625,0.2896341383457184,0.2439024448394775,0.1524390280246734,0.0328369140625,-0.0086669921875,1.0269775390625,0.5792682766914368,0.091463416814804,0.1829268336296081,0.9999990463256836,-0.0007205111323855,0.0012153033167123,-1.5328403435432847e-08,0.9999446868896484,0.003424447029829,-0.0099466694518923,4.729692477667413e-07,0.9999794960021972,-0.0040251198224723,-0.0049856980331242,7.213249375581654e-08
1900-01-01 11:21:04.428474,-0.029541015625,-0.0645751953125,-0.99609375,-0.0152439028024673,0.5182926654815674,0.0152439028024673,-0.0338134765625,-0.1075439453125,1.0064697265625,0.4878048896789551,-0.1524390280246734,-0.2896341383457184,0.0303955078125,-0.0052490234375,1.0269775390625,0.2286585420370102,0.2286585420370102,0.1981707364320755,0.9999990463256836,-0.0007205111323855,0.0012153033167123,-1.5328403435432847e-08,0.9999446868896484,0.003424447029829,-0.0099466694518923,4.729692477667413e-07,0.9999794960021972,-0.0040251198224723,-0.0049856980331242,7.213249375581654e-08
1900-01-01 11:21:04.429161,-0.0262451171875,-0.06396484375,-0.9949951171875,0.0762195140123367,0.6554878354072571,0.1371951252222061,-0.0343017578125,-0.1072998046875,1.008544921875,0.2286585420370102,-0.2439024448394775,-0.1067073196172714,0.0313720703125,-0.0057373046875,1.0260009765625,0.2286585420370102,0.2286585420370102,0.1981707364320755,0.9999990463256836,-0.0007205111323855,0.0012153033167123,-1.5328403435432847e-08,0.9999446868896484,0.003424447029829,-0.0099466694518923,4.729692477667413e-07,0.9999794960021972,-0.0040251198224723,-0.0049856980331242,7.213249375581654e-08
1900-01-01 11:21:04.430472,-0.02685546875,-0.063232421875,-0.992919921875,-0.0152439028024673,0.4420731663703918,0.1829268336296081,-0.03515625,-0.1090087890625,1.0059814453125,0.1981707364320755,0.5335366129875183,-0.2439024448394775,0.030517578125,-0.005859375,1.0272216796875,0.5487805008888245,0.2896341383457184,0.1981707364320755,0.9999990463256836,-0.0007205111323855,0.0012153033167123,-1.5328403435432847e-08,0.9999446868896484,0.003424447029829,-0.0099466694518923,4.729692477667413e-07,0.9999794960021972,-0.0040251198224723,-0.0049856980331242,7.213249375581654e-08
1900-01-01 11:21:04.432380,-0.0286865234375,-0.06494140625,-0.994873046875,0.1219512224197387,0.625,-0.0304878056049346,-0.0330810546875,-0.1068115234375,1.0098876953125,0.0609756112098693,0.5030487775802612,-0.0609756112098693,0.0306396484375,-0.007568359375,1.02734375,0.6554878354072571,0.4115853607654571,0.0,0.9999990463256836,-0.0007205111323855,0.0012153033167123,-1.5328403435432847e-08,0.9999446868896484,0.003424447029829,-0.0099466694518923,4.729692477667413e-07,0.9999794960021972,-0.0040251198224723,-0.0049856980331242,7.213249375581654e-08
1900-01-01 11:21:04.433373,-0.0277099609375,-0.064697265625,-0.99560546875,0.3201219439506531,0.6402438879013062,-0.1067073196172714,-0.0350341796875,-0.10791015625,1.0054931640625,0.2896341383457184,0.3658536672592163,-0.0762195140123367,0.030029296875,-0.008056640625,1.025390625,0.6554878354072571,0.0609756112098693,0.2896341383457184,0.9999990463256836,-0.0007205111323855,0.0012153033167123,-1.5328403435432847e-08,0.9999446868896484,0.003424447029829,-0.0099466694518923,4.729692477667413e-07,0.9999794960021972,-0.0040251198224723,-0.0049856980331242,7.213249375581654e-08
1900-01-01 11:21:04.434033,-0.02685546875,-0.0653076171875,-0.9954833984375,0.2439024448394775,0.3506097495555877,0.045731708407402,-0.035400390625,-0.1104736328125,1.005126953125,0.2896341383457184,0.3658536672592163,-0.0762195140123367,0.0296630859375,-0.0062255859375,1.0267333984375,0.6554878354072571,0.0609756112098693,0.2896341383457184,0.9999990463256836,-0.0007205111323855,0.0012153033167123,-1.5328403435432847e-08,0.9999446868896484,0.003424447029829,-0.0099466694518923,4.729692477667413e-07,0.9999794960021972,-0.0040251198224723,-0.0049856980331242,7.213249375581654e-08
1900-01-01 11:21:04.434507,-0.0263671875,-0.064208984375,-0.995361328125,0.3048780560493469,0.6097561120986938,0.0152439028024673,-0.035400390625,-0.1104736328125,1.005126953125,0.3506097495555877,-0.6554878354072571,-0.0762195140123367,0.02978515625,-0.0052490234375,1.0260009765625,0.4725609719753265,0.3201219439506531,0.4268292784690857,0.9999990463256836,-0.0007205111323855,0.0012153033167123,-1.5328403435432847e-08,0.9999446868896484,0.003424447029829,-0.0099466694518923,4.729692477667413e-07,0.9999794960021972,-0.0040251198224723,-0.0049856980331242,7.213249375581654e-08
1900-01-01 11:21:04.434946,-0.0263671875,-0.0665283203125,-0.997802734375,-0.1219512224197387,0.7012194991111755,0.1371951252222061,-0.031982421875,-0.1107177734375,1.011474609375,0.3506097495555877,-0.6554878354072571,-0.0762195140123367,0.02978515625,-0.0052490234375,1.0260009765625,0.5335366129875183,0.2134146392345428,0.0609756112098693,0.9999990463256836,-0.0007205111323855,0.0012153033167123,-1.5328403435432847e-08,0.9999446868896484,0.003424447029829,-0.0099466694518923,4.729692477667413e-07,0.9999794960021972,-0.0040251198224723,-0.0049856980331242,7.213249375581654e-08
1900-01-01 11:21:04.435169,-0.029052734375,-0.0657958984375,-0.99560546875,-0.1371951252222061,0.1829268336296081,0.0152439028024673,-0.031982421875,-0.1107177734375,1.011474609375,0.3506097495555877,-0.6554878354072571,-0.0762195140123367,0.0308837890625,-0.00634765625,1.0277099609375,0.5335366129875183,0.045731708407402,0.1829268336296081,0.9999990463256836,-0.0007205111323855,0.0012153033167123,-1.5328403435432847e-08,0.9999446868896484,0.003424447029829,-0.0099466694518923,4.729692477667413e-07,0.9999794960021972,-0.0040251198224723,-0.0049856980331242,7.213249375581654e-08
1900-01-01 11:21:04.435502,-0.030517578125,-0.0650634765625,-0.992431640625,-0.0152439028024673,0.8536585569381714,-0.1676829308271408,-0.031982421875,-0.1107177734375,1.011474609375,0.1829268336296081,-0.1219512224197387,-0.0762195140123367,0.0303955078125,-0.0089111328125,1.0264892578125,0.2591463327407837,0.2286585420370102,-0.091463416814804,0.9999990463256836,-0.0007205111323855,0.0012153033167123,-1.5328403435432847e-08,0.9999446868896484,0.003424447029829,-0.0099466694518923,4.729692477667413e-07,0.9999794960021972,-0.0040251198224723,-0.0049856980331242,7.213249375581654e-08
1900-01-01 11:21:04.435799,-0.02734375,-0.064697265625,-0.994873046875,-0.045731708407402,0.2591463327407837,-0.1371951252222061,-0.03271484375,-0.108642578125,1.010009765625,0.1829268336296081,-0.1219512224197387,-0.0762195140123367,0.031494140625,-0.0087890625,1.02587890625,0.5182926654815674,0.1676829308271408,0.045731708407402,0.9999990463256836,-0.0007205111323855,0.0012153033167123,-1.5328403435432847e-08,0.9999446868896484,0.003424447029829,-0.0099466694518923,4.729692477667413e-07,0.9999794960021972,-0.0040251198224723,-0.0049856980331242,7.213249375581654e-08
1900-01-01 11:21:04.437016,-0.02587890625,-0.0638427734375,-0.9976806640625,0.2134146392345428,0.5182926654815674,-0.0152439028024673,-0.0367431640625,-0.106689453125,1.0103759765625,0.4115853607654571,-0.4573170840740204,-0.2896341383457184,0.031982421875,-0.0067138671875,1.0245361328125,0.3658536672592163,0.2439024448394775,0.0762195140123367,0.9999990463256836,-0.0007205111323855,0.0012153033167123,-1.5328403435432847e-08,0.9999446868896484,0.003424447029829,-0.0099466694518923,4.729692477667413e-07,0.9999794960021972,-0.0040251198224723,-0.0049856980331242,7.213249375581654e-08
1900-01-01 11:21:04.437173,-0.028076171875,-0.063232421875,-0.994873046875,0.045731708407402,0.7317073345184326,0.1829268336296081,-0.0367431640625,-0.106689453125,1.0103759765625,0.4573170840740204,-0.4878048896789551,-0.1524390280246734,0.031982421875,-0.0067138671875,1.0245361328125,0.5487805008888245,0.3048780560493469,0.1981707364320755,0.9999990463256836,-0.0007205111323855,0.0012153033167123,-1.5328403435432847e-08,0.9999446868896484,0.003424447029829,-0.0099466694518923,4.729692477667413e-07,0.9999794960021972,-0.0040251198224723,-0.0049856980331242,7.213249375581654e-08
1900-01-01 11:21:04.437643,-0.030029296875,-0.0650634765625,-0.992919921875,0.0304878056049346,0.3353658616542816,0.1371951252222061,-0.03515625,-0.107421875,1.0086669921875,-0.0609756112098693,0.4268292784690857,-0.1676829308271408,0.0303955078125,-0.0050048828125,1.026123046875,0.5487805008888245,0.3048780560493469,0.2743902504444122,0.9999990463256836,-0.0007205111323855,0.0012153033167123,-1.5328403435432847e-08,0.9999446868896484,0.003424447029829,-0.0099466694518923,4.729692477667413e-07,0.9999794960021972,-0.0040251198224723,-0.0049856980331242,7.213249375581654e-08
1900-01-01 11:21:04.437958,-0.0296630859375,-0.064453125,-0.998291015625,0.0609756112098693,0.6707317233085632,-0.2896341383457184,-0.0357666015625,-0.109619140625,1.0052490234375,0.2591463327407837,0.2591463327407837,-0.2134146392345428,0.030517578125,-0.007080078125,1.025390625,0.4725609719753265,0.396341472864151,0.3810975551605224,0.9999990463256836,-0.0007205111323855,0.0012153033167123,-1.5328403435432847e-08,0.9999446868896484,0.003424447029829,-0.0099466694518923,4.729692477667413e-07,0.9999794960021972,-0.0040251198224723,-0.0049856980331242,7.213249375581654e-08
1900-01-01 11:21:04.438145,-0.029052734375,-0.063720703125,-0.996826171875,0.3506097495555877,0.2743902504444122,0.1981707364320755,-0.0352783203125,-0.1102294921875,1.0069580078125,0.2591463327407837,-0.3658536672592163,-0.3048780560493469,0.030517578125,-0.007080078125,1.025390625,0.4725609719753265,0.396341472864151,0.3810975551605224,0.9999990463256836,-0.0007205111323855,0.0012153033167123,-1.5328403435432847e-08,0.9999446868896484,0.003424447029829,-0.0099466694518923,4.729692477667413e-07,0.9999794960021972,-0.0040251198224723,-0.0049856980331242,7.213249375581654e-08
1900-01-01 11:21:04.438648,-0.0296630859375,-0.0648193359375,-0.9947509765625,0.0,0.4573170840740204,0.2591463327407837,-0.0343017578125,-0.1107177734375,1.00830078125,-0.2286585420370102,0.2896341383457184,-0.091463416814804,0.031494140625,-0.008544921875,1.0289306640625,0.4878048896789551,0.2896341383457184,0.1067073196172714,0.9999990463256836,-0.0007205111323855,0.0012153033167123,-1.5328403435432847e-08,0.9999446868896484,0.003424447029829,-0.0099466694518923,4.729692477667413e-07,0.9999794960021972,-0.0040251198224723,-0.0049856980331242,7.213249375581654e-08
1900-01-01 11:21:04.438791,-0.0286865234375,-0.0648193359375,-0.9974365234375,0.2896341383457184,0.4420731663703918,-0.0609756112098693,-0.0343017578125,-0.1107177734375,1.00830078125,-0.2286585420370102,0.2896341383457184,-0.091463416814804,0.03076171875,-0.0086669921875,1.029541015625,0.5182926654815674,0.1829268336296081,0.0762195140123367,0.9999990463256836,-0.0007205111323855,0.0012153033167123,-1.5328403435432847e-08,0.9999446868896484,0.003424447029829,-0.0099466694518923,4.729692477667413e-07,0.9999794960021972,-0.0040251198224723,-0.0049856980331242,7.213249375581654e-08
1900-01-01 11:21:04.438930,-0.02783203125,-0.0673828125,-0.9996337890625,0.2743902504444122,0.2591463327407837,0.2591463327407837,-0.0343017578125,-0.1107177734375,1.00830078125,-0.2286585420370102,0.2896341383457184,-0.091463416814804,0.03173828125,-0.0081787109375,1.0289306640625,0.5487805008888245,0.0762195140123367,0.1067073196172714,0.9999990463256836,-0.0007205111323855,0.0012153033167123,-1.5328403435432847e-08,0.9999446868896484,0.003424447029829,-0.0099466694518923,4.729692477667413e-07,0.9999794960021972,-0.0040251198224723,-0.0049856980331242,7.213249375581654e-08
1900-01-01 11:21:04.439071,-0.02734375,-0.0673828125,-0.9981689453125,-0.0609756112098693,0.4725609719753265,0.1524390280246734,-0.0343017578125,-0.1107177734375,1.00830078125,-0.2286585420370102,0.2896341383457184,-0.091463416814804,0.0322265625,-0.009033203125,1.03076171875,0.5640243887901306,0.2439024448394775,0.1067073196172714,0.9999990463256836,-0.0007205111323855,0.0012153033167123,-1.5328403435432847e-08,0.9999446868896484,0.003424447029829,-0.0099466694518923,4.729692477667413e-07,0.9999794960021972,-0.0040251198224723,-0.0049856980331242,7.213249375581654e-08
1900-01-01 11:21:04.439173,-0.029052734375,-0.0672607421875,-0.9981689453125,0.2591463327407837,0.5182926654815674,0.1371951252222061,-0.0343017578125,-0.1107177734375,1.00830078125,-0.2286585420370102,0.2896341383457184,-0.091463416814804,0.0322265625,-0.009033203125,1.03076171875,0.5030487775802612,0.0,0.1371951252222061,0.9999990463256836,-0.0007205111323855,0.0012153033167123,-1.5328403435432847e-08,0.9999446868896484,0.003424447029829,-0.0099466694518923,4.729692477667413e-07,0.9999794960021972,-0.0040251198224723,-0.0049856980331242,7.213249375581654e-08
1900-01-01 11:21:04.439337,-0.0289306640625,-0.066650390625,-0.998779296875,-0.0304878056049346,0.7164634466171265,-0.0152439028024673,-0.0343017578125,-0.1107177734375,1.00830078125,-0.2286585420370102,0.2896341383457184,-0.091463416814804,0.031982421875,-0.0081787109375,1.0289306640625,0.8841463327407837,0.2743902504444122,0.1676829308271408,0.9999990463256836,-0.0007205111323855,0.0012153033167123,-1.5328403435432847e-08,0.9999446868896484,0.003424447029829,-0.0099466694518923,4.729692477667413e-07,0.9999794960021972,-0.0040251198224723,-0.0049856980331242,7.213249375581654e-08
1900-01-01 11:21:04.439462,-0.027099609375,-0.06689453125,-0.998291015625,0.045731708407402,0.6402438879013062,0.2286585420370102,-0.0343017578125,-0.1107177734375,1.00830078125,-0.2286585420370102,0.2896341383457184,-0.091463416814804,0.031494140625,-0.0086669921875,1.0279541015625,0.8841463327407837,0.2743902504444122,0.1676829308271408,0.9999990463256836,-0.0007205111323855,0.0012153033167123,-1.5328403435432847e-08,0.9999446868896484,0.003424447029829,-0.0099466694518923,4.729692477667413e-07,0.9999794960021972,-0.0040251198224723,-0.0049856980331242,7.213249375581654e-08
1900-01-01 11:21:04.439598,-0.0279541015625,-0.06640625,-0.9970703125,-0.0152439028024673,0.5792682766914368,0.0304878056049346,-0.0343017578125,-0.1107177734375,1.00830078125,-0.2286585420370102,0.2896341383457184,-0.091463416814804,0.0299072265625,-0.0064697265625,1.0294189453125,0.4878048896789551,0.4725609719753265,0.1676829308271408,0.9999990463256836,-0.0007205111323855,0.0012153033167123,-1.5328403435432847e-08,0.9999446868896484,0.003424447029829,-0.0099466694518923,4.729692477667413e-07,0.9999794960021972,-0.0040251198224723,-0.0049856980331242,7.213249375581654e-08
1900-01-01 11:21:04.439733,-0.0283203125,-0.0638427734375,-0.9952392578125,-0.0762195140123367,0.5030487775802612,-0.2286585420370102,-0.0343017578125,-0.1107177734375,1.00830078125,-0.2286585420370102,0.2896341383457184,-0.091463416814804,0.0316162109375,-0.006103515625,1.0277099609375,0.6097561120986938,0.2439024448394775,0.1067073196172714,0.9999990463256836,-0.0007205111323855,0.0012153033167123,-1.5328403435432847e-08,0.9999446868896484,0.003424447029829,-0.0099466694518923,4.729692477667413e-07,0.9999794960021972,-0.0040251198224723,-0.0049856980331242,7.213249375581654e-08
1900-01-01 11:21:04.442362,-0.029052734375,-0.0638427734375,-0.995361328125,0.1371951252222061,0.3353658616542816,0.045731708407402,-0.0343017578125,-0.1107177734375,1.00830078125,-0.2286585420370102,0.2896341383457184,-0.091463416814804,0.03076171875,-0.0068359375,1.0264892578125,0.3048780560493469,0.4573170840740204,-0.045731708407402,0.9999990463256836,-0.0007205111323855,0.0012153033167123,-1.5328403435432847e-08,0.9999446868896484,0.003424447029829,-0.0099466694518923,4.729692477667413e-07,0.9999794960021972,-0.0040251198224723,-0.0049856980331242,7.213249375581654e-08
1900-01-01 11:21:04.452301,-0.029296875,-0.0653076171875,-0.9967041015625,-0.0609756112098693,0.3658536672592163,0.0609756112098693,-0.0338134765625,-0.111328125,1.0052490234375,0.2743902504444122,0.2134146392345428,0.0304878056049346,0.0303955078125,-0.005615234375,1.0235595703125,0.4115853607654571,0.1676829308271408,0.2591463327407837,0.9999990463256836,-0.0007205111323855,0.0012153033167123,-1.5328403435432847e-08,0.9999446868896484,0.003424447029829,-0.0099466694518923,4.729692477667413e-07,0.9999794960021972,-0.0040251198224723,-0.0049856980331242,7.213249375581654e-08
1900-01-01 11:21:04.452420,-0.0281982421875,-0.0628662109375,-0.9957275390625,0.2439024448394775,0.8536585569381714,-0.2439024448394775,-0.0338134765625,-0.111328125,1.0052490234375,0.2743902504444122,0.2134146392345428,0.0304878056049346,0.0303955078125,-0.005615234375,1.0235595703125,0.4115853607654571,0.1676829308271408,0.2591463327407837,0.9999990463256836,-0.0007205111323855,0.0012153033167123,-1.5328403435432847e-08,0.9999446868896484,0.003424447029829,-0.0099466694518923,4.729692477667413e-07,0.9999794960021972,-0.0040251198224723,-0.0049856980331242,7.213249375581654e-08
1900-01-01 11:21:04.452516,-0.0291748046875,-0.061767578125,-0.99462890625,-0.0304878056049346,0.3810975551605224,-0.1219512224197387,-0.0338134765625,-0.111328125,1.0052490234375,0.2743902504444122,0.2134146392345428,0.0304878056049346,0.0303955078125,-0.005615234375,1.0235595703125,0.4115853607654571,0.1676829308271408,0.2591463327407837,0.9999990463256836,-0.0007205111323855,0.0012153033167123,-1.5328403435432847e-08,0.9999446868896484,0.003424447029829,-0.0099466694518923,4.729692477667413e-07,0.9999794960021972,-0.0040251198224723,-0.0049856980331242,7.213249375581654e-08
1900-01-01 11:21:04.461489,-0.0286865234375,-0.0633544921875,-0.9947509765625,0.091463416814804,0.4573170840740204,0.3810975551605224,-0.034912109375,-0.10986328125,1.0029296875,0.2134146392345428,-0.0304878056049346,-0.3048780560493469,0.02978515625,-0.0052490234375,1.0247802734375,0.4725609719753265,0.2286585420370102,0.3658536672592163,0.9999990463256836,-0.0007205111323855,0.0012153033167123,-1.5328403435432847e-08,0.9999446868896484,0.003424447029829,-0.0099466694518923,4.729692477667413e-07,0.9999794960021972,-0.0040251198224723,-0.0049856980331242,7.213249375581654e-08
1900-01-01 11:21:04.468394,-0.0269775390625,-0.0615234375,-0.994140625,0.2743902504444122,0.5640243887901306,0.0762195140123367,-0.0303955078125,-0.110595703125,1.008056640625,0.1829268336296081,-0.2286585420370102,0.1067073196172714,0.02978515625,-0.0052490234375,1.0247802734375,0.4725609719753265,0.2286585420370102,0.3658536672592163,0.9999990463256836,-0.0007205111323855,0.0012153033167123,-1.5328403435432847e-08,0.9999446868896484,0.003424447029829,-0.0099466694518923,4.729692477667413e-07,0.9999794960021972,-0.0040251198224723,-0.0049856980331242,7.213249375581654e-08
1900-01-01 11:21:04.496312,-0.027587890625,-0.063232421875,-0.9951171875,-0.1219512224197387,0.6707317233085632,0.1219512224197387,-0.033935546875,-0.1068115234375,1.0050048828125,0.1676829308271408,0.1067073196172714,-0.1067073196172714,0.030517578125,-0.0086669921875,1.0279541015625,0.3506097495555877,0.4420731663703918,0.2743902504444122,0.9999990463256836,-0.0007205111323855,0.0012153033167123,-1.5328403435432847e-08,0.9999446868896484,0.003424447029829,-0.0099466694518923,4.729692477667413e-07,0.9999794960021972,-0.0040251198224723,-0.0049856980331242,7.213249375581654e-08
1900-01-01 11:21:04.496652,-0.0277099609375,-0.06494140625,-0.995361328125,0.1676829308271408,0.6554878354072571,-0.3353658616542816,-0.033935546875,-0.1068115234375,1.0050048828125,0.1676829308271408,0.1067073196172714,-0.1067073196172714,0.030517578125,-0.0086669921875,1.0279541015625,0.3506097495555877,0.4420731663703918,0.2743902504444122,0.9999990463256836,-0.0007205111323855,0.0012153033167123,-1.5328403435432847e-08,0.9999446868896484,0.003424447029829,-0.0099466694518923,4.729692477667413e-07,0.9999794960021972,-0.0040251198224723,-0.0049856980331242,7.213249375581654e-08
1900-01-01 11:21:04.504288,-0.025390625,-0.0650634765625,-0.9974365234375,-0.1829268336296081,0.6097561120986938,-0.3048780560493469,-0.033935546875,-0.1068115234375,1.0050048828125,0.1676829308271408,0.1067073196172714,-0.1067073196172714,0.030517578125,-0.0086669921875,1.0279541015625,0.3506097495555877,0.4420731663703918,0.2743902504444122,0.9999990463256836,-0.0007205111323855,0.0012153033167123,-1.5328403435432847e-08,0.9999446868896484,0.003424447029829,-0.0099466694518923,4.729692477667413e-07,0.9999794960021972,-0.0040251198224723,-0.0049856980331242,7.213249375581654e-08
1900-01-01 11:21:04.512365,-0.026123046875,-0.0655517578125,-0.99609375,0.091463416814804,0.4725609719753265,0.045731708407402,-0.0322265625,-0.105712890625,1.010986328125,0.1067073196172714,-0.0152439028024673,-0.3201219439506531,0.029052734375,-0.009033203125,1.0286865234375,0.5487805008888245,0.2591463327407837,0.2134146392345428,0.9999990463256836,-0.0007205111323855,0.0012153033167123,-1.5328403435432847e-08,0.9999446868896484,0.003424447029829,-0.0099466694518923,4.729692477667413e-07,0.9999794960021972,-0.0040251198224723,-0.0049856980331242,7.213249375581654e-08
1900-01-01 11:21:04.521335,-0.02880859375,-0.065185546875,-0.9954833984375,0.2439024448394775,0.3506097495555877,0.0762195140123367,-0.0323486328125,-0.1065673828125,1.0074462890625,0.3506097495555877,0.3201219439506531,-0.0304878056049346,0.0311279296875,-0.0081787109375,1.0269775390625,0.5945122241973877,0.1524390280246734,0.0304878056049346,0.9999990463256836,-0.0007205111323855,0.0012153033167123,-1.5328403435432847e-08,0.9999446868896484,0.003424447029829,-0.0099466694518923,4.729692477667413e-07,0.9999794960021972,-0.0040251198224723,-0.0049856980331242,7.213249375581654e-08
1900-01-01 11:21:04.530386,-0.02783203125,-0.0638427734375,-0.995361328125,0.045731708407402,0.6554878354072571,0.0152439028024673,-0.0340576171875,-0.1083984375,1.0040283203125,0.2743902504444122,-0.0609756112098693,-0.1981707364320755,0.031494140625,-0.0084228515625,1.0267333984375,0.6402438879013062,0.3810975551605224,0.0304878056049346,0.9999990463256836,-0.0007205111323855,0.0012153033167123,-1.5328403435432847e-08,0.9999446868896484,0.003424447029829,-0.0099466694518923,4.729692477667413e-07,0.9999794960021972,-0.0040251198224723,-0.0049856980331242,7.213249375581654e-08
1900-01-01 11:21:04.550518,-0.027099609375,-0.0634765625,-0.995849609375,0.1676829308271408,0.5945122241973877,-0.0152439028024673,-0.0335693359375,-0.10791015625,1.0054931640625,0.3353658616542816,-0.3201219439506531,-0.091463416814804,0.0301513671875,-0.0074462890625,1.0257568359375,0.6402438879013062,0.3810975551605224,0.0304878056049346,0.9999990463256836,-0.0007205111323855,0.0012153033167123,-1.5328403435432847e-08,0.9999446868896484,0.003424447029829,-0.0099466694518923,4.729692477667413e-07,0.9999794960021972,-0.0040251198224723,-0.0049856980331242,7.213249375581654e-08
1900-01-01 11:21:04.567763,-0.02880859375,-0.0633544921875,-0.995849609375,-0.0762195140123367,0.8384146690368652,0.0304878056049346,-0.0343017578125,-0.107666015625,1.0081787109375,-0.0304878056049346,0.2896341383457184,-0.1219512224197387,0.031494140625,-0.0050048828125,1.026123046875,0.3506097495555877,0.4573170840740204,0.3048780560493469,0.9999990463256836,-0.0007205111323855,0.0012153033167123,-1.5328403435432847e-08,0.9999446868896484,0.003424447029829,-0.0099466694518923,4.729692477667413e-07,0.9999794960021972,-0.0040251198224723,-0.0049856980331242,7.213249375581654e-08
1900-01-01 11:21:04.583871,-0.029541015625,-0.063720703125,-0.9949951171875,0.045731708407402,0.5945122241973877,0.0762195140123367,-0.0343017578125,-0.107666015625,1.0081787109375,-0.0304878056049346,0.2896341383457184,-0.1219512224197387,0.0316162109375,-0.006103515625,1.024169921875,0.3506097495555877,0.4573170840740204,0.3048780560493469,0.9999990463256836,-0.0007205111323855,0.0012153033167123,-1.5328403435432847e-08,0.9999446868896484,0.003424447029829,-0.0099466694518923,4.729692477667413e-07,0.9999794960021972,-0.0040251198224723,-0.0049856980331242,7.213249375581654e-08
1900-01-01 11:21:04.610389,-0.030517578125,-0.063232421875,-0.9951171875,0.1524390280246734,0.7621951103210449,-0.091463416814804,-0.0347900390625,-0.1094970703125,1.00439453125,0.2591463327407837,-0.0762195140123367,-0.0152439028024673,0.0316162109375,-0.0064697265625,1.02783203125,0.5945122241973877,0.3201219439506531,0.2134146392345428,0.9999990463256836,-0.0007205111323855,0.0012153033167123,-1.5328403435432847e-08,0.9999446868896484,0.003424447029829,-0.0099466694518923,4.729692477667413e-07,0.9999794960021972,-0.0040251198224723,-0.0049856980331242,7.213249375581654e-08
1900-01-01 11:21:04.621673,-0.02978515625,-0.063720703125,-0.995849609375,0.3810975551605224,0.625,-0.0762195140123367,-0.03369140625,-0.107666015625,1.01123046875,0.5487805008888245,-0.3201219439506531,-0.0762195140123367,0.03125,-0.0064697265625,1.025390625,0.625,0.2439024448394775,0.045731708407402,0.9999990463256836,-0.0007205111323855,0.0012153033167123,-1.5328403435432847e-08,0.9999446868896484,0.003424447029829,-0.0099466694518923,4.729692477667413e-07,0.9999794960021972,-0.0040251198224723,-0.0049856980331242,7.213249375581654e-08
1900-01-01 11:21:04.631977,-0.029296875,-0.06396484375,-0.9952392578125,0.1981707364320755,0.4268292784690857,-0.0152439028024673,-0.03369140625,-0.107666015625,1.01123046875,0.5487805008888245,-0.3201219439506531,-0.0762195140123367,0.03125,-0.0064697265625,1.025390625,0.625,0.2439024448394775,0.045731708407402,0.9999990463256836,-0.0007205111323855,0.0012153033167123,-1.5328403435432847e-08,0.9999446868896484,0.003424447029829,-0.0099466694518923,4.729692477667413e-07,0.9999794960021972,-0.0040251198224723,-0.0049856980331242,7.213249375581654e-08
1900-01-01 11:21:04.632969,-0.0269775390625,-0.0638427734375,-0.9940185546875,0.1981707364320755,0.7317073345184326,0.2591463327407837,-0.03466796875,-0.108642578125,1.007080078125,0.4420731663703918,0.396341472864151,-0.0152439028024673,0.03125,-0.0064697265625,1.025390625,0.625,0.2439024448394775,0.045731708407402,0.9999990463256836,-0.0007205111323855,0.0012153033167123,-1.5328403435432847e-08,0.9999446868896484,0.003424447029829,-0.0099466694518923,4.729692477667413e-07,0.9999794960021972,-0.0040251198224723,-0.0049856980331242,7.213249375581654e-08
1900-01-01 11:21:04.649312,-0.0274658203125,-0.0657958984375,-0.9964599609375,0.1067073196172714,0.6554878354072571,0.1981707364320755,-0.0340576171875,-0.107666015625,1.0096435546875,0.4878048896789551,0.1067073196172714,-0.3506097495555877,0.031494140625,-0.008544921875,1.0269775390625,0.6097561120986938,0.1219512224197387,0.045731708407402,0.9999990463256836,-0.0007205111323855,0.0012153033167123,-1.5328403435432847e-08,0.9999446868896484,0.003424447029829,-0.0099466694518923,4.729692477667413e-07,0.9999794960021972,-0.0040251198224723,-0.0049856980331242,7.213249375581654e-08
1900-01-01 11:21:04.665477,-0.027587890625,-0.0657958984375,-0.9979248046875,-0.0304878056049346,0.5792682766914368,0.0304878056049346,-0.0340576171875,-0.107666015625,1.0096435546875,0.4878048896789551,0.1067073196172714,-0.3506097495555877,0.0311279296875,-0.00732421875,1.0277099609375,0.6097561120986938,0.1219512224197387,0.045731708407402,0.9999990463256836,-0.0007205111323855,0.0012153033167123,-1.5328403435432847e-08,0.9999446868896484,0.003424447029829,-0.0099466694518923,4.729692477667413e-07,0.9999794960021972,-0.0040251198224723,-0.0049856980331242,7.213249375581654e-08
1900-01-01 11:21:04.681345,-0.02734375,-0.0660400390625,-0.997314453125,0.1371951252222061,0.6097561120986938,-0.1524390280246734,-0.033447265625,-0.108642578125,1.01025390625,0.4725609719753265,0.2743902504444122,0.1524390280246734,0.0311279296875,-0.00732421875,1.0277099609375,0.6097561120986938,0.1219512224197387,0.045731708407402,0.9999990463256836,-0.0007205111323855,0.0012153033167123,-1.5328403435432847e-08,0.9999446868896484,0.003424447029829,-0.0099466694518923,4.729692477667413e-07,0.9999794960021972,-0.0040251198224723,-0.0049856980331242,7.213249375581654e-08
1900-01-01 11:21:04.692216,-0.028076171875,-0.0673828125,-0.9971923828125,0.045731708407402,0.6097561120986938,0.0152439028024673,-0.033447265625,-0.108642578125,1.01025390625,0.4725609719753265,0.2743902504444122,0.1524390280246734,0.0311279296875,-0.00732421875,1.0277099609375,0.4573170840740204,0.3810975551605224,0.1524390280246734,0.9999990463256836,-0.0007205111323855,0.0012153033167123,-1.5328403435432847e-08,0.9999446868896484,0.003424447029829,-0.0099466694518923,4.729692477667413e-07,0.9999794960021972,-0.0040251198224723,-0.0049856980331242,7.213249375581654e-08
1900-01-01 11:21:04.719194,-0.027587890625,-0.0670166015625,-1.0015869140625,0.1981707364320755,0.625,0.0304878056049346,-0.0347900390625,-0.1075439453125,1.0074462890625,0.0609756112098693,0.4115853607654571,0.091463416814804,0.0313720703125,-0.008056640625,1.0263671875,0.5182926654815674,0.1981707364320755,0.1981707364320755,0.9999990463256836,-0.0007205111323855,0.0012153033167123,-1.5328403435432847e-08,0.9999446868896484,0.003424447029829,-0.0099466694518923,4.729692477667413e-07,0.9999794960021972,-0.0040251198224723,-0.0049856980331242,7.213249375581654e-08
1900-01-01 11:21:04.757403,-0.027587890625,-0.067626953125,-0.9981689453125,0.091463416814804,0.5335366129875183,0.3048780560493469,-0.0357666015625,-0.1055908203125,1.0067138671875,0.0609756112098693,0.4115853607654571,0.091463416814804,0.03125,-0.007080078125,1.0281982421875,0.6097561120986938,0.2439024448394775,0.2591463327407837,0.9999990463256836,-0.0007205111323855,0.0012153033167123,-1.5328403435432847e-08,0.9999446868896484,0.003424447029829,-0.0099466694518923,4.729692477667413e-07,0.9999794960021972,-0.0040251198224723,-0.0049856980331242,7.213249375581654e-08
1900-01-01 11:21:04.773499,-0.02880859375,-0.067138671875,-0.99658203125,-0.1676829308271408,0.6707317233085632,0.1981707364320755,-0.0357666015625,-0.1055908203125,1.0067138671875,0.6554878354072571,-0.4878048896789551,0.1219512224197387,0.032470703125,-0.009521484375,1.029541015625,0.6097561120986938,0.2439024448394775,0.2591463327407837,0.9999990463256836,-0.0007205111323855,0.0012153033167123,-1.5328403435432847e-08,0.9999446868896484,0.003424447029829,-0.0099466694518923,4.729692477667413e-07,0.9999794960021972,-0.0040251198224723,-0.0049856980331242,7.213249375581654e-08
1900-01-01 11:21:04.795913,-0.0283203125,-0.06494140625,-0.997314453125,0.0762195140123367,0.5182926654815674,-0.0609756112098693,-0.0357666015625,-0.1055908203125,1.0067138671875,0.6554878354072571,-0.4878048896789551,0.1219512224197387,0.0330810546875,-0.008544921875,1.02783203125,0.3658536672592163,0.1371951252222061,0.2134146392345428,0.9999990463256836,-0.0007205111323855,0.0012153033167123,-1.5328403435432847e-08,0.9999446868896484,0.003424447029829,-0.0099466694518923,4.729692477667413e-07,0.9999794960021972,-0.0040251198224723,-0.0049856980331242,7.213249375581654e-08
1900-01-01 11:21:04.833869,-0.029052734375,-0.0654296875,-0.99951171875,0.045731708407402,0.3658536672592163,0.1981707364320755,-0.03515625,-0.1064453125,1.013671875,0.3048780560493469,-0.0762195140123367,-0.0762195140123367,0.031982421875,-0.0081787109375,1.026123046875,0.5640243887901306,0.396341472864151,0.1371951252222061,0.9999990463256836,-0.0007205111323855,0.0012153033167123,-1.5328403435432847e-08,0.9999446868896484,0.003424447029829,-0.0099466694518923,4.729692477667413e-07,0.9999794960021972,-0.0040251198224723,-0.0049856980331242,7.213249375581654e-08
1900-01-01 11:21:04.850691,-0.0302734375,-0.0654296875,-0.994873046875,0.0762195140123367,0.4115853607654571,0.0762195140123367,-0.03515625,-0.1064453125,1.013671875,0.1219512224197387,0.6402438879013062,0.0,0.03173828125,-0.0084228515625,1.02978515625,0.5640243887901306,0.396341472864151,0.1371951252222061,0.9999990463256836,-0.0007205111323855,0.0012153033167123,-1.5328403435432847e-08,0.9999446868896484,0.003424447029829,-0.0099466694518923,4.729692477667413e-07,0.9999794960021972,-0.0040251198224723,-0.0049856980331242,7.213249375581654e-08
1900-01-01 11:21:04.867239,-0.0284423828125,-0.06103515625,-0.9932861328125,0.045731708407402,0.6402438879013062,0.1981707364320755,-0.03515625,-0.106201171875,1.0078125,0.1219512224197387,0.6402438879013062,0.0,0.03173828125,-0.0084228515625,1.02978515625,0.6859756112098694,0.5030487775802612,0.0609756112098693,0.9999990463256836,-0.0007205111323855,0.0012153033167123,-1.5328403435432847e-08,0.9999446868896484,0.003424447029829,-0.0099466694518923,4.729692477667413e-07,0.9999794960021972,-0.0040251198224723,-0.0049856980331242,7.213249375581654e-08
1900-01-01 11:21:04.910315,-0.0269775390625,-0.0623779296875,-0.9981689453125,0.1371951252222061,0.6097561120986938,0.091463416814804,-0.031982421875,-0.109375,1.0072021484375,0.1829268336296081,-0.0304878056049346,-0.2134146392345428,0.0303955078125,-0.00537109375,1.026123046875,0.5487805008888245,0.3506097495555877,0.2439024448394775,0.9999990463256836,-0.0007205111323855,0.0012153033167123,-1.5328403435432847e-08,0.9999446868896484,0.003424447029829,-0.0099466694518923,4.729692477667413e-07,0.9999794960021972,-0.0040251198224723,-0.0049856980331242,7.213249375581654e-08
1900-01-01 11:21:04.920734,-0.02880859375,-0.0660400390625,-0.9964599609375,0.045731708407402,0.7317073345184326,-0.1676829308271408,-0.031982421875,-0.109375,1.0072021484375,0.1219512224197387,0.7317073345184326,0.1219512224197387,0.03173828125,-0.0064697265625,1.0257568359375,0.4573170840740204,0.3658536672592163,0.091463416814804,0.9999990463256836,-0.0007205111323855,0.0012153033167123,-1.5328403435432847e-08,0.9999446868896484,0.003424447029829,-0.0099466694518923,4.729692477667413e-07,0.9999794960021972,-0.0040251198224723,-0.0049856980331242,7.213249375581654e-08
1900-01-01 11:21:04.921112,-0.0306396484375,-0.0638427734375,-0.9925537109375,-0.0152439028024673,0.4878048896789551,-0.1067073196172714,-0.033935546875,-0.110595703125,1.0028076171875,0.1219512224197387,0.7317073345184326,0.1219512224197387,0.03173828125,-0.0064697265625,1.0257568359375,0.3353658616542816,0.2591463327407837,0.0152439028024673,0.9999990463256836,-0.0007205111323855,0.0012153033167123,-1.5328403435432847e-08,0.9999446868896484,0.003424447029829,-0.0099466694518923,4.729692477667413e-07,0.9999794960021972,-0.0040251198224723,-0.0049856980331242,7.213249375581654e-08
1900-01-01 11:21:04.921706,-0.028076171875,-0.0631103515625,-0.9957275390625,0.2286585420370102,0.4115853607654571,0.0,-0.033935546875,-0.110595703125,1.0028076171875,0.1676829308271408,-0.4420731663703918,-0.1219512224197387,0.029052734375,-0.006103515625,1.0274658203125,0.5487805008888245,0.4725609719753265,0.1524390280246734,0.9999990463256836,-0.0007205111323855,0.0012153033167123,-1.5328403435432847e-08,0.9999446868896484,0.003424447029829,-0.0099466694518923,4.729692477667413e-07,0.9999794960021972,-0.0040251198224723,-0.0049856980331242,7.213249375581654e-08
1900-01-01 11:21:04.921957,-0.027587890625,-0.062255859375,-0.9967041015625,0.2286585420370102,0.4268292784690857,0.2134146392345428,-0.0352783203125,-0.109619140625,1.00830078125,0.1676829308271408,-0.4420731663703918,-0.1219512224197387,0.028076171875,-0.0068359375,1.0245361328125,0.5487805008888245,0.4725609719753265,0.1524390280246734,0.9999990463256836,-0.0007205111323855,0.0012153033167123,-1.5328403435432847e-08,0.9999446868896484,0.003424447029829,-0.0099466694518923,4.729692477667413e-07,0.9999794960021972,-0.0040251198224723,-0.0049856980331242,7.213249375581654e-08
1900-01-01 11:21:04.922335,-0.0286865234375,-0.0631103515625,-0.993896484375,-0.1371951252222061,0.3658536672592163,-0.1524390280246734,-0.0352783203125,-0.109619140625,1.00830078125,0.4420731663703918,-0.6097561120986938,-0.2591463327407837,0.0321044921875,-0.006591796875,1.025146484375,0.4115853607654571,0.5182926654815674,0.1676829308271408,0.9999990463256836,-0.0007205111323855,0.0012153033167123,-1.5328403435432847e-08,0.9999446868896484,0.003424447029829,-0.0099466694518923,4.729692477667413e-07,0.9999794960021972,-0.0040251198224723,-0.0049856980331242,7.213249375581654e-08
1900-01-01 11:21:04.922584,-0.029052734375,-0.0645751953125,-0.992919921875,0.1676829308271408,0.4420731663703918,-0.0762195140123367,-0.032470703125,-0.1094970703125,1.0101318359375,0.4420731663703918,-0.6097561120986938,-0.2591463327407837,0.0321044921875,-0.006591796875,1.025146484375,0.5487805008888245,0.1524390280246734,0.1067073196172714,0.9999990463256836,-0.0007205111323855,0.0012153033167123,-1.5328403435432847e-08,0.9999446868896484,0.003424447029829,-0.0099466694518923,4.729692477667413e-07,0.9999794960021972,-0.0040251198224723,-0.0049856980331242,7.213249375581654e-08
1900-01-01 11:21:04.922897,-0.029052734375,-0.064453125,-0.9981689453125,0.1676829308271408,0.5945122241973877,-0.2286585420370102,-0.0333251953125,-0.1097412109375,1.0062255859375,0.0,0.4268292784690857,-0.1219512224197387,0.0323486328125,-0.0074462890625,1.027099609375,0.4878048896789551,0.2896341383457184,0.2134146392345428,0.9999990463256836,-0.0007205111323855,0.0012153033167123,-1.5328403435432847e-08,0.9999446868896484,0.003424447029829,-0.0099466694518923,4.729692477667413e-07,0.9999794960021972,-0.0040251198224723,-0.0049856980331242,7.213249375581654e-08
1900-01-01 11:21:04.923299,-0.0283203125,-0.0660400390625,-0.9986572265625,0.0762195140123367,0.5640243887901306,-0.0762195140123367,-0.0360107421875,-0.108642578125,1.003662109375,0.3658536672592163,0.8231707215309143,0.1676829308271408,0.0306396484375,-0.0089111328125,1.0283203125,0.5335366129875183,0.396341472864151,0.091463416814804,0.9999990463256836,-0.0007205111323855,0.0012153033167123,-1.5328403435432847e-08,0.9999446868896484,0.003424447029829,-0.0099466694518923,4.729692477667413e-07,0.9999794960021972,-0.0040251198224723,-0.0049856980331242,7.213249375581654e-08
1900-01-01 11:21:04.923569,-0.0284423828125,-0.06689453125,-0.9962158203125,0.2439024448394775,0.5792682766914368,-0.1219512224197387,-0.0360107421875,-0.108642578125,1.003662109375,0.2591463327407837,-1.0060975551605225,-0.0609756112098693,0.0303955078125,-0.0079345703125,1.0291748046875,0.5335366129875183,0.396341472864151,0.091463416814804,0.9999990463256836,-0.0007205111323855,0.0012153033167123,-1.5328403435432847e-08,0.9999446868896484,0.003424447029829,-0.0099466694518923,4.729692477667413e-07,0.9999794960021972,-0.0040251198224723,-0.0049856980331242,7.213249375581654e-08
1900-01-01 11:21:04.924019,-0.0277099609375,-0.0655517578125,-0.9984130859375,0.091463416814804,0.6554878354072571,-0.0304878056049346,-0.0316162109375,-0.1080322265625,1.0096435546875,0.2896341383457184,0.8384146690368652,-0.0152439028024673,0.032470703125,-0.0084228515625,1.02880859375,0.5030487775802612,0.2439024448394775,0.2134146392345428,0.9999990463256836,-0.0007205111323855,0.0012153033167123,-1.5328403435432847e-08,0.9999446868896484,0.003424447029829,-0.0099466694518923,4.729692477667413e-07,0.9999794960021972,-0.0040251198224723,-0.0049856980331242,7.213249375581654e-08
1900-01-01 11:21:04.924342,-0.0277099609375,-0.0653076171875,-0.9962158203125,-0.0762195140123367,0.4268292784690857,0.1371951252222061,-0.0369873046875,-0.1077880859375,1.0057373046875,0.2134146392345428,0.1524390280246734,0.0304878056049346,0.032470703125,-0.0084228515625,1.02880859375,0.4268292784690857,0.3506097495555877,0.0762195140123367,0.9999990463256836,-0.0007205111323855,0.0012153033167123,-1.5328403435432847e-08,0.9999446868896484,0.003424447029829,-0.0099466694518923,4.729692477667413e-07,0.9999794960021972,-0.0040251198224723,-0.0049856980331242,7.213249375581654e-08
1900-01-01 11:21:04.924657,-0.030029296875,-0.0654296875,-0.9962158203125,0.1981707364320755,0.625,-0.0609756112098693,-0.0311279296875,-0.107177734375,1.0120849609375,0.3506097495555877,-1.1280487775802612,-0.2439024448394775,0.0316162109375,-0.00830078125,1.027099609375,0.5487805008888245,0.2591463327407837,0.045731708407402,0.9999990463256836,-0.0007205111323855,0.0012153033167123,-1.5328403435432847e-08,0.9999446868896484,0.003424447029829,-0.0099466694518923,4.729692477667413e-07,0.9999794960021972,-0.0040251198224723,-0.0049856980331242,7.213249375581654e-08
1900-01-01 11:21:04.924856,-0.0301513671875,-0.06396484375,-0.996337890625,-0.045731708407402,0.5945122241973877,-0.2286585420370102,-0.0321044921875,-0.1075439453125,1.0096435546875,0.2591463327407837,-0.045731708407402,-0.1371951252222061,0.0321044921875,-0.0076904296875,1.0277099609375,0.5487805008888245,0.2591463327407837,0.045731708407402,0.9999990463256836,-0.0007205111323855,0.0012153033167123,-1.5328403435432847e-08,0.9999446868896484,0.003424447029829,-0.0099466694518923,4.729692477667413e-07,0.9999794960021972,-0.0040251198224723,-0.0049856980331242,7.213249375581654e-08
1900-01-01 11:21:04.925000,-0.02978515625,-0.063232421875,-0.9949951171875,0.045731708407402,0.5640243887901306,0.2439024448394775,-0.0352783203125,-0.10693359375,1.0047607421875,-0.0762195140123367,0.6554878354072571,-0.0152439028024673,0.0321044921875,-0.0076904296875,1.0277099609375,0.5487805008888245,0.2591463327407837,0.045731708407402,0.9999990463256836,-0.0007205111323855,0.0012153033167123,-1.5328403435432847e-08,0.9999446868896484,0.003424447029829,-0.0099466694518923,4.729692477667413e-07,0.9999794960021972,-0.0040251198224723,-0.0049856980331242,7.213249375581654e-08
1900-01-01 11:21:04.925281,-0.028076171875,-0.06494140625,-0.9959716796875,0.2591463327407837,0.4268292784690857,-0.0609756112098693,-0.0347900390625,-0.1077880859375,1.0067138671875,0.4115853607654571,-0.2591463327407837,-0.0609756112098693,0.0313720703125,-0.0059814453125,1.029052734375,0.3353658616542816,0.3201219439506531,0.3506097495555877,0.9999990463256836,-0.0007205111323855,0.0012153033167123,-1.5328403435432847e-08,0.9999446868896484,0.003424447029829,-0.0099466694518923,4.729692477667413e-07,0.9999794960021972,-0.0040251198224723,-0.0049856980331242,7.213249375581654e-08
1900-01-01 11:21:04.925459,-0.0279541015625,-0.0631103515625,-0.9954833984375,-0.0609756112098693,0.5487805008888245,-0.1676829308271408,-0.032470703125,-0.1099853515625,1.010009765625,0.4115853607654571,-0.2591463327407837,-0.0609756112098693,0.0313720703125,-0.0059814453125,1.029052734375,0.4268292784690857,0.2743902504444122,0.2896341383457184,0.9999990463256836,-0.0007205111323855,0.0012153033167123,-1.5328403435432847e-08,0.9999446868896484,0.003424447029829,-0.0099466694518923,4.729692477667413e-07,0.9999794960021972,-0.0040251198224723,-0.0049856980331242,7.213249375581654e-08
1900-01-01 11:21:04.925598,-0.0289306640625,-0.0638427734375,-0.99365234375,0.1371951252222061,0.3506097495555877,0.0152439028024673,-0.033447265625,-0.1112060546875,1.0086669921875,-0.0762195140123367,0.5335366129875183,0.1371951252222061,0.0313720703125,-0.0059814453125,1.029052734375,0.4268292784690857,0.2743902504444122,0.2896341383457184,0.9999990463256836,-0.0007205111323855,0.0012153033167123,-1.5328403435432847e-08,0.9999446868896484,0.003424447029829,-0.0099466694518923,4.729692477667413e-07,0.9999794960021972,-0.0040251198224723,-0.0049856980331242,7.213249375581654e-08
1900-01-01 11:21:04.925740,-0.0284423828125,-0.06298828125,-0.992919921875,0.2439024448394775,0.6402438879013062,0.0152439028024673,-0.033935546875,-0.1090087890625,1.004150390625,0.3506097495555877,0.5792682766914368,-0.1829268336296081,0.0313720703125,-0.0059814453125,1.029052734375,0.4268292784690857,0.2743902504444122,0.2896341383457184,0.9999990463256836,-0.0007205111323855,0.0012153033167123,-1.5328403435432847e-08,0.9999446868896484,0.003424447029829,-0.0099466694518923,4.729692477667413e-07,0.9999794960021972,-0.0040251198224723,-0.0049856980331242,7.213249375581654e-08
1900-01-01 11:21:04.925845,-0.0291748046875,-0.06396484375,-0.9974365234375,0.1371951252222061,0.3506097495555877,0.1067073196172714,-0.033935546875,-0.1090087890625,1.004150390625,0.4268292784690857,-0.4878048896789551,-0.0762195140123367,0.0313720703125,-0.0059814453125,1.029052734375,0.4268292784690857,0.2743902504444122,0.2896341383457184,0.9999990463256836,-0.0007205111323855,0.0012153033167123,-1.5328403435432847e-08,0.9999446868896484,0.003424447029829,-0.0099466694518923,4.729692477667413e-07,0.9999794960021972,-0.0040251198224723,-0.0049856980331242,7.213249375581654e-08
1900-01-01 11:21:04.925971,-0.02880859375,-0.0653076171875,-0.9969482421875,-0.0152439028024673,0.5487805008888245,0.091463416814804,-0.0333251953125,-0.1072998046875,1.0068359375,0.4268292784690857,-0.4878048896789551,-0.0762195140123367,0.0313720703125,-0.0059814453125,1.029052734375,0.4268292784690857,0.2743902504444122,0.2896341383457184,0.9999990463256836,-0.0007205111323855,0.0012153033167123,-1.5328403435432847e-08,0.9999446868896484,0.003424447029829,-0.0099466694518923,4.729692477667413e-07,0.9999794960021972,-0.0040251198224723,-0.0049856980331242,7.213249375581654e-08
1900-01-01 11:21:04.932517,-0.02880859375,-0.066162109375,-0.9952392578125,0.0,0.2439024448394775,0.2896341383457184,-0.0321044921875,-0.108642578125,1.0123291015625,0.0304878056049346,0.7012194991111755,-0.0762195140123367,0.0318603515625,-0.0074462890625,1.02978515625,0.4878048896789551,0.2591463327407837,0.0762195140123367,0.9999990463256836,-0.0007205111323855,0.0012153033167123,-1.5328403435432847e-08,0.9999446868896484,0.003424447029829,-0.0099466694518923,4.729692477667413e-07,0.9999794960021972,-0.0040251198224723,-0.0049856980331242,7.213249375581654e-08
1900-01-01 11:21:04.942337,-0.0274658203125,-0.0650634765625,-0.99755859375,0.1371951252222061,0.3810975551605224,0.1676829308271408,-0.0343017578125,-0.1090087890625,1.006591796875,0.1524390280246734,0.5030487775802612,-0.0152439028024673,0.031494140625,-0.007080078125,1.02734375,0.3353658616542816,0.4115853607654571,0.0,0.9999990463256836,-0.0007205111323855,0.0012153033167123,-1.5328403435432847e-08,0.9999446868896484,0.003424447029829,-0.0099466694518923,4.729692477667413e-07,0.9999794960021972,-0.0040251198224723,-0.0049856980331242,7.213249375581654e-08
1900-01-01 11:21:04.950331,-0.026611328125,-0.0654296875,-0.9989013671875,0.0304878056049346,0.4115853607654571,-0.0609756112098693,-0.0355224609375,-0.10693359375,1.0062255859375,0.4420731663703918,-0.6402438879013062,-0.3201219439506531,0.0311279296875,-0.009765625,1.0291748046875,0.5945122241973877,0.2896341383457184,0.1219512224197387,0.9999990463256836,-0.0007205111323855,0.0012153033167123,-1.5328403435432847e-08,0.9999446868896484,0.003424447029829,-0.0099466694518923,4.729692477667413e-07,0.9999794960021972,-0.0040251198224723,-0.0049856980331242,7.213249375581654e-08
1900-01-01 11:21:04.958316,-0.028076171875,-0.0645751953125,-0.995849609375,-0.0609756112098693,0.3201219439506531,0.091463416814804,-0.032958984375,-0.10693359375,1.01025390625,0.1981707364320755,0.0762195140123367,-0.2286585420370102,0.031494140625,-0.008544921875,1.0283203125,0.5945122241973877,0.3353658616542816,0.2439024448394775,0.9999990463256836,-0.0007205111323855,0.0012153033167123,-1.5328403435432847e-08,0.9999446868896484,0.003424447029829,-0.0099466694518923,4.729692477667413e-07,0.9999794960021972,-0.0040251198224723,-0.0049856980331242,7.213249375581654e-08
1900-01-01 11:21:04.967274,-0.028076171875,-0.0650634765625,-0.998291015625,0.0762195140123367,0.396341472864151,0.1219512224197387,-0.03125,-0.107666015625,1.010498046875,0.0304878056049346,0.8231707215309143,0.045731708407402,0.031005859375,-0.007568359375,1.0283203125,0.5182926654815674,0.4115853607654571,0.045731708407402,0.9999990463256836,-0.0007205111323855,0.0012153033167123,-1.5328403435432847e-08,0.9999446868896484,0.003424447029829,-0.0099466694518923,4.729692477667413e-07,0.9999794960021972,-0.0040251198224723,-0.0049856980331242,7.213249375581654e-08
1900-01-01 11:21:04.985324,-0.02783203125,-0.0657958984375,-0.9969482421875,0.091463416814804,0.5945122241973877,0.0,-0.03515625,-0.1072998046875,1.0081787109375,0.1829268336296081,-0.1067073196172714,-0.396341472864151,0.031982421875,-0.00830078125,1.02783203125,0.5640243887901306,0.091463416814804,0.1371951252222061,0.9999990463256836,-0.0007205111323855,0.0012153033167123,-1.5328403435432847e-08,0.9999446868896484,0.003424447029829,-0.0099466694518923,4.729692477667413e-07,0.9999794960021972,-0.0040251198224723,-0.0049856980331242,7.213249375581654e-08
1900-01-01 11:21:04.994660,-0.026123046875,-0.0672607421875,-0.9962158203125,0.3506097495555877,0.5030487775802612,0.045731708407402,-0.0361328125,-0.1080322265625,1.0084228515625,0.1829268336296081,-0.1067073196172714,-0.396341472864151,0.03271484375,-0.008544921875,1.028564453125,0.4420731663703918,0.2591463327407837,0.3658536672592163,0.9999990463256836,-0.0007205111323855,0.0012153033167123,-1.5328403435432847e-08,0.9999446868896484,0.003424447029829,-0.0099466694518923,4.729692477667413e-07,0.9999794960021972,-0.0040251198224723,-0.0049856980331242,7.213249375581654e-08
1900-01-01 11:21:05.003453,-0.02734375,-0.0653076171875,-0.9976806640625,-0.1219512224197387,0.625,0.1371951252222061,-0.031982421875,-0.1070556640625,1.0113525390625,0.2134146392345428,0.1829268336296081,-0.1981707364320755,0.0325927734375,-0.00732421875,1.0289306640625,0.6097561120986938,0.2896341383457184,0.2439024448394775,0.9999990463256836,-0.0007205111323855,0.0012153033167123,-1.5328403435432847e-08,0.9999446868896484,0.003424447029829,-0.0099466694518923,4.729692477667413e-07,0.9999794960021972,-0.0040251198224723,-0.0049856980331242,7.213249375581654e-08
1900-01-01 11:21:05.012303,-0.02880859375,-0.06640625,-0.9932861328125,0.2286585420370102,0.4115853607654571,0.0152439028024673,-0.033935546875,-0.106201171875,1.010986328125,0.1219512224197387,0.7164634466171265,-0.0152439028024673,0.0325927734375,-0.00732421875,1.0289306640625,0.6097561120986938,0.2896341383457184,0.2439024448394775,0.9999990463256836,-0.0007205111323855,0.0012153033167123,-1.5328403435432847e-08,0.9999446868896484,0.003424447029829,-0.0099466694518923,4.729692477667413e-07,0.9999794960021972,-0.0040251198224723,-0.0049856980331242,7.213249375581654e-08
1900-01-01 11:21:05.020354,-0.0279541015625,-0.0631103515625,-0.9952392578125,0.1219512224197387,0.6707317233085632,0.1067073196172714,-0.0355224609375,-0.1064453125,1.0037841796875,0.3353658616542816,-0.3658536672592163,0.045731708407402,0.0325927734375,-0.00927734375,1.0274658203125,0.6402438879013062,0.2134146392345428,0.2439024448394775,0.9999990463256836,-0.0007205111323855,0.0012153033167123,-1.5328403435432847e-08,0.9999446868896484,0.003424447029829,-0.0099466694518923,4.729692477667413e-07,0.9999794960021972,-0.0040251198224723,-0.0049856980331242,7.213249375581654e-08
1900-01-01 11:21:05.062216,-0.027099609375,-0.0633544921875,-0.998779296875,0.0152439028024673,0.7012194991111755,0.045731708407402,-0.032470703125,-0.108642578125,1.0067138671875,0.0762195140123367,-0.1981707364320755,-0.3048780560493469,0.0321044921875,-0.0062255859375,1.0255126953125,0.5640243887901306,0.3810975551605224,0.2439024448394775,0.9999990463256836,-0.0007205111323855,0.0012153033167123,-1.5328403435432847e-08,0.999944508075714,0.0034770932979881,-0.0099466694518923,9.96653625406907e-07,0.9999794960021972,-0.0040251198224723,-0.0049856980331242,7.213249375581654e-08
1900-01-01 11:21:05.063368,-0.030029296875,-0.065673828125,-0.996337890625,0.2286585420370102,0.7621951103210449,-0.0609756112098693,-0.0345458984375,-0.107666015625,1.0068359375,0.1219512224197387,0.4115853607654571,0.0304878056049346,0.031982421875,-0.005126953125,1.0242919921875,0.5487805008888245,0.3201219439506531,0.1676829308271408,0.9999990463256836,-0.0007205111323855,0.0012153033167123,-1.5328403435432847e-08,0.999944508075714,0.0034770932979881,-0.0099466694518923,9.96653625406907e-07,0.9999794960021972,-0.0040251198224723,-0.0049856980331242,7.213249375581654e-08
1900-01-01 11:21:05.068618,-0.02978515625,-0.0653076171875,-0.99609375,0.1067073196172714,0.3810975551605224,0.0762195140123367,-0.0345458984375,-0.107666015625,1.0068359375,0.1219512224197387,0.4115853607654571,0.0304878056049346,0.031982421875,-0.005126953125,1.0242919921875,0.5487805008888245,0.3201219439506531,0.1676829308271408,0.9999990463256836,-0.0007205111323855,0.0012153033167123,-1.5328403435432847e-08,0.999944508075714,0.0034770932979881,-0.0099466694518923,9.96653625406907e-07,0.9999794960021972,-0.0040251198224723,-0.0049856980331242,7.213249375581654e-08
1900-01-01 11:21:05.089943,-0.0277099609375,-0.0645751953125,-0.9954833984375,0.3201219439506531,0.4878048896789551,-0.0609756112098693,-0.0345458984375,-0.107666015625,1.0068359375,0.0,0.396341472864151,-0.1067073196172714,0.0306396484375,-0.0059814453125,1.0272216796875,0.4725609719753265,0.4725609719753265,0.045731708407402,0.9999990463256836,-0.0007205111323855,0.0012153033167123,-1.5328403435432847e-08,0.999944508075714,0.0034770932979881,-0.0099466694518923,9.96653625406907e-07,0.9999794960021972,-0.0040251198224723,-0.0049856980331242,7.213249375581654e-08
1900-01-01 11:21:05.106061,-0.02783203125,-0.0645751953125,-0.9949951171875,0.1371951252222061,0.8231707215309143,-0.1676829308271408,-0.0360107421875,-0.1082763671875,1.0028076171875,0.3658536672592163,-0.2743902504444122,-0.0304878056049346,0.0303955078125,-0.0072021484375,1.0274658203125,0.5487805008888245,0.4115853607654571,0.1219512224197387,0.9999990463256836,-0.0007205111323855,0.0012153033167123,-1.5328403435432847e-08,0.999944508075714,0.0034770932979881,-0.0099466694518923,9.96653625406907e-07,0.9999794960021972,-0.0040251198224723,-0.0049856980331242,7.213249375581654e-08
1900-01-01 11:21:05.106553,-0.0281982421875,-0.0628662109375,-0.9931640625,-0.1371951252222061,0.625,-0.0304878056049346,-0.0338134765625,-0.1090087890625,1.00830078125,0.3658536672592163,-0.2743902504444122,-0.0304878056049346,0.0303955078125,-0.0072021484375,1.0274658203125,0.5487805008888245,0.4115853607654571,0.1219512224197387,0.9999990463256836,-0.0007205111323855,0.0012153033167123,-1.5328403435432847e-08,0.999944508075714,0.0034770932979881,-0.0099466694518923,9.96653625406907e-07,0.9999794960021972,-0.0040251198224723,-0.0049856980331242,7.213249375581654e-08
1900-01-01 11:21:05.122497,-0.029541015625,-0.063720703125,-0.9954833984375,0.1829268336296081,0.6707317233085632,0.2286585420370102,-0.031494140625,-0.1099853515625,1.00830078125,0.3201219439506531,-0.3201219439506531,-0.2286585420370102,0.0291748046875,-0.0074462890625,1.0263671875,0.4115853607654571,0.1524390280246734,0.3810975551605224,0.9999990463256836,-0.0007205111323855,0.0012153033167123,-1.5328403435432847e-08,0.999944508075714,0.0034770932979881,-0.0099466694518923,9.96653625406907e-07,0.9999794960021972,-0.0040251198224723,-0.0049856980331242,7.213249375581654e-08
1900-01-01 11:21:05.128100,-0.029296875,-0.0653076171875,-0.998046875,0.1981707364320755,0.625,-0.0152439028024673,-0.031494140625,-0.1099853515625,1.00830078125,0.3201219439506531,-0.3201219439506531,-0.2286585420370102,0.0291748046875,-0.0074462890625,1.0263671875,0.4115853607654571,0.1524390280246734,0.3810975551605224,0.9999990463256836,-0.0007205111323855,0.0012153033167123,-1.5328403435432847e-08,0.999944508075714,0.0034770932979881,-0.0099466694518923,9.96653625406907e-07,0.9999794960021972,-0.0040251198224723,-0.0049856980331242,7.213249375581654e-08
1900-01-01 11:21:05.147465,-0.0279541015625,-0.0657958984375,-0.9952392578125,0.1371951252222061,0.4115853607654571,-0.0304878056049346,-0.0316162109375,-0.1080322265625,1.0093994140625,0.1676829308271408,-0.1676829308271408,-0.1219512224197387,0.0302734375,-0.0068359375,1.025390625,0.5945122241973877,0.1981707364320755,0.0609756112098693,0.9999990463256836,-0.0007205111323855,0.0012153033167123,-1.5328403435432847e-08,0.999944508075714,0.0034770932979881,-0.0099466694518923,9.96653625406907e-07,0.9999794960021972,-0.0040251198224723,-0.0049856980331242,7.213249375581654e-08
1900-01-01 11:21:05.153062,-0.0262451171875,-0.065673828125,-0.99755859375,0.045731708407402,0.7317073345184326,-0.091463416814804,-0.0316162109375,-0.1080322265625,1.0093994140625,0.1676829308271408,-0.1676829308271408,-0.1219512224197387,0.0302734375,-0.0068359375,1.025390625,0.6097561120986938,0.3658536672592163,0.0762195140123367,0.9999990463256836,-0.0007205111323855,0.0012153033167123,-1.5328403435432847e-08,0.999944508075714,0.0034770932979881,-0.0099466694518923,9.96653625406907e-07,0.9999794960021972,-0.0040251198224723,-0.0049856980331242,7.213249375581654e-08
1900-01-01 11:21:05.163365,-0.0283203125,-0.067138671875,-0.99658203125,0.1371951252222061,0.4878048896789551,0.045731708407402,-0.0316162109375,-0.1080322265625,1.0093994140625,0.1676829308271408,-0.1676829308271408,-0.1219512224197387,0.0302734375,-0.0068359375,1.025390625,0.6097561120986938,0.3658536672592163,0.0762195140123367,0.9999990463256836,-0.0007205111323855,0.0012153033167123,-1.5328403435432847e-08,0.999944508075714,0.0034770932979881,-0.0099466694518923,9.96653625406907e-07,0.9999794960021972,-0.0040251198224723,-0.0049856980331242,7.213249375581654e-08
1900-01-01 11:21:05.164173,-0.02880859375,-0.0679931640625,-0.995361328125,0.0,0.6859756112098694,-0.045731708407402,-0.0316162109375,-0.1080322265625,1.0093994140625,0.1676829308271408,-0.1676829308271408,-0.1219512224197387,0.031005859375,-0.007080078125,1.02685546875,0.6097561120986938,0.3658536672592163,0.0762195140123367,0.9999990463256836,-0.0007205111323855,0.0012153033167123,-1.5328403435432847e-08,0.999944508075714,0.0034770932979881,-0.0099466694518923,9.96653625406907e-07,0.9999794960021972,-0.0040251198224723,-0.0049856980331242,7.213249375581654e-08
1900-01-01 11:21:05.180937,-0.0296630859375,-0.064453125,-0.9959716796875,0.2591463327407837,0.8079268336296082,0.0304878056049346,-0.0362548828125,-0.1082763671875,1.0057373046875,0.2591463327407837,-0.5182926654815674,-0.2439024448394775,0.030517578125,-0.009033203125,1.02685546875,0.6554878354072571,0.045731708407402,0.2591463327407837,0.9999990463256836,-0.0007205111323855,0.0012153033167123,-1.5328403435432847e-08,0.999944508075714,0.0034770932979881,-0.0099466694518923,9.96653625406907e-07,0.9999794960021972,-0.0040251198224723,-0.0049856980331242,7.213249375581654e-08
1900-01-01 11:21:05.192371,-0.0311279296875,-0.0625,-0.993408203125,0.1676829308271408,0.3658536672592163,-0.0152439028024673,-0.033935546875,-0.10791015625,1.0125732421875,0.396341472864151,0.0304878056049346,0.1371951252222061,0.032958984375,-0.009521484375,1.030029296875,0.5792682766914368,0.3658536672592163,0.4420731663703918,0.9999990463256836,-0.0007205111323855,0.0012153033167123,-1.5328403435432847e-08,0.999944508075714,0.0034770932979881,-0.0099466694518923,9.96653625406907e-07,0.9999794960021972,-0.0040251198224723,-0.0049856980331242,7.213249375581654e-08
1900-01-01 11:21:05.223289,-0.0284423828125,-0.0614013671875,-0.9945068359375,0.0609756112098693,0.3048780560493469,-0.045731708407402,-0.0335693359375,-0.110107421875,1.006103515625,0.1371951252222061,0.5030487775802612,-0.0152439028024673,0.032958984375,-0.009521484375,1.030029296875,0.5792682766914368,0.3658536672592163,0.4420731663703918,0.9999990463256836,-0.0007205111323855,0.0012153033167123,-1.5328403435432847e-08,0.999944508075714,0.0034770932979881,-0.0099466694518923,9.96653625406907e-07,0.9999794960021972,-0.0040251198224723,-0.0049856980331242,7.213249375581654e-08
1900-01-01 11:21:05.234379,-0.029296875,-0.0615234375,-0.994384765625,0.0,0.5487805008888245,-0.1371951252222061,-0.0335693359375,-0.110107421875,1.006103515625,-0.045731708407402,0.2286585420370102,-0.2591463327407837,0.0325927734375,-0.0072021484375,1.0269775390625,0.5792682766914368,0.3658536672592163,0.4420731663703918,0.9999990463256836,-0.0007205111323855,0.0012153033167123,-1.5328403435432847e-08,0.999944508075714,0.0034770932979881,-0.0099466694518923,9.96653625406907e-07,0.9999794960021972,-0.0040251198224723,-0.0049856980331242,7.213249375581654e-08
1900-01-01 11:21:05.240166,-0.030029296875,-0.0626220703125,-0.99365234375,0.0304878056049346,0.4725609719753265,-0.1067073196172714,-0.0335693359375,-0.110107421875,1.006103515625,-0.045731708407402,0.2286585420370102,-0.2591463327407837,0.0325927734375,-0.0072021484375,1.0269775390625,0.5792682766914368,0.3658536672592163,0.4420731663703918,0.9999990463256836,-0.0007205111323855,0.0012153033167123,-1.5328403435432847e-08,0.999944508075714,0.0034770932979881,-0.0099466694518923,9.96653625406907e-07,0.9999794960021972,-0.0040251198224723,-0.0049856980331242,7.213249375581654e-08
1900-01-01 11:21:05.262191,-0.0289306640625,-0.0645751953125,-0.994384765625,0.1829268336296081,0.2286585420370102,-0.2439024448394775,-0.033935546875,-0.1097412109375,1.0074462890625,0.2286585420370102,0.1371951252222061,-0.2134146392345428,0.03076171875,-0.0048828125,1.0260009765625,0.6554878354072571,0.3353658616542816,0.2591463327407837,0.9999990463256836,-0.0007205111323855,0.0012153033167123,-1.5328403435432847e-08,0.999944508075714,0.0034770932979881,-0.0099466694518923,9.96653625406907e-07,0.9999794960021972,-0.0040251198224723,-0.0049856980331242,7.213249375581654e-08
1900-01-01 11:21:05.324582,-0.031494140625,-0.0657958984375,-1.0003662109375,0.1524390280246734,0.3810975551605224,0.0609756112098693,-0.036376953125,-0.1104736328125,1.011962890625,0.2286585420370102,-0.2286585420370102,0.0609756112098693,0.0294189453125,-0.00537109375,1.027587890625,0.2896341383457184,0.2896341383457184,0.2286585420370102,0.9999990463256836,-0.0007205111323855,0.0012153033167123,-1.5328403435432847e-08,0.999944508075714,0.0034770932979881,-0.0099466694518923,9.96653625406907e-07,0.9999794960021972,-0.0040251198224723,-0.0049856980331242,7.213249375581654e-08
1900-01-01 11:21:05.346190,-0.0289306640625,-0.067626953125,-0.9959716796875,0.3201219439506531,0.5792682766914368,0.2134146392345428,-0.0343017578125,-0.10791015625,1.0120849609375,0.4268292784690857,-0.4573170840740204,-0.1829268336296081,0.0311279296875,-0.005859375,1.0238037109375,0.5335366129875183,0.1829268336296081,0.2591463327407837,0.9999990463256836,-0.0007205111323855,0.0012153033167123,-1.5328403435432847e-08,0.999944508075714,0.0034770932979881,-0.0099466694518923,9.96653625406907e-07,0.9999794960021972,-0.0040251198224723,-0.0049856980331242,7.213249375581654e-08
1900-01-01 11:21:05.347095,-0.0260009765625,-0.0650634765625,-0.9940185546875,0.045731708407402,0.5182926654815674,0.0762195140123367,-0.0343017578125,-0.10791015625,1.0120849609375,0.0,0.4115853607654571,0.091463416814804,0.0321044921875,-0.0059814453125,1.0299072265625,0.3658536672592163,0.1676829308271408,-0.0762195140123367,0.9999990463256836,-0.0007205111323855,0.0012153033167123,-1.5328403435432847e-08,0.999944508075714,0.0034770932979881,-0.0099466694518923,9.96653625406907e-07,0.9999794960021972,-0.0040251198224723,-0.0049856980331242,7.213249375581654e-08
1900-01-01 11:21:05.379669,-0.024658203125,-0.06494140625,-0.9984130859375,0.0762195140123367,0.6097561120986938,-0.0304878056049346,-0.0343017578125,-0.10791015625,1.0120849609375,0.0,0.4115853607654571,0.091463416814804,0.02978515625,-0.0079345703125,1.02734375,0.625,0.1371951252222061,0.3048780560493469,0.9999990463256836,-0.0007205111323855,0.0012153033167123,-1.5328403435432847e-08,0.999944508075714,0.0034770932979881,-0.0099466694518923,9.96653625406907e-07,0.9999794960021972,-0.0040251198224723,-0.0049856980331242,7.213249375581654e-08
1900-01-01 11:21:05.403290,-0.0244140625,-0.0648193359375,-0.9990234375,0.1371951252222061,0.7469512224197388,-0.0609756112098693,-0.0343017578125,-0.1070556640625,1.0068359375,0.2439024448394775,-0.792682945728302,0.0152439028024673,0.0299072265625,-0.0101318359375,1.0283203125,0.5335366129875183,0.2743902504444122,0.1371951252222061,0.9999990463256836,-0.0007205111323855,0.0012153033167123,-1.5328403435432847e-08,0.999944508075714,0.0034770932979881,-0.0099466694518923,9.96653625406907e-07,0.9999794960021972,-0.0040251198224723,-0.0049856980331242,7.213249375581654e-08
1900-01-01 11:21:05.420086,-0.026611328125,-0.066162109375,-0.9951171875,-0.091463416814804,0.6402438879013062,-0.1829268336296081,-0.031494140625,-0.1063232421875,1.0108642578125,0.2439024448394775,-0.792682945728302,0.0152439028024673,0.0299072265625,-0.0101318359375,1.0283203125,0.5640243887901306,0.2896341383457184,0.3353658616542816,0.9999990463256836,-0.0007205111323855,0.0012153033167123,-1.5328403435432847e-08,0.999944508075714,0.0034770932979881,-0.0099466694518923,9.96653625406907e-07,0.9999794960021972,-0.0040251198224723,-0.0049856980331242,7.213249375581654e-08
1900-01-01 11:21:05.421873,-0.027099609375,-0.0667724609375,-0.9981689453125,0.091463416814804,0.6097561120986938,-0.0609756112098693,-0.0360107421875,-0.1085205078125,1.00732421875,0.091463416814804,0.3048780560493469,0.2896341383457184,0.0306396484375,-0.0096435546875,1.02587890625,0.5487805008888245,0.2896341383457184,0.4115853607654571,0.9999990463256836,-0.0007205111323855,0.0012153033167123,-1.5328403435432847e-08,0.999944508075714,0.0034770932979881,-0.0099466694518923,9.96653625406907e-07,0.9999794960021972,-0.0040251198224723,-0.0049856980331242,7.213249375581654e-08
1900-01-01 11:21:05.422230,-0.0291748046875,-0.0675048828125,-0.9991455078125,-0.0609756112098693,0.4725609719753265,0.1371951252222061,-0.0367431640625,-0.107177734375,1.0086669921875,0.091463416814804,0.3048780560493469,0.2896341383457184,0.03271484375,-0.0079345703125,1.0291748046875,0.5487805008888245,0.2896341383457184,0.4115853607654571,0.9999990463256836,-0.0007205111323855,0.0012153033167123,-1.5328403435432847e-08,0.999944508075714,0.0034770932979881,-0.0099466694518923,9.96653625406907e-07,0.9999794960021972,-0.0040251198224723,-0.0049856980331242,7.213249375581654e-08
1900-01-01 11:21:05.422499,-0.0301513671875,-0.06591796875,-0.9959716796875,-0.091463416814804,0.5182926654815674,-0.0762195140123367,-0.0367431640625,-0.107177734375,1.0086669921875,0.091463416814804,0.3048780560493469,0.2896341383457184,0.03271484375,-0.0079345703125,1.0291748046875,0.5487805008888245,0.1371951252222061,0.4420731663703918,0.9999990463256836,-0.0007205111323855,0.0012153033167123,-1.5328403435432847e-08,0.999944508075714,0.0034770932979881,-0.0099466694518923,9.96653625406907e-07,0.9999794960021972,-0.0040251198224723,-0.0049856980331242,7.213249375581654e-08
1900-01-01 11:21:05.422573,-0.0296630859375,-0.06591796875,-0.99560546875,0.1219512224197387,0.5030487775802612,0.0,-0.0367431640625,-0.107177734375,1.0086669921875,0.091463416814804,0.3048780560493469,0.2896341383457184,0.03271484375,-0.0079345703125,1.0291748046875,0.5487805008888245,0.1371951252222061,0.4420731663703918,0.9999990463256836,-0.0007205111323855,0.0012153033167123,-1.5328403435432847e-08,0.999944508075714,0.0034770932979881,-0.0099466694518923,9.96653625406907e-07,0.9999794960021972,-0.0040251198224723,-0.0049856980331242,7.213249375581654e-08
1900-01-01 11:21:05.422861,-0.0296630859375,-0.0631103515625,-0.997802734375,0.1981707364320755,0.5030487775802612,-0.045731708407402,-0.0367431640625,-0.107177734375,1.0086669921875,0.091463416814804,0.3048780560493469,0.2896341383457184,0.0328369140625,-0.0069580078125,1.0299072265625,0.5487805008888245,0.1371951252222061,0.4420731663703918,0.9999990463256836,-0.0007205111323855,0.0012153033167123,-1.5328403435432847e-08,0.999944508075714,0.0034770932979881,-0.0099466694518923,9.96653625406907e-07,0.9999794960021972,-0.0040251198224723,-0.0049856980331242,7.213249375581654e-08
1900-01-01 11:21:05.423079,-0.02978515625,-0.0611572265625,-0.9954833984375,0.0762195140123367,0.4573170840740204,0.2591463327407837,-0.0367431640625,-0.107177734375,1.0086669921875,0.3506097495555877,-0.6554878354072571,-0.2743902504444122,0.0328369140625,-0.0069580078125,1.0299072265625,0.5487805008888245,0.1371951252222061,0.4420731663703918,0.9999990463256836,-0.0007205111323855,0.0012153033167123,-1.5328403435432847e-08,0.999944508075714,0.0034770932979881,-0.0099466694518923,9.96653625406907e-07,0.9999794960021972,-0.0040251198224723,-0.0049856980331242,7.213249375581654e-08
1900-01-01 11:21:05.423279,-0.0289306640625,-0.0614013671875,-0.99365234375,0.0762195140123367,0.8231707215309143,0.1524390280246734,-0.0367431640625,-0.107177734375,1.0086669921875,0.3506097495555877,-0.6554878354072571,-0.2743902504444122,0.032470703125,-0.006591796875,1.027587890625,0.4725609719753265,0.2286585420370102,0.045731708407402,0.9999990463256836,-0.0007205111323855,0.0012153033167123,-1.5328403435432847e-08,0.999944508075714,0.0034770932979881,-0.0099466694518923,9.96653625406907e-07,0.9999794960021972,-0.0040251198224723,-0.0049856980331242,7.213249375581654e-08
1900-01-01 11:21:05.423832,-0.02880859375,-0.0643310546875,-0.99560546875,0.2134146392345428,0.6554878354072571,-0.1219512224197387,-0.037109375,-0.10986328125,1.00634765625,-0.0152439028024673,-0.625,0.0762195140123367,0.0313720703125,-0.0084228515625,1.0244140625,0.6097561120986938,0.0304878056049346,0.2439024448394775,0.9999990463256836,-0.0007205111323855,0.0012153033167123,-1.5328403435432847e-08,0.999944508075714,0.0034770932979881,-0.0099466694518923,9.96653625406907e-07,0.9999794960021972,-0.0040251198224723,-0.0049856980331242,7.213249375581654e-08
1900-01-01 11:21:05.424269,-0.0267333984375,-0.06494140625,-0.995849609375,0.2439024448394775,0.3201219439506531,0.091463416814804,-0.031005859375,-0.1102294921875,1.0078125,0.3201219439506531,-0.3201219439506531,-0.3048780560493469,0.0299072265625,-0.0042724609375,1.0260009765625,0.625,0.4115853607654571,0.1371951252222061,0.9999990463256836,-0.0007205111323855,0.0012153033167123,-1.5328403435432847e-08,0.999944508075714,0.0034770932979881,-0.0099466694518923,9.96653625406907e-07,0.9999794960021972,-0.0040251198224723,-0.0049856980331242,7.213249375581654e-08
1900-01-01 11:21:05.424530,-0.024658203125,-0.066162109375,-0.9969482421875,0.1371951252222061,0.4420731663703918,-0.1524390280246734,-0.0333251953125,-0.108642578125,1.0081787109375,-0.1829268336296081,0.2591463327407837,-0.1676829308271408,0.03076171875,-0.0047607421875,1.0240478515625,0.5792682766914368,0.3353658616542816,0.4420731663703918,0.9999990463256836,-0.0007205111323855,0.0012153033167123,-1.5328403435432847e-08,0.999944508075714,0.0034770932979881,-0.0099466694518923,9.96653625406907e-07,0.9999794960021972,-0.0040251198224723,-0.0049856980331242,7.213249375581654e-08
1900-01-01 11:21:05.424778,-0.027099609375,-0.0628662109375,-0.996826171875,0.0609756112098693,0.5640243887901306,0.1067073196172714,-0.034423828125,-0.105712890625,1.006591796875,0.4420731663703918,0.3353658616542816,-0.0304878056049346,0.03076171875,-0.0047607421875,1.0240478515625,0.3658536672592163,0.1067073196172714,0.1676829308271408,0.9999990463256836,-0.0007205111323855,0.0012153033167123,-1.5328403435432847e-08,0.999944508075714,0.0034770932979881,-0.0099466694518923,9.96653625406907e-07,0.9999794960021972,-0.0040251198224723,-0.0049856980331242,7.213249375581654e-08
1900-01-01 11:21:05.424935,-0.028076171875,-0.0631103515625,-0.995849609375,0.1829268336296081,0.5487805008888245,-0.1981707364320755,-0.034423828125,-0.105712890625,1.006591796875,0.4420731663703918,0.3353658616542816,-0.0304878056049346,0.0311279296875,-0.005615234375,1.0291748046875,0.4115853607654571,0.3201219439506531,0.1981707364320755,0.9999990463256836,-0.0007205111323855,0.0012153033167123,-1.5328403435432847e-08,0.999944508075714,0.0034770932979881,-0.0099466694518923,9.96653625406907e-07,0.9999794960021972,-0.0040251198224723,-0.0049856980331242,7.213249375581654e-08
1900-01-01 11:21:05.425079,-0.0291748046875,-0.066162109375,-0.993408203125,-0.0152439028024673,0.4268292784690857,-0.2134146392345428,-0.034423828125,-0.105712890625,1.006591796875,0.4420731663703918,0.3353658616542816,-0.0304878056049346,0.0313720703125,-0.008544921875,1.0272216796875,0.5945122241973877,0.3048780560493469,0.2286585420370102,0.9999990463256836,-0.0007205111323855,0.0012153033167123,-1.5328403435432847e-08,0.999944508075714,0.0034770932979881,-0.0099466694518923,9.96653625406907e-07,0.9999794960021972,-0.0040251198224723,-0.0049856980331242,7.213249375581654e-08
1900-01-01 11:21:05.425265,-0.0283203125,-0.0645751953125,-0.9971923828125,0.045731708407402,0.5182926654815674,-0.0152439028024673,-0.034423828125,-0.105712890625,1.006591796875,0.4420731663703918,0.3353658616542816,-0.0304878056049346,0.02880859375,-0.00732421875,1.026611328125,0.6554878354072571,0.2439024448394775,0.1676829308271408,0.9999990463256836,-0.0007205111323855,0.0012153033167123,-1.5328403435432847e-08,0.999944508075714,0.0034770932979881,-0.0099466694518923,9.96653625406907e-07,0.9999794960021972,-0.0040251198224723,-0.0049856980331242,7.213249375581654e-08
1900-01-01 11:21:05.425413,-0.0289306640625,-0.066162109375,-0.99755859375,-0.0152439028024673,0.5030487775802612,-0.0609756112098693,-0.034423828125,-0.105712890625,1.006591796875,0.4420731663703918,0.3353658616542816,-0.0304878056049346,0.0294189453125,-0.0076904296875,1.027587890625,0.5487805008888245,0.2591463327407837,0.1524390280246734,0.9999990463256836,-0.0007205111323855,0.0012153033167123,-1.5328403435432847e-08,0.999944508075714,0.0034770932979881,-0.0099466694518923,9.96653625406907e-07,0.9999794960021972,-0.0040251198224723,-0.0049856980331242,7.213249375581654e-08
1900-01-01 11:21:05.425556,-0.0272216796875,-0.0645751953125,-0.99462890625,0.2286585420370102,0.5030487775802612,-0.1676829308271408,-0.034423828125,-0.105712890625,1.006591796875,0.4420731663703918,0.3353658616542816,-0.0304878056049346,0.031005859375,-0.0054931640625,1.025390625,0.3810975551605224,0.4115853607654571,0.045731708407402,0.9999990463256836,-0.0007205111323855,0.0012153033167123,-1.5328403435432847e-08,0.999944508075714,0.0034770932979881,-0.0099466694518923,9.96653625406907e-07,0.9999794960021972,-0.0040251198224723,-0.0049856980331242,7.213249375581654e-08
1900-01-01 11:21:05.431282,-0.02783203125,-0.06640625,-0.99609375,0.2591463327407837,0.7164634466171265,-0.1219512224197387,-0.0350341796875,-0.1068115234375,1.0078125,0.1829268336296081,0.1219512224197387,-0.1219512224197387,0.0330810546875,-0.008056640625,1.02783203125,0.6554878354072571,0.3048780560493469,0.1524390280246734,0.9999990463256836,-0.0007205111323855,0.0012153033167123,-1.5328403435432847e-08,0.999944508075714,0.0034770932979881,-0.0099466694518923,9.96653625406907e-07,0.9999794960021972,-0.0040251198224723,-0.0049856980331242,7.213249375581654e-08
1900-01-01 11:21:05.440299,-0.0279541015625,-0.06591796875,-0.9993896484375,0.4268292784690857,0.6402438879013062,-0.1676829308271408,-0.03466796875,-0.1077880859375,1.0091552734375,0.1981707364320755,-0.1829268336296081,-0.1371951252222061,0.031494140625,-0.007568359375,1.0303955078125,0.4878048896789551,0.3810975551605224,0.2286585420370102,0.9999990463256836,-0.0007205111323855,0.0012153033167123,-1.5328403435432847e-08,0.999944508075714,0.0034770932979881,-0.0099466694518923,9.96653625406907e-07,0.9999794960021972,-0.0040251198224723,-0.0049856980331242,7.213249375581654e-08
1900-01-01 11:21:05.448379,-0.0291748046875,-0.0653076171875,-0.9954833984375,0.0609756112098693,0.5487805008888245,-0.1981707364320755,-0.0343017578125,-0.1087646484375,1.0087890625,0.3506097495555877,0.0762195140123367,-0.2439024448394775,0.031494140625,-0.007568359375,1.0303955078125,0.4878048896789551,0.3810975551605224,0.2286585420370102,0.9999990463256836,-0.0007205111323855,0.0012153033167123,-1.5328403435432847e-08,0.999944508075714,0.0034770932979881,-0.0099466694518923,9.96653625406907e-07,0.9999794960021972,-0.0040251198224723,-0.0049856980331242,7.213249375581654e-08
1900-01-01 11:21:05.456377,-0.029052734375,-0.0650634765625,-0.9920654296875,0.0152439028024673,0.5335366129875183,-0.1524390280246734,-0.0335693359375,-0.110107421875,1.006103515625,0.3506097495555877,0.0762195140123367,-0.2439024448394775,0.031982421875,-0.006591796875,1.029052734375,0.5335366129875183,0.396341472864151,0.2896341383457184,0.9999990463256836,-0.0007205111323855,0.0012153033167123,-1.5328403435432847e-08,0.999944508075714,0.0034770932979881,-0.0099466694518923,9.96653625406907e-07,0.9999794960021972,-0.0040251198224723,-0.0049856980331242,7.213249375581654e-08
1900-01-01 11:21:05.475310,-0.0286865234375,-0.063232421875,-0.9954833984375,0.1524390280246734,0.4878048896789551,-0.0609756112098693,-0.034912109375,-0.1092529296875,1.0067138671875,0.2896341383457184,-0.2591463327407837,-0.2591463327407837,0.0284423828125,-0.0064697265625,1.0255126953125,0.1981707364320755,0.3353658616542816,0.1524390280246734,0.9999990463256836,-0.0007205111323855,0.0012153033167123,-1.5328403435432847e-08,0.999944508075714,0.0034770932979881,-0.0099466694518923,9.96653625406907e-07,0.9999794960021972,-0.0040251198224723,-0.0049856980331242,7.213249375581654e-08
1900-01-01 11:21:05.492309,-0.0283203125,-0.063720703125,-0.9957275390625,0.0304878056049346,0.3810975551605224,0.045731708407402,-0.03173828125,-0.1082763671875,1.0076904296875,0.1676829308271408,0.4420731663703918,-0.2591463327407837,0.0301513671875,-0.0059814453125,1.0267333984375,0.7621951103210449,0.2591463327407837,0.2743902504444122,0.9999990463256836,-0.0007205111323855,0.0012153033167123,-1.5328403435432847e-08,0.999944508075714,0.0034770932979881,-0.0099466694518923,9.96653625406907e-07,0.9999794960021972,-0.0040251198224723,-0.0049856980331242,7.213249375581654e-08
1900-01-01 11:21:05.492457,-0.029541015625,-0.0631103515625,-0.9935302734375,0.0304878056049346,0.3658536672592163,0.1219512224197387,-0.03173828125,-0.1082763671875,1.0076904296875,0.1676829308271408,0.4420731663703918,-0.2591463327407837,0.0301513671875,-0.0059814453125,1.0267333984375,0.7621951103210449,0.2591463327407837,0.2743902504444122,0.9999990463256836,-0.0007205111323855,0.0012153033167123,-1.5328403435432847e-08,0.999944508075714,0.0034770932979881,-0.0099466694518923,9.96653625406907e-07,0.9999794960021972,-0.0040251198224723,-0.0049856980331242,7.213249375581654e-08
1900-01-01 11:21:05.502442,-0.0284423828125,-0.0655517578125,-0.9959716796875,0.2134146392345428,0.5640243887901306,-0.0609756112098693,-0.03173828125,-0.1082763671875,1.0076904296875,0.1676829308271408,0.4420731663703918,-0.2591463327407837,0.0308837890625,-0.006591796875,1.0245361328125,0.6097561120986938,0.4573170840740204,0.1371951252222061,0.9999990463256836,-0.0007205111323855,0.0012153033167123,-1.5328403435432847e-08,0.999944508075714,0.0034770932979881,-0.0099466694518923,9.96653625406907e-07,0.9999794960021972,-0.0040251198224723,-0.0049856980331242,7.213249375581654e-08
1900-01-01 11:21:05.511296,-0.0272216796875,-0.0653076171875,-0.9976806640625,0.3048780560493469,0.4268292784690857,0.045731708407402,-0.0341796875,-0.1087646484375,1.007568359375,0.3506097495555877,-0.3658536672592163,-0.2743902504444122,0.0302734375,-0.007568359375,1.02783203125,0.4268292784690857,0.4725609719753265,0.2439024448394775,0.9999990463256836,-0.0007205111323855,0.0012153033167123,-1.5328403435432847e-08,0.999944508075714,0.0034770932979881,-0.0099466694518923,9.96653625406907e-07,0.9999794960021972,-0.0040251198224723,-0.0049856980331242,7.213249375581654e-08
1900-01-01 11:21:05.518374,-0.0277099609375,-0.0662841796875,-0.9976806640625,0.0304878056049346,0.4573170840740204,0.0,-0.0318603515625,-0.107177734375,1.0106201171875,0.0762195140123367,-0.0304878056049346,-0.2591463327407837,0.03173828125,-0.007080078125,1.02783203125,0.4268292784690857,0.4725609719753265,0.2439024448394775,0.9999990463256836,-0.0007205111323855,0.0012153033167123,-1.5328403435432847e-08,0.999944508075714,0.0034770932979881,-0.0099466694518923,9.96653625406907e-07,0.9999794960021972,-0.0040251198224723,-0.0049856980331242,7.213249375581654e-08
1900-01-01 11:21:05.530772,-0.029541015625,-0.0635986328125,-0.9967041015625,-0.0304878056049346,0.5487805008888245,-0.1371951252222061,-0.0333251953125,-0.108642578125,1.0081787109375,0.1676829308271408,0.5182926654815674,-0.1829268336296081,0.0325927734375,-0.006103515625,1.0274658203125,0.5182926654815674,0.2743902504444122,0.1371951252222061,0.9999990463256836,-0.0007205111323855,0.0012153033167123,-1.5328403435432847e-08,0.999944508075714,0.0034770932979881,-0.0099466694518923,9.96653625406907e-07,0.9999794960021972,-0.0040251198224723,-0.0049856980331242,7.213249375581654e-08
1900-01-01 11:21:05.556846,-0.0286865234375,-0.064208984375,-0.9969482421875,-0.0304878056049346,0.5792682766914368,0.0152439028024673,-0.0361328125,-0.1080322265625,1.0076904296875,0.1676829308271408,0.5182926654815674,-0.1829268336296081,0.0311279296875,-0.008056640625,1.0277099609375,0.396341472864151,0.3048780560493469,0.2134146392345428,0.9999990463256836,-0.0007205111323855,0.0012153033167123,-1.5328403435432847e-08,0.999944508075714,0.0034770932979881,-0.0099466694518923,9.96653625406907e-07,0.9999794960021972,-0.0040251198224723,-0.0049856980331242,7.213249375581654e-08
1900-01-01 11:21:05.577785,-0.0277099609375,-0.0634765625,-0.9979248046875,0.2591463327407837,0.396341472864151,-0.0762195140123367,-0.034912109375,-0.1075439453125,1.0079345703125,0.3810975551605224,-0.6554878354072571,0.1219512224197387,0.033203125,-0.0093994140625,1.0311279296875,0.5945122241973877,0.2591463327407837,0.2286585420370102,0.9999990463256836,-0.0007205111323855,0.0012153033167123,-1.5328403435432847e-08,0.999944508075714,0.0034770932979881,-0.0099466694518923,9.96653625406907e-07,0.9999794960021972,-0.0040251198224723,-0.0049856980331242,7.213249375581654e-08
1900-01-01 11:21:05.594605,-0.027099609375,-0.0672607421875,-0.9974365234375,0.0609756112098693,0.5487805008888245,0.091463416814804,-0.0322265625,-0.1055908203125,1.0125732421875,0.1981707364320755,0.4115853607654571,-0.1524390280246734,0.0323486328125,-0.0076904296875,1.029541015625,0.5792682766914368,0.2286585420370102,0.1676829308271408,0.9999990463256836,-0.0007205111323855,0.0012153033167123,-1.5328403435432847e-08,0.999944508075714,0.0034770932979881,-0.0099466694518923,9.96653625406907e-07,0.9999794960021972,-0.0040251198224723,-0.0049856980331242,7.213249375581654e-08
1900-01-01 11:21:05.632120,-0.0281982421875,-0.067138671875,-0.9970703125,0.091463416814804,0.6097561120986938,0.045731708407402,-0.0361328125,-0.1085205078125,1.01025390625,0.5030487775802612,-0.5487805008888245,-0.091463416814804,0.03125,-0.0076904296875,1.0296630859375,0.625,0.3048780560493469,0.1676829308271408,0.9999990463256836,-0.0007205111323855,0.0012153033167123,-1.5328403435432847e-08,0.999944508075714,0.0034770932979881,-0.0099466694518923,9.96653625406907e-07,0.9999794960021972,-0.0040251198224723,-0.0049856980331242,7.213249375581654e-08
1900-01-01 11:21:05.659370,-0.0269775390625,-0.067138671875,-0.9970703125,-0.1067073196172714,0.4725609719753265,0.1219512224197387,-0.0361328125,-0.1085205078125,1.01025390625,0.3353658616542816,-0.3658536672592163,-0.1676829308271408,0.0299072265625,-0.006103515625,1.023681640625,0.6097561120986938,0.3048780560493469,0.1676829308271408,0.9999990463256836,-0.0007205111323855,0.0012153033167123,-1.5328403435432847e-08,0.999944508075714,0.0034770932979881,-0.0099466694518923,9.96653625406907e-07,0.9999794960021972,-0.0040251198224723,-0.0049856980331242,7.213249375581654e-08
1900-01-01 11:21:05.664717,-0.027099609375,-0.0653076171875,-0.999267578125,-0.0762195140123367,0.3810975551605224,0.1219512224197387,-0.0361328125,-0.1085205078125,1.01025390625,0.3353658616542816,-0.3658536672592163,-0.1676829308271408,0.0299072265625,-0.006103515625,1.023681640625,0.6097561120986938,0.3048780560493469,0.1676829308271408,0.9999990463256836,-0.0007205111323855,0.0012153033167123,-1.5328403435432847e-08,0.999944508075714,0.0034770932979881,-0.0099466694518923,9.96653625406907e-07,0.9999794960021972,-0.0040251198224723,-0.0049856980331242,7.213249375581654e-08
1900-01-01 11:21:05.691534,-0.0277099609375,-0.06494140625,-0.995849609375,0.0304878056049346,0.1981707364320755,-0.0609756112098693,-0.0333251953125,-0.1058349609375,1.00927734375,0.3353658616542816,-0.3658536672592163,-0.1676829308271408,0.0299072265625,-0.006103515625,1.023681640625,0.6097561120986938,0.2134146392345428,0.091463416814804,0.9999990463256836,-0.0007205111323855,0.0012153033167123,-1.5328403435432847e-08,0.999944508075714,0.0034770932979881,-0.0099466694518923,9.96653625406907e-07,0.9999794960021972,-0.0040251198224723,-0.0049856980331242,7.213249375581654e-08
1900-01-01 11:21:05.707825,-0.029296875,-0.063232421875,-0.992919921875,0.1219512224197387,0.5030487775802612,-0.2286585420370102,-0.0325927734375,-0.1077880859375,1.0040283203125,-0.045731708407402,0.5182926654815674,-0.091463416814804,0.03076171875,-0.006103515625,1.0257568359375,0.6097561120986938,0.2134146392345428,0.091463416814804,0.9999990463256836,-0.0007205111323855,0.0012153033167123,-1.5328403435432847e-08,0.999944508075714,0.0034770932979881,-0.0099466694518923,9.96653625406907e-07,0.9999794960021972,-0.0040251198224723,-0.0049856980331242,7.213249375581654e-08
1900-01-01 11:21:05.713092,-0.0272216796875,-0.0623779296875,-0.995849609375,-0.0152439028024673,0.3810975551605224,-0.1219512224197387,-0.0325927734375,-0.1077880859375,1.0040283203125,-0.045731708407402,0.5182926654815674,-0.091463416814804,0.03076171875,-0.006103515625,1.0257568359375,0.6097561120986938,0.2134146392345428,0.091463416814804,0.9999990463256836,-0.0007205111323855,0.0012153033167123,-1.5328403435432847e-08,0.999944508075714,0.0034770932979881,-0.0099466694518923,9.96653625406907e-07,0.9999794960021972,-0.0040251198224723,-0.0049856980331242,7.213249375581654e-08
1900-01-01 11:21:05.729397,-0.02880859375,-0.064453125,-0.9964599609375,0.2591463327407837,0.6554878354072571,0.1676829308271408,-0.0325927734375,-0.1077880859375,1.0040283203125,-0.045731708407402,0.5182926654815674,-0.091463416814804,0.03076171875,-0.006103515625,1.0257568359375,0.6402438879013062,0.0304878056049346,0.4420731663703918,0.9999990463256836,-0.0007205111323855,0.0012153033167123,-1.5328403435432847e-08,0.999944508075714,0.0034770932979881,-0.0099466694518923,9.96653625406907e-07,0.9999794960021972,-0.0040251198224723,-0.0049856980331242,7.213249375581654e-08
1900-01-01 11:21:05.780288,-0.0302734375,-0.0640869140625,-0.9927978515625,0.2743902504444122,0.3353658616542816,-0.1219512224197387,-0.0335693359375,-0.108642578125,1.0091552734375,0.1676829308271408,-0.1981707364320755,-0.2286585420370102,0.031494140625,-0.00634765625,1.025634765625,0.4878048896789551,0.2439024448394775,0.0609756112098693,0.9999990463256836,-0.0007205111323855,0.0012153033167123,-1.5328403435432847e-08,0.999944508075714,0.0034770932979881,-0.0099466694518923,9.96653625406907e-07,0.9999794960021972,-0.0040251198224723,-0.0049856980331242,7.213249375581654e-08
1900-01-01 11:21:05.828862,-0.028076171875,-0.06298828125,-0.9949951171875,0.3201219439506531,0.6402438879013062,-0.045731708407402,-0.0341796875,-0.109619140625,1.002685546875,0.0152439028024673,0.4725609719753265,-0.0304878056049346,0.0301513671875,-0.0072021484375,1.0262451171875,0.3048780560493469,0.1219512224197387,0.0,0.9999990463256836,-0.0007205111323855,0.0012153033167123,-1.5328403435432847e-08,0.999944508075714,0.0034770932979881,-0.0099466694518923,9.96653625406907e-07,0.9999794960021972,-0.0040251198224723,-0.0049856980331242,7.213249375581654e-08
1900-01-01 11:21:05.844570,-0.02734375,-0.0640869140625,-0.997802734375,0.1524390280246734,0.6554878354072571,0.1981707364320755,-0.0341796875,-0.109619140625,1.002685546875,0.396341472864151,0.2134146392345428,-0.0609756112098693,0.0302734375,-0.0074462890625,1.0267333984375,0.4725609719753265,0.2286585420370102,0.3048780560493469,0.9999990463256836,-0.0007205111323855,0.0012153033167123,-1.5328403435432847e-08,0.999944508075714,0.0034770932979881,-0.0099466694518923,9.96653625406907e-07,0.9999794960021972,-0.0040251198224723,-0.0049856980331242,7.213249375581654e-08
1900-01-01 11:21:05.877114,-0.02734375,-0.0654296875,-0.9957275390625,0.2286585420370102,0.6859756112098694,0.2439024448394775,-0.031494140625,-0.1083984375,1.007080078125,0.3506097495555877,0.4878048896789551,0.0,0.0302734375,-0.0074462890625,1.0267333984375,0.5030487775802612,0.1676829308271408,0.1676829308271408,0.9999990463256836,-0.0007205111323855,0.0012153033167123,-1.5328403435432847e-08,0.999944508075714,0.0034770932979881,-0.0099466694518923,9.96653625406907e-07,0.9999794960021972,-0.0040251198224723,-0.0049856980331242,7.213249375581654e-08
1900-01-01 11:21:05.916445,-0.028076171875,-0.06396484375,-0.993896484375,-0.2743902504444122,0.5945122241973877,-0.0762195140123367,-0.0357666015625,-0.10888671875,1.006591796875,0.4725609719753265,-0.3353658616542816,-0.2134146392345428,0.0313720703125,-0.00732421875,1.0274658203125,0.5945122241973877,0.2591463327407837,0.4420731663703918,0.9999990463256836,-0.0007205111323855,0.0012153033167123,-1.5328403435432847e-08,0.999944508075714,0.0034770932979881,-0.0099466694518923,9.96653625406907e-07,0.9999794960021972,-0.0040251198224723,-0.0049856980331242,7.213249375581654e-08
1900-01-01 11:21:05.918906,-0.0289306640625,-0.0635986328125,-0.9991455078125,0.0,0.5640243887901306,-0.045731708407402,-0.035888671875,-0.1077880859375,1.005615234375,0.4878048896789551,0.4115853607654571,0.0609756112098693,0.0321044921875,-0.0093994140625,1.0252685546875,0.4573170840740204,0.1676829308271408,0.045731708407402,0.9999990463256836,-0.0007205111323855,0.0012153033167123,-1.5328403435432847e-08,0.999944508075714,0.0034770932979881,-0.0099466694518923,9.96653625406907e-07,0.9999794960021972,-0.0040251198224723,-0.0049856980331242,7.213249375581654e-08
1900-01-01 11:21:05.919916,-0.026611328125,-0.067138671875,-0.997314453125,-0.0762195140123367,0.3201219439506531,-0.0609756112098693,-0.0330810546875,-0.1082763671875,1.008056640625,0.1981707364320755,-0.1371951252222061,-0.1219512224197387,0.0291748046875,-0.004638671875,1.025390625,0.6707317233085632,0.3810975551605224,0.0762195140123367,0.9999990463256836,-0.0007205111323855,0.0012153033167123,-1.5328403435432847e-08,0.999944508075714,0.0034770932979881,-0.0099466694518923,9.96653625406907e-07,0.9999794960021972,-0.0040251198224723,-0.0049856980331242,7.213249375581654e-08
1900-01-01 11:21:05.920172,-0.02734375,-0.0660400390625,-0.9964599609375,0.1676829308271408,0.6097561120986938,0.1219512224197387,-0.0330810546875,-0.1082763671875,1.008056640625,0.2896341383457184,0.3506097495555877,-0.0152439028024673,0.0308837890625,-0.005615234375,1.0264892578125,0.7164634466171265,0.0609756112098693,0.2743902504444122,0.9999990463256836,-0.0007205111323855,0.0012153033167123,-1.5328403435432847e-08,0.999944508075714,0.0034770932979881,-0.0099466694518923,9.96653625406907e-07,0.9999794960021972,-0.0040251198224723,-0.0049856980331242,7.213249375581654e-08
1900-01-01 11:21:05.920631,-0.02734375,-0.06689453125,-0.998291015625,0.1067073196172714,0.6554878354072571,-0.1219512224197387,-0.0338134765625,-0.1082763671875,1.0059814453125,0.3201219439506531,-0.3506097495555877,-0.3048780560493469,0.0318603515625,-0.00732421875,1.0247802734375,0.7164634466171265,0.0609756112098693,0.2743902504444122,0.9999990463256836,-0.0007205111323855,0.0012153033167123,-1.5328403435432847e-08,0.999944508075714,0.0034770932979881,-0.0099466694518923,9.96653625406907e-07,0.9999794960021972,-0.0040251198224723,-0.0049856980331242,7.213249375581654e-08
1900-01-01 11:21:05.920862,-0.027099609375,-0.06689453125,-0.9976806640625,-0.0152439028024673,0.4420731663703918,0.0609756112098693,-0.0338134765625,-0.1082763671875,1.0059814453125,0.3201219439506531,-0.3506097495555877,-0.3048780560493469,0.0313720703125,-0.0059814453125,1.025390625,0.5030487775802612,0.3048780560493469,0.1524390280246734,0.9999990463256836,-0.0007205111323855,0.0012153033167123,-1.5328403435432847e-08,0.999944508075714,0.0034770932979881,-0.0099466694518923,9.96653625406907e-07,0.9999794960021972,-0.0040251198224723,-0.0049856980331242,7.213249375581654e-08
1900-01-01 11:21:05.921717,-0.027587890625,-0.063720703125,-0.9969482421875,0.0762195140123367,0.7469512224197388,-0.2286585420370102,-0.0318603515625,-0.10693359375,1.0126953125,0.1676829308271408,0.1676829308271408,0.0,0.03125,-0.007080078125,1.0262451171875,0.5640243887901306,0.2439024448394775,0.1829268336296081,0.9999990463256836,-0.0007205111323855,0.0012153033167123,-1.5328403435432847e-08,0.999944508075714,0.0034770932979881,-0.0099466694518923,9.96653625406907e-07,0.9999794960021972,-0.0040251198224723,-0.0049856980331242,7.213249375581654e-08
1900-01-01 11:21:05.922073,-0.030517578125,-0.0625,-0.9954833984375,-0.1829268336296081,0.8689024448394775,0.091463416814804,-0.035888671875,-0.106201171875,1.00732421875,0.2286585420370102,0.5182926654815674,-0.0762195140123367,0.0308837890625,-0.0064697265625,1.029541015625,0.5487805008888245,0.3048780560493469,0.1524390280246734,0.9999990463256836,-0.0007205111323855,0.0012153033167123,-1.5328403435432847e-08,0.999944508075714,0.0034770932979881,-0.0099466694518923,9.96653625406907e-07,0.9999794960021972,-0.0040251198224723,-0.0049856980331242,7.213249375581654e-08
1900-01-01 11:21:05.922282,-0.0291748046875,-0.061767578125,-0.9921875,-0.0609756112098693,0.3810975551605224,0.1067073196172714,-0.03515625,-0.109619140625,1.011474609375,0.4115853607654571,-0.8079268336296082,-0.2134146392345428,0.0308837890625,-0.0064697265625,1.029541015625,0.5487805008888245,0.3048780560493469,0.1524390280246734,0.9999990463256836,-0.0007205111323855,0.0012153033167123,-1.5328403435432847e-08,0.999944508075714,0.0034770932979881,-0.0099466694518923,9.96653625406907e-07,0.9999794960021972,-0.0040251198224723,-0.0049856980331242,7.213249375581654e-08
1900-01-01 11:21:05.922768,-0.0286865234375,-0.060791015625,-0.995361328125,0.2134146392345428,0.4878048896789551,-0.0304878056049346,-0.0357666015625,-0.1104736328125,1.006103515625,0.2896341383457184,-0.1524390280246734,-0.0152439028024673,0.0313720703125,-0.0084228515625,1.029541015625,0.5792682766914368,0.396341472864151,0.045731708407402,0.9999990463256836,-0.0007205111323855,0.0012153033167123,-1.5328403435432847e-08,0.999944508075714,0.0034770932979881,-0.0099466694518923,9.96653625406907e-07,0.9999794960021972,-0.0040251198224723,-0.0049856980331242,7.213249375581654e-08
1900-01-01 11:21:05.922931,-0.0302734375,-0.0640869140625,-0.99755859375,0.1524390280246734,0.4268292784690857,0.1829268336296081,-0.0380859375,-0.1083984375,1.007568359375,0.2286585420370102,-0.4573170840740204,-0.2439024448394775,0.0313720703125,-0.0084228515625,1.029541015625,0.5792682766914368,0.396341472864151,0.045731708407402,0.9999990463256836,-0.0007205111323855,0.0012153033167123,-1.5328403435432847e-08,0.999944508075714,0.0034770932979881,-0.0099466694518923,9.96653625406907e-07,0.9999794960021972,-0.0040251198224723,-0.0049856980331242,7.213249375581654e-08
1900-01-01 11:21:05.923104,-0.031494140625,-0.0643310546875,-0.995361328125,0.0152439028024673,0.2134146392345428,0.1829268336296081,-0.0380859375,-0.1083984375,1.007568359375,0.2286585420370102,-0.4573170840740204,-0.2439024448394775,0.0322265625,-0.008544921875,1.0303955078125,0.5487805008888245,0.1981707364320755,0.1829268336296081,0.9999990463256836,-0.0007205111323855,0.0012153033167123,-1.5328403435432847e-08,0.999944508075714,0.0034770932979881,-0.0099466694518923,9.96653625406907e-07,0.9999794960021972,-0.0040251198224723,-0.0049856980331242,7.213249375581654e-08
1900-01-01 11:21:05.923248,-0.029541015625,-0.0650634765625,-0.9940185546875,-0.1067073196172714,0.625,-0.1676829308271408,-0.0380859375,-0.1083984375,1.007568359375,0.2286585420370102,-0.4573170840740204,-0.2439024448394775,0.0308837890625,-0.0074462890625,1.0306396484375,0.5945122241973877,0.4268292784690857,0.1676829308271408,0.9999990463256836,-0.0007205111323855,0.0012153033167123,-1.5328403435432847e-08,0.999944508075714,0.0034770932979881,-0.0099466694518923,9.96653625406907e-07,0.9999794960021972,-0.0040251198224723,-0.0049856980331242,7.213249375581654e-08
1900-01-01 11:21:05.923390,-0.0255126953125,-0.0657958984375,-0.99755859375,0.2743902504444122,0.625,0.0152439028024673,-0.0380859375,-0.1083984375,1.007568359375,0.2286585420370102,-0.4573170840740204,-0.2439024448394775,0.0323486328125,-0.007568359375,1.0267333984375,0.5792682766914368,0.2896341383457184,0.1524390280246734,0.9999990463256836,-0.0007205111323855,0.0012153033167123,-1.5328403435432847e-08,0.999944508075714,0.0034770932979881,-0.0099466694518923,9.96653625406907e-07,0.9999794960021972,-0.0040251198224723,-0.0049856980331242,7.213249375581654e-08
1900-01-01 11:21:05.923525,-0.02783203125,-0.06396484375,-0.9974365234375,0.0,0.5030487775802612,0.1829268336296081,-0.0380859375,-0.1083984375,1.007568359375,0.2286585420370102,-0.4573170840740204,-0.2439024448394775,0.0328369140625,-0.006591796875,1.0260009765625,0.396341472864151,0.5945122241973877,0.1371951252222061,0.9999990463256836,-0.0007205111323855,0.0012153033167123,-1.5328403435432847e-08,0.999944508075714,0.0034770932979881,-0.0099466694518923,9.96653625406907e-07,0.9999794960021972,-0.0040251198224723,-0.0049856980331242,7.213249375581654e-08
1900-01-01 11:21:05.923661,-0.02783203125,-0.0643310546875,-0.9957275390625,0.0,0.5640243887901306,0.091463416814804,-0.0380859375,-0.1083984375,1.007568359375,0.2286585420370102,-0.4573170840740204,-0.2439024448394775,0.03271484375,-0.007568359375,1.0284423828125,0.4878048896789551,0.2439024448394775,0.0609756112098693,0.9999990463256836,-0.0007205111323855,0.0012153033167123,-1.5328403435432847e-08,0.999944508075714,0.0034770932979881,-0.0099466694518923,9.96653625406907e-07,0.9999794960021972,-0.0040251198224723,-0.0049856980331242,7.213249375581654e-08
1900-01-01 11:21:05.923823,-0.027587890625,-0.0645751953125,-0.9957275390625,-0.0304878056049346,0.7012194991111755,-0.0762195140123367,-0.0380859375,-0.1083984375,1.007568359375,0.2286585420370102,-0.4573170840740204,-0.2439024448394775,0.0322265625,-0.0069580078125,1.02587890625,0.3506097495555877,0.4420731663703918,-0.1524390280246734,0.9999990463256836,-0.0007205111323855,0.0012153033167123,-1.5328403435432847e-08,0.999944508075714,0.0034770932979881,-0.0099466694518923,9.96653625406907e-07,0.9999794960021972,-0.0040251198224723,-0.0049856980331242,7.213249375581654e-08
1900-01-01 11:21:05.923904,-0.0269775390625,-0.066162109375,-0.9981689453125,0.045731708407402,0.4268292784690857,0.1067073196172714,-0.0380859375,-0.1083984375,1.007568359375,0.2286585420370102,-0.4573170840740204,-0.2439024448394775,0.0322265625,-0.0069580078125,1.02587890625,0.3506097495555877,0.4420731663703918,-0.1524390280246734,0.9999990463256836,-0.0007205111323855,0.0012153033167123,-1.5328403435432847e-08,0.999944508075714,0.0034770932979881,-0.0099466694518923,9.96653625406907e-07,0.9999794960021972,-0.0040251198224723,-0.0049856980331242,7.213249375581654e-08
1900-01-01 11:21:05.923964,-0.0272216796875,-0.0672607421875,-0.997314453125,0.1219512224197387,0.6402438879013062,-0.091463416814804,-0.0380859375,-0.1083984375,1.007568359375,0.2286585420370102,-0.4573170840740204,-0.2439024448394775,0.0322265625,-0.0069580078125,1.02587890625,0.3506097495555877,0.4420731663703918,-0.1524390280246734,0.9999990463256836,-0.0007205111323855,0.0012153033167123,-1.5328403435432847e-08,0.999944508075714,0.0034770932979881,-0.0099466694518923,9.96653625406907e-07,0.9999794960021972,-0.0040251198224723,-0.0049856980331242,7.213249375581654e-08
1900-01-01 11:21:05.924021,-0.026611328125,-0.06689453125,-0.997802734375,-0.1371951252222061,0.2591463327407837,0.0152439028024673,-0.0380859375,-0.1083984375,1.007568359375,0.2286585420370102,-0.4573170840740204,-0.2439024448394775,0.0322265625,-0.0069580078125,1.02587890625,0.3506097495555877,0.4420731663703918,-0.1524390280246734,0.9999990463256836,-0.0007205111323855,0.0012153033167123,-1.5328403435432847e-08,0.999944508075714,0.0034770932979881,-0.0099466694518923,9.96653625406907e-07,0.9999794960021972,-0.0040251198224723,-0.0049856980331242,7.213249375581654e-08
1900-01-01 11:21:05.924077,-0.0281982421875,-0.0650634765625,-0.99951171875,-0.045731708407402,0.4573170840740204,-0.1676829308271408,-0.0380859375,-0.1083984375,1.007568359375,0.2286585420370102,-0.4573170840740204,-0.2439024448394775,0.0322265625,-0.0069580078125,1.02587890625,0.3506097495555877,0.4420731663703918,-0.1524390280246734,0.9999990463256836,-0.0007205111323855,0.0012153033167123,-1.5328403435432847e-08,0.999944508075714,0.0034770932979881,-0.0099466694518923,9.96653625406907e-07,0.9999794960021972,-0.0040251198224723,-0.0049856980331242,7.213249375581654e-08
1900-01-01 11:21:05.924128,-0.0289306640625,-0.0643310546875,-0.9964599609375,0.0609756112098693,0.4268292784690857,0.0304878056049346,-0.0380859375,-0.1083984375,1.007568359375,0.2286585420370102,-0.4573170840740204,-0.2439024448394775,0.0322265625,-0.0069580078125,1.02587890625,0.3506097495555877,0.4420731663703918,-0.1524390280246734,0.9999990463256836,-0.0007205111323855,0.0012153033167123,-1.5328403435432847e-08,0.999944508075714,0.0034770932979881,-0.0099466694518923,9.96653625406907e-07,0.9999794960021972,-0.0040251198224723,-0.0049856980331242,7.213249375581654e-08
1900-01-01 11:21:05.924179,-0.02978515625,-0.0660400390625,-0.9962158203125,0.0304878056049346,0.4573170840740204,0.0,-0.0380859375,-0.1083984375,1.007568359375,0.2286585420370102,-0.4573170840740204,-0.2439024448394775,0.0322265625,-0.0069580078125,1.02587890625,0.3506097495555877,0.4420731663703918,-0.1524390280246734,0.9999990463256836,-0.0007205111323855,0.0012153033167123,-1.5328403435432847e-08,0.999944508075714,0.0034770932979881,-0.0099466694518923,9.96653625406907e-07,0.9999794960021972,-0.0040251198224723,-0.0049856980331242,7.213249375581654e-08
1900-01-01 11:21:05.924248,-0.030517578125,-0.06494140625,-0.9991455078125,0.2439024448394775,0.2591463327407837,0.1067073196172714,-0.0380859375,-0.1083984375,1.007568359375,0.2286585420370102,-0.4573170840740204,-0.2439024448394775,0.0322265625,-0.0069580078125,1.02587890625,0.3506097495555877,0.4420731663703918,-0.1524390280246734,0.9999990463256836,-0.0007205111323855,0.0012153033167123,-1.5328403435432847e-08,0.999944508075714,0.0034770932979881,-0.0099466694518923,9.96653625406907e-07,0.9999794960021972,-0.0040251198224723,-0.0049856980331242,7.213249375581654e-08
1900-01-01 11:21:05.924305,-0.0279541015625,-0.0655517578125,-0.9974365234375,0.0304878056049346,0.5030487775802612,-0.1067073196172714,-0.0380859375,-0.1083984375,1.007568359375,0.2286585420370102,-0.4573170840740204,-0.2439024448394775,0.0322265625,-0.0069580078125,1.02587890625,0.3506097495555877,0.4420731663703918,-0.1524390280246734,0.9999990463256836,-0.0007205111323855,0.0012153033167123,-1.5328403435432847e-08,0.999944508075714,0.0034770932979881,-0.0099466694518923,9.96653625406907e-07,0.9999794960021972,-0.0040251198224723,-0.0049856980331242,7.213249375581654e-08
1900-01-01 11:21:05.931328,-0.02685546875,-0.0633544921875,-0.9947509765625,0.1829268336296081,0.7317073345184326,0.2286585420370102,-0.0335693359375,-0.109130859375,1.0081787109375,0.2134146392345428,0.2439024448394775,-0.1524390280246734,0.0322265625,-0.0069580078125,1.02587890625,0.3506097495555877,0.4420731663703918,-0.1524390280246734,0.9999990463256836,-0.0007205111323855,0.0012153033167123,-1.5328403435432847e-08,0.999944508075714,0.0034770932979881,-0.0099466694518923,9.96653625406907e-07,0.9999794960021972,-0.0040251198224723,-0.0049856980331242,7.213249375581654e-08
1900-01-01 11:21:05.938352,-0.0283203125,-0.064453125,-0.9952392578125,0.091463416814804,0.4115853607654571,0.2134146392345428,-0.031982421875,-0.1083984375,1.0067138671875,0.3658536672592163,0.3201219439506531,0.045731708407402,0.0306396484375,-0.0079345703125,1.0260009765625,0.4573170840740204,0.2439024448394775,-0.1219512224197387,0.9999990463256836,-0.0007205111323855,0.0012153033167123,-1.5328403435432847e-08,0.999944508075714,0.0034770932979881,-0.0099466694518923,9.96653625406907e-07,0.9999794960021972,-0.0040251198224723,-0.0049856980331242,7.213249375581654e-08
1900-01-01 11:21:05.946517,-0.028564453125,-0.0655517578125,-0.9947509765625,0.1676829308271408,0.5945122241973877,-0.1371951252222061,-0.03369140625,-0.1085205078125,1.0045166015625,0.1829268336296081,-0.2591463327407837,-0.2286585420370102,0.030517578125,-0.007080078125,1.0274658203125,0.4573170840740204,0.2439024448394775,-0.1219512224197387,0.9999990463256836,-0.0007205111323855,0.0012153033167123,-1.5328403435432847e-08,0.999944508075714,0.0034770932979881,-0.0099466694518923,9.96653625406907e-07,0.9999794960021972,-0.0040251198224723,-0.0049856980331242,7.213249375581654e-08
1900-01-01 11:21:05.965403,-0.02978515625,-0.0628662109375,-0.9930419921875,-0.0152439028024673,0.4115853607654571,0.0,-0.03369140625,-0.1099853515625,1.0064697265625,0.3353658616542816,-0.2134146392345428,-0.0609756112098693,0.030517578125,-0.007080078125,1.0274658203125,0.5792682766914368,0.3048780560493469,0.3048780560493469,0.9999990463256836,-0.0007205111323855,0.0012153033167123,-1.5328403435432847e-08,0.999944508075714,0.0034770932979881,-0.0099466694518923,9.96653625406907e-07,0.9999794960021972,-0.0040251198224723,-0.0049856980331242,7.213249375581654e-08
1900-01-01 11:21:05.974285,-0.02978515625,-0.0643310546875,-0.99462890625,0.0304878056049346,0.5945122241973877,0.091463416814804,-0.03369140625,-0.1099853515625,1.0064697265625,0.3353658616542816,-0.2134146392345428,-0.0609756112098693,0.0301513671875,-0.0067138671875,1.02587890625,0.7164634466171265,0.2439024448394775,0.2439024448394775,0.9999990463256836,-0.0007205111323855,0.0012153033167123,-1.5328403435432847e-08,0.999944508075714,0.0034770932979881,-0.0099466694518923,9.96653625406907e-07,0.9999794960021972,-0.0040251198224723,-0.0049856980331242,7.213249375581654e-08
1900-01-01 11:21:05.982671,-0.0286865234375,-0.0634765625,-0.998046875,0.1067073196172714,0.2591463327407837,-0.1371951252222061,-0.032958984375,-0.109619140625,1.0069580078125,-0.0152439028024673,-0.1219512224197387,-0.1067073196172714,0.0294189453125,-0.0078125,1.026123046875,0.3810975551605224,0.3201219439506531,0.0762195140123367,0.9999990463256836,-0.0007205111323855,0.0012153033167123,-1.5328403435432847e-08,0.999944508075714,0.0034770932979881,-0.0099466694518923,9.96653625406907e-07,0.9999794960021972,-0.0040251198224723,-0.0049856980331242,7.213249375581654e-08
1900-01-01 11:21:05.991301,-0.0277099609375,-0.0638427734375,-0.9964599609375,0.0609756112098693,0.4268292784690857,-0.045731708407402,-0.0343017578125,-0.109619140625,1.007080078125,0.3353658616542816,-0.3201219439506531,-0.2286585420370102,0.0294189453125,-0.0078125,1.026123046875,0.3810975551605224,0.3201219439506531,0.0762195140123367,0.9999990463256836,-0.0007205111323855,0.0012153033167123,-1.5328403435432847e-08,0.999944508075714,0.0034770932979881,-0.0099466694518923,9.96653625406907e-07,0.9999794960021972,-0.0040251198224723,-0.0049856980331242,7.213249375581654e-08
1900-01-01 11:21:06.000509,-0.0272216796875,-0.06494140625,-0.9967041015625,-0.0152439028024673,0.4420731663703918,-0.1219512224197387,-0.0341796875,-0.1082763671875,1.0074462890625,0.1676829308271408,0.1371951252222061,-0.0609756112098693,0.0316162109375,-0.0079345703125,1.0263671875,0.5030487775802612,0.3201219439506531,0.4115853607654571,0.9999990463256836,-0.0007205111323855,0.0012153033167123,-1.5328403435432847e-08,0.999944508075714,0.0034770932979881,-0.0099466694518923,9.96653625406907e-07,0.9999794960021972,-0.0040251198224723,-0.0049856980331242,7.213249375581654e-08
1900-01-01 11:21:06.017288,-0.0294189453125,-0.0643310546875,-0.9976806640625,0.0609756112098693,0.6097561120986938,-0.1067073196172714,-0.0328369140625,-0.107177734375,1.0084228515625,0.2896341383457184,-0.0609756112098693,-0.2439024448394775,0.0313720703125,-0.008056640625,1.0274658203125,0.6097561120986938,0.3810975551605224,0.3201219439506531,0.9999990463256836,-0.0007205111323855,0.0012153033167123,-1.5328403435432847e-08,0.999944508075714,0.0034770932979881,-0.0099466694518923,9.96653625406907e-07,0.9999794960021972,-0.0040251198224723,-0.0049856980331242,7.213249375581654e-08
1900-01-01 11:21:06.017410,-0.0269775390625,-0.065185546875,-0.995361328125,-0.0152439028024673,0.5030487775802612,0.0762195140123367,-0.0328369140625,-0.107177734375,1.0084228515625,0.2896341383457184,-0.0609756112098693,-0.2439024448394775,0.0313720703125,-0.008056640625,1.0274658203125,0.6097561120986938,0.3810975551605224,0.3201219439506531,0.9999990463256836,-0.0007205111323855,0.0012153033167123,-1.5328403435432847e-08,0.999944508075714,0.0034770932979881,-0.0099466694518923,9.96653625406907e-07,0.9999794960021972,-0.0040251198224723,-0.0049856980331242,7.213249375581654e-08
1900-01-01 11:21:06.037898,-0.026123046875,-0.06591796875,-0.9959716796875,0.3353658616542816,0.5487805008888245,0.1067073196172714,-0.03271484375,-0.10791015625,1.0067138671875,0.2896341383457184,-0.0609756112098693,-0.2439024448394775,0.030517578125,-0.0091552734375,1.0245361328125,0.4115853607654571,0.2286585420370102,-0.1371951252222061,0.9999990463256836,-0.0007205111323855,0.0012153033167123,-1.5328403435432847e-08,0.999944508075714,0.0034770932979881,-0.0099466694518923,9.96653625406907e-07,0.9999794960021972,-0.0040251198224723,-0.0049856980331242,7.213249375581654e-08
1900-01-01 11:21:06.054399,-0.0281982421875,-0.0657958984375,-0.997802734375,-0.0304878056049346,0.5945122241973877,-0.2439024448394775,-0.0318603515625,-0.1065673828125,1.0078125,0.2134146392345428,-0.0609756112098693,0.0152439028024673,0.0313720703125,-0.0089111328125,1.0263671875,0.4878048896789551,0.4115853607654571,0.1067073196172714,0.9999990463256836,-0.0007205111323855,0.0012153033167123,-1.5328403435432847e-08,0.999944508075714,0.0034770932979881,-0.0099466694518923,9.96653625406907e-07,0.9999794960021972,-0.0040251198224723,-0.0049856980331242,7.213249375581654e-08
1900-01-01 11:21:06.070274,-0.0294189453125,-0.0638427734375,-0.9954833984375,-0.1067073196172714,0.5640243887901306,-0.0304878056049346,-0.0318603515625,-0.1065673828125,1.0078125,0.1981707364320755,-0.0304878056049346,0.091463416814804,0.03173828125,-0.0064697265625,1.028564453125,0.4878048896789551,0.4115853607654571,0.1067073196172714,0.9999990463256836,-0.0007205111323855,0.0012153033167123,-1.5328403435432847e-08,0.999944508075714,0.0034770932979881,-0.0099466694518923,9.96653625406907e-07,0.9999794960021972,-0.0040251198224723,-0.0049856980331242,7.213249375581654e-08
1900-01-01 11:21:06.071197,-0.0283203125,-0.064208984375,-0.9930419921875,0.1676829308271408,0.7317073345184326,-0.0762195140123367,-0.0343017578125,-0.1082763671875,1.005615234375,0.2286585420370102,0.0304878056049346,-0.2439024448394775,0.03173828125,-0.0064697265625,1.028564453125,0.7774390578269958,0.2743902504444122,0.2591463327407837,0.9999990463256836,-0.0007205111323855,0.0012153033167123,-1.5328403435432847e-08,0.999944508075714,0.0034770932979881,-0.0099466694518923,9.96653625406907e-07,0.9999794960021972,-0.0040251198224723,-0.0049856980331242,7.213249375581654e-08
1900-01-01 11:21:06.076587,-0.02880859375,-0.0643310546875,-0.9974365234375,0.0304878056049346,0.4115853607654571,0.1524390280246734,-0.0343017578125,-0.1082763671875,1.005615234375,0.2286585420370102,0.0304878056049346,-0.2439024448394775,0.03173828125,-0.0064697265625,1.028564453125,0.7774390578269958,0.2743902504444122,0.2591463327407837,0.9999990463256836,-0.0007205111323855,0.0012153033167123,-1.5328403435432847e-08,0.999944508075714,0.0034770932979881,-0.0099466694518923,9.96653625406907e-07,0.9999794960021972,-0.0040251198224723,-0.0049856980331242,7.213249375581654e-08
1900-01-01 11:21:06.094135,-0.02978515625,-0.064697265625,-0.99560546875,-0.0304878056049346,0.6859756112098694,-0.0609756112098693,-0.0343017578125,-0.1082763671875,1.005615234375,0.3810975551605224,0.1371951252222061,-0.091463416814804,0.031982421875,-0.00634765625,1.02783203125,0.7469512224197388,0.2743902504444122,0.2134146392345428,0.9999990463256836,-0.0007205111323855,0.0012153033167123,-1.5328403435432847e-08,0.999944508075714,0.0034770932979881,-0.0099466694518923,9.96653625406907e-07,0.9999794960021972,-0.0040251198224723,-0.0049856980331242,7.213249375581654e-08
1900-01-01 11:21:06.114669,-0.028076171875,-0.063720703125,-0.9931640625,0.1829268336296081,0.5030487775802612,0.0,-0.0343017578125,-0.1082763671875,1.005615234375,0.3810975551605224,0.1371951252222061,-0.091463416814804,0.0306396484375,-0.00537109375,1.02880859375,0.625,0.2896341383457184,0.1829268336296081,0.9999990463256836,-0.0007205111323855,0.0012153033167123,-1.5328403435432847e-08,0.999944508075714,0.0034770932979881,-0.0099466694518923,9.96653625406907e-07,0.9999794960021972,-0.0040251198224723,-0.0049856980331242,7.213249375581654e-08
1900-01-01 11:21:06.120331,-0.0279541015625,-0.06298828125,-0.99609375,0.1829268336296081,0.5792682766914368,0.2286585420370102,-0.032958984375,-0.1097412109375,1.0072021484375,0.3810975551605224,0.1371951252222061,-0.091463416814804,0.0306396484375,-0.00537109375,1.02880859375,0.625,0.2896341383457184,0.1829268336296081,0.9999990463256836,-0.0007205111323855,0.0012153033167123,-1.5328403435432847e-08,0.999944508075714,0.0034770932979881,-0.0099466694518923,9.96653625406907e-07,0.9999794960021972,-0.0040251198224723,-0.0049856980331242,7.213249375581654e-08
1900-01-01 11:21:06.136429,-0.029541015625,-0.0623779296875,-0.99658203125,0.2134146392345428,0.3201219439506531,0.0304878056049346,-0.032958984375,-0.1097412109375,1.0072021484375,0.3810975551605224,0.1371951252222061,-0.091463416814804,0.0299072265625,-0.0064697265625,1.024658203125,0.4725609719753265,0.2896341383457184,0.0609756112098693,0.9999990463256836,-0.0007205111323855,0.0012153033167123,-1.5328403435432847e-08,0.999944508075714,0.0034770932979881,-0.0099466694518923,9.96653625406907e-07,0.9999794960021972,-0.0040251198224723,-0.0049856980331242,7.213249375581654e-08
1900-01-01 11:21:06.173280,-0.0302734375,-0.065185546875,-0.9952392578125,-0.1524390280246734,0.4420731663703918,0.0762195140123367,-0.0343017578125,-0.109619140625,1.0076904296875,0.3506097495555877,0.0152439028024673,0.0609756112098693,0.029541015625,-0.0062255859375,1.0267333984375,0.4878048896789551,0.1676829308271408,0.3048780560493469,0.9999990463256836,-0.0007205111323855,0.0012153033167123,-1.5328403435432847e-08,0.999944508075714,0.0034770932979881,-0.0099466694518923,9.96653625406907e-07,0.9999794960021972,-0.0040251198224723,-0.0049856980331242,7.213249375581654e-08
1900-01-01 11:21:06.190114,-0.02978515625,-0.0665283203125,-0.995849609375,0.0152439028024673,0.4878048896789551,0.1067073196172714,-0.0325927734375,-0.1087646484375,1.0047607421875,0.2439024448394775,0.1829268336296081,0.0762195140123367,0.0316162109375,-0.00537109375,1.0274658203125,0.5792682766914368,0.2134146392345428,0.1981707364320755,0.9999990463256836,-0.0007205111323855,0.0012153033167123,-1.5328403435432847e-08,0.999944508075714,0.0034770932979881,-0.0099466694518923,9.96653625406907e-07,0.9999794960021972,-0.0040251198224723,-0.0049856980331242,7.213249375581654e-08
1900-01-01 11:21:06.208482,-0.0269775390625,-0.067138671875,-1.0,0.1676829308271408,0.792682945728302,0.0762195140123367,-0.0325927734375,-0.1087646484375,1.0047607421875,0.2439024448394775,0.1829268336296081,0.0762195140123367,0.0322265625,-0.00634765625,1.0250244140625,0.5792682766914368,0.2134146392345428,0.1981707364320755,0.9999990463256836,-0.0007205111323855,0.0012153033167123,-1.5328403435432847e-08,0.999944508075714,0.0034770932979881,-0.0099466694518923,9.96653625406907e-07,0.9999794960021972,-0.0040251198224723,-0.0049856980331242,7.213249375581654e-08
1900-01-01 11:21:06.234910,-0.026611328125,-0.065185546875,-0.9969482421875,0.045731708407402,0.5792682766914368,0.045731708407402,-0.0325927734375,-0.1087646484375,1.0047607421875,0.3048780560493469,-0.0152439028024673,-0.0762195140123367,0.033203125,-0.0089111328125,1.028564453125,0.3506097495555877,0.4420731663703918,0.1524390280246734,0.9999990463256836,-0.0007205111323855,0.0012153033167123,-1.5328403435432847e-08,0.999944508075714,0.0034770932979881,-0.0099466694518923,9.96653625406907e-07,0.9999794960021972,-0.0040251198224723,-0.0049856980331242,7.213249375581654e-08
1900-01-01 11:21:06.272576,-0.0262451171875,-0.06396484375,-0.99560546875,-0.045731708407402,0.8231707215309143,0.0609756112098693,-0.0335693359375,-0.1092529296875,1.008544921875,0.3658536672592163,-0.0609756112098693,0.1219512224197387,0.0302734375,-0.0078125,1.0279541015625,0.4115853607654571,0.2439024448394775,0.0762195140123367,0.9999990463256836,-0.0007205111323855,0.0012153033167123,-1.5328403435432847e-08,0.999944508075714,0.0034770932979881,-0.0099466694518923,9.96653625406907e-07,0.9999794960021972,-0.0040251198224723,-0.0049856980331242,7.213249375581654e-08
1900-01-01 11:21:06.310467,-0.028564453125,-0.06591796875,-0.9990234375,0.1524390280246734,0.6707317233085632,-0.1524390280246734,-0.033203125,-0.1075439453125,1.006103515625,0.1524390280246734,0.4268292784690857,0.0152439028024673,0.0318603515625,-0.0079345703125,1.0274658203125,0.4420731663703918,0.2743902504444122,-0.1829268336296081,0.9999990463256836,-0.0007205111323855,0.0012153033167123,-1.5328403435432847e-08,0.999944508075714,0.0034770932979881,-0.0099466694518923,9.96653625406907e-07,0.9999794960021972,-0.0040251198224723,-0.0049856980331242,7.213249375581654e-08
1900-01-01 11:21:06.332033,-0.029296875,-0.066162109375,-0.9962158203125,0.2286585420370102,0.5640243887901306,0.0,-0.03662109375,-0.1065673828125,1.0069580078125,0.1524390280246734,0.4268292784690857,0.0152439028024673,0.033203125,-0.009033203125,1.0289306640625,0.4420731663703918,0.2743902504444122,-0.1829268336296081,0.9999990463256836,-0.0007205111323855,0.0012153033167123,-1.5328403435432847e-08,0.999944508075714,0.0034770932979881,-0.0099466694518923,9.96653625406907e-07,0.9999794960021972,-0.0040251198224723,-0.0049856980331242,7.213249375581654e-08
1900-01-01 11:21:06.354199,-0.0260009765625,-0.0670166015625,-0.995361328125,0.091463416814804,0.6859756112098694,0.0609756112098693,-0.0341796875,-0.106201171875,1.010009765625,0.4573170840740204,-0.5792682766914368,-0.1067073196172714,0.033203125,-0.009033203125,1.0289306640625,0.4115853607654571,0.4268292784690857,0.2896341383457184,0.9999990463256836,-0.0007205111323855,0.0012153033167123,-1.5328403435432847e-08,0.999944508075714,0.0034770932979881,-0.0099466694518923,9.96653625406907e-07,0.9999794960021972,-0.0040251198224723,-0.0049856980331242,7.213249375581654e-08
1900-01-01 11:21:06.396413,-0.02783203125,-0.0654296875,-0.9996337890625,0.1981707364320755,0.7774390578269958,0.0,-0.0303955078125,-0.106689453125,1.01123046875,0.1829268336296081,0.3353658616542816,-0.1981707364320755,0.03271484375,-0.0069580078125,1.0289306640625,0.7317073345184326,0.4268292784690857,0.1524390280246734,0.9999990463256836,-0.0007205111323855,0.0012153033167123,-1.5328403435432847e-08,0.999944508075714,0.0034770932979881,-0.0099466694518923,9.96653625406907e-07,0.9999794960021972,-0.0040251198224723,-0.0049856980331242,7.213249375581654e-08
1900-01-01 11:21:06.413957,-0.028564453125,-0.0635986328125,-0.9979248046875,0.045731708407402,0.5335366129875183,-0.1371951252222061,-0.0362548828125,-0.1082763671875,1.0087890625,0.396341472864151,0.5792682766914368,0.0152439028024673,0.03076171875,-0.005859375,1.0267333984375,0.7317073345184326,0.4268292784690857,0.1524390280246734,0.9999990463256836,-0.0007205111323855,0.0012153033167123,-1.5328403435432847e-08,0.999944508075714,0.0034770932979881,-0.0099466694518923,9.96653625406907e-07,0.9999794960021972,-0.0040251198224723,-0.0049856980331242,7.213249375581654e-08
1900-01-01 11:21:06.414323,-0.02880859375,-0.0635986328125,-0.9937744140625,0.1676829308271408,0.5487805008888245,-0.0762195140123367,-0.0362548828125,-0.1082763671875,1.0087890625,0.396341472864151,-0.8841463327407837,-0.1981707364320755,0.03076171875,-0.005859375,1.0267333984375,0.7317073345184326,0.4268292784690857,0.1524390280246734,0.9999990463256836,-0.0007205111323855,0.0012153033167123,-1.5328403435432847e-08,0.999944508075714,0.0034770932979881,-0.0099466694518923,9.96653625406907e-07,0.9999794960021972,-0.0040251198224723,-0.0049856980331242,7.213249375581654e-08
1900-01-01 11:21:06.414788,-0.029541015625,-0.064453125,-0.99560546875,0.2134146392345428,0.3810975551605224,0.1524390280246734,-0.0360107421875,-0.107177734375,1.0106201171875,0.396341472864151,-0.8841463327407837,-0.1981707364320755,0.03076171875,-0.005859375,1.0267333984375,0.3810975551605224,0.5335366129875183,0.3506097495555877,0.9999990463256836,-0.0007205111323855,0.0012153033167123,-1.5328403435432847e-08,0.999944508075714,0.0034770932979881,-0.0099466694518923,9.96653625406907e-07,0.9999794960021972,-0.0040251198224723,-0.0049856980331242,7.213249375581654e-08
1900-01-01 11:21:06.415573,-0.029296875,-0.0643310546875,-0.9959716796875,0.1371951252222061,0.5640243887901306,-0.0762195140123367,-0.0323486328125,-0.10595703125,1.0108642578125,-0.0762195140123367,0.2286585420370102,-0.2286585420370102,0.0322265625,-0.0064697265625,1.0274658203125,0.4878048896789551,0.3506097495555877,0.2743902504444122,0.9999990463256836,-0.0007205111323855,0.0012153033167123,-1.5328403435432847e-08,0.999944508075714,0.0034770932979881,-0.0099466694518923,9.96653625406907e-07,0.9999794960021972,-0.0040251198224723,-0.0049856980331242,7.213249375581654e-08
1900-01-01 11:21:06.416083,-0.02783203125,-0.0648193359375,-0.99609375,0.045731708407402,0.3506097495555877,0.1676829308271408,-0.032958984375,-0.107666015625,1.00830078125,0.3810975551605224,-0.2743902504444122,-0.0762195140123367,0.031494140625,-0.0069580078125,1.0272216796875,0.6859756112098694,0.3506097495555877,0.091463416814804,0.9999990463256836,-0.0007205111323855,0.0012153033167123,-1.5328403435432847e-08,0.999944508075714,0.0034770932979881,-0.0099466694518923,9.96653625406907e-07,0.9999794960021972,-0.0040251198224723,-0.0049856980331242,7.213249375581654e-08
1900-01-01 11:21:06.416729,-0.02734375,-0.0643310546875,-0.9940185546875,0.1676829308271408,0.6859756112098694,0.0,-0.033203125,-0.1085205078125,1.0091552734375,0.3810975551605224,-0.2743902504444122,-0.0762195140123367,0.030029296875,-0.005859375,1.02685546875,0.5030487775802612,0.2896341383457184,0.1524390280246734,0.9999990463256836,-0.0007205111323855,0.0012153033167123,-1.5328403435432847e-08,0.999944508075714,0.0034770932979881,-0.0099466694518923,9.96653625406907e-07,0.9999794960021972,-0.0040251198224723,-0.0049856980331242,7.213249375581654e-08
1900-01-01 11:21:06.417388,-0.0284423828125,-0.0657958984375,-0.9949951171875,0.2743902504444122,0.4878048896789551,-0.045731708407402,-0.033203125,-0.1083984375,1.007568359375,0.1524390280246734,0.1219512224197387,-0.1371951252222061,0.031494140625,-0.0072021484375,1.025146484375,0.4268292784690857,0.1067073196172714,0.3658536672592163,0.9999990463256836,-0.0007205111323855,0.0012153033167123,-1.5328403435432847e-08,0.999944508075714,0.0034770932979881,-0.0099466694518923,9.96653625406907e-07,0.9999794960021972,-0.0040251198224723,-0.0049856980331242,7.213249375581654e-08
1900-01-01 11:21:06.417701,-0.02880859375,-0.0645751953125,-0.99267578125,-0.045731708407402,0.4725609719753265,-0.1524390280246734,-0.033203125,-0.1083984375,1.007568359375,-0.045731708407402,0.5487805008888245,-0.0609756112098693,0.031005859375,-0.0059814453125,1.02880859375,0.5335366129875183,0.2591463327407837,0.2286585420370102,0.9999990463256836,-0.0007205111323855,0.0012153033167123,-1.5328403435432847e-08,0.999944508075714,0.0034770932979881,-0.0099466694518923,9.96653625406907e-07,0.9999794960021972,-0.0040251198224723,-0.0049856980331242,7.213249375581654e-08
1900-01-01 11:21:06.418187,-0.0279541015625,-0.0621337890625,-0.9951171875,0.2896341383457184,0.7774390578269958,-0.0762195140123367,-0.0362548828125,-0.108642578125,1.005126953125,0.2286585420370102,-0.4420731663703918,-0.091463416814804,0.030029296875,-0.00634765625,1.0279541015625,0.3810975551605224,0.0152439028024673,0.1676829308271408,0.9999990463256836,-0.0007205111323855,0.0012153033167123,-1.5328403435432847e-08,0.999944508075714,0.0034770932979881,-0.0099466694518923,9.96653625406907e-07,0.9999794960021972,-0.0040251198224723,-0.0049856980331242,7.213249375581654e-08
1900-01-01 11:21:06.418667,-0.02685546875,-0.0623779296875,-0.995361328125,0.3506097495555877,0.7012194991111755,0.1371951252222061,-0.0306396484375,-0.1083984375,1.0096435546875,0.1676829308271408,-0.2591463327407837,-0.3048780560493469,0.033203125,-0.00830078125,1.0277099609375,0.5335366129875183,0.2896341383457184,0.091463416814804,0.9999990463256836,-0.0007205111323855,0.0012153033167123,-1.5328403435432847e-08,0.999944508075714,0.0034770932979881,-0.0099466694518923,9.96653625406907e-07,0.9999794960021972,-0.0040251198224723,-0.0049856980331242,7.213249375581654e-08
1900-01-01 11:21:06.419038,-0.0281982421875,-0.0633544921875,-0.9940185546875,0.2439024448394775,0.4573170840740204,0.0,-0.0345458984375,-0.1085205078125,1.0072021484375,0.1829268336296081,-0.2591463327407837,-0.1067073196172714,0.0333251953125,-0.0081787109375,1.0301513671875,0.5335366129875183,0.2896341383457184,0.091463416814804,0.9999990463256836,-0.0007205111323855,0.0012153033167123,-1.5328403435432847e-08,0.999944508075714,0.0034770932979881,-0.0099466694518923,9.96653625406907e-07,0.9999794960021972,-0.0040251198224723,-0.0049856980331242,7.213249375581654e-08
1900-01-01 11:21:06.419254,-0.0299072265625,-0.064453125,-0.9970703125,-0.045731708407402,0.5335366129875183,-0.1219512224197387,-0.03271484375,-0.1077880859375,1.0078125,0.2134146392345428,0.0609756112098693,-0.045731708407402,0.0333251953125,-0.0081787109375,1.0301513671875,0.5335366129875183,0.2896341383457184,0.091463416814804,0.9999990463256836,-0.0007205111323855,0.0012153033167123,-1.5328403435432847e-08,0.999944508075714,0.0034770932979881,-0.0099466694518923,9.96653625406907e-07,0.9999794960021972,-0.0040251198224723,-0.0049856980331242,7.213249375581654e-08
1900-01-01 11:21:06.419414,-0.029296875,-0.0672607421875,-0.999267578125,-0.1219512224197387,0.6707317233085632,-0.0609756112098693,-0.03271484375,-0.108642578125,1.007080078125,-0.1524390280246734,0.1676829308271408,-0.3048780560493469,0.0333251953125,-0.0081787109375,1.0301513671875,0.5335366129875183,0.2896341383457184,0.091463416814804,0.9999990463256836,-0.0007205111323855,0.0012153033167123,-1.5328403435432847e-08,0.999944508075714,0.0034770932979881,-0.0099466694518923,9.96653625406907e-07,0.9999794960021972,-0.0040251198224723,-0.0049856980331242,7.213249375581654e-08
1900-01-01 11:21:06.419602,-0.0281982421875,-0.0667724609375,-0.998291015625,0.2743902504444122,0.6859756112098694,0.045731708407402,-0.03271484375,-0.108642578125,1.007080078125,0.2286585420370102,-0.0609756112098693,-0.3506097495555877,0.0330810546875,-0.0072021484375,1.0264892578125,0.7317073345184326,0.396341472864151,0.1524390280246734,0.9999990463256836,-0.0007205111323855,0.0012153033167123,-1.5328403435432847e-08,0.999944508075714,0.0034770932979881,-0.0099466694518923,9.96653625406907e-07,0.9999794960021972,-0.0040251198224723,-0.0049856980331242,7.213249375581654e-08
1900-01-01 11:21:06.419760,-0.0294189453125,-0.0650634765625,-0.993896484375,-0.1829268336296081,0.5640243887901306,-0.1067073196172714,-0.03271484375,-0.108642578125,1.007080078125,0.2286585420370102,-0.0609756112098693,-0.3506097495555877,0.0308837890625,-0.0072021484375,1.02587890625,0.5945122241973877,0.3201219439506531,0.3658536672592163,0.9999990463256836,-0.0007205111323855,0.0012153033167123,-1.5328403435432847e-08,0.999944508075714,0.0034770932979881,-0.0099466694518923,9.96653625406907e-07,0.9999794960021972,-0.0040251198224723,-0.0049856980331242,7.213249375581654e-08
1900-01-01 11:21:06.419912,-0.0286865234375,-0.0635986328125,-0.995361328125,0.0,0.4268292784690857,0.0,-0.03271484375,-0.108642578125,1.007080078125,0.2286585420370102,-0.0609756112098693,-0.3506097495555877,0.0286865234375,-0.00634765625,1.025146484375,0.5030487775802612,0.1067073196172714,0.1676829308271408,0.9999990463256836,-0.0007205111323855,0.0012153033167123,-1.5328403435432847e-08,0.999944508075714,0.0034770932979881,-0.0099466694518923,9.96653625406907e-07,0.9999794960021972,-0.0040251198224723,-0.0049856980331242,7.213249375581654e-08
1900-01-01 11:21:06.420144,-0.02880859375,-0.062255859375,-0.994873046875,0.5640243887901306,0.7012194991111755,-0.0762195140123367,-0.034912109375,-0.1090087890625,1.00830078125,0.2286585420370102,-0.0609756112098693,-0.3506097495555877,0.029541015625,-0.00537109375,1.026123046875,0.3658536672592163,0.1524390280246734,0.1219512224197387,0.9999990463256836,-0.0007205111323855,0.0012153033167123,-1.5328403435432847e-08,0.999944508075714,0.0034770932979881,-0.0099466694518923,9.96653625406907e-07,0.9999794960021972,-0.0040251198224723,-0.0049856980331242,7.213249375581654e-08
1900-01-01 11:21:06.420461,-0.0277099609375,-0.0633544921875,-0.9923095703125,0.2743902504444122,0.7774390578269958,-0.1371951252222061,-0.03564453125,-0.1090087890625,1.009521484375,0.1981707364320755,0.0152439028024673,-0.2439024448394775,0.029541015625,-0.00537109375,1.026123046875,0.3658536672592163,0.1524390280246734,0.1219512224197387,0.9999990463256836,-0.0007205111323855,0.0012153033167123,-1.5328403435432847e-08,0.999944508075714,0.0034770932979881,-0.0099466694518923,9.96653625406907e-07,0.9999794960021972,-0.0040251198224723,-0.0049856980331242,7.213249375581654e-08
1900-01-01 11:21:06.420978,-0.0277099609375,-0.0640869140625,-0.9945068359375,0.1829268336296081,0.6097561120986938,0.1981707364320755,-0.032958984375,-0.108154296875,1.00634765625,0.1981707364320755,0.3353658616542816,-0.0762195140123367,0.0313720703125,-0.007080078125,1.0289306640625,0.4420731663703918,0.2896341383457184,0.0152439028024673,0.9999990463256836,-0.0007205111323855,0.0012153033167123,-1.5328403435432847e-08,0.999944508075714,0.0034770932979881,-0.0099466694518923,9.96653625406907e-07,0.9999794960021972,-0.0040251198224723,-0.0049856980331242,7.213249375581654e-08
1900-01-01 11:21:06.421128,-0.029541015625,-0.0660400390625,-0.998046875,0.3658536672592163,0.5640243887901306,0.1524390280246734,-0.032958984375,-0.108154296875,1.00634765625,0.1981707364320755,0.3353658616542816,-0.0762195140123367,0.0316162109375,-0.0064697265625,1.0245361328125,0.5335366129875183,0.3201219439506531,0.1829268336296081,0.9999990463256836,-0.0007205111323855,0.0012153033167123,-1.5328403435432847e-08,0.999944508075714,0.0034770932979881,-0.0099466694518923,9.96653625406907e-07,0.9999794960021972,-0.0040251198224723,-0.0049856980331242,7.213249375581654e-08
1900-01-01 11:21:06.421269,-0.029541015625,-0.0665283203125,-0.9959716796875,0.0609756112098693,0.4878048896789551,-0.1067073196172714,-0.0325927734375,-0.10888671875,1.0045166015625,0.1981707364320755,0.3353658616542816,-0.0762195140123367,0.0316162109375,-0.0064697265625,1.0245361328125,0.5335366129875183,0.3201219439506531,0.1829268336296081,0.9999990463256836,-0.0007205111323855,0.0012153033167123,-1.5328403435432847e-08,0.999944508075714,0.0034770932979881,-0.0099466694518923,9.96653625406907e-07,0.9999794960021972,-0.0040251198224723,-0.0049856980331242,7.213249375581654e-08
1900-01-01 11:21:06.421364,-0.0296630859375,-0.0650634765625,-0.9954833984375,0.3201219439506531,0.396341472864151,-0.1676829308271408,-0.0325927734375,-0.10888671875,1.0045166015625,0.1829268336296081,-0.1676829308271408,-0.0152439028024673,0.0316162109375,-0.0064697265625,1.0245361328125,0.5335366129875183,0.3201219439506531,0.1829268336296081,0.9999990463256836,-0.0007205111323855,0.0012153033167123,-1.5328403435432847e-08,0.999944508075714,0.0034770932979881,-0.0099466694518923,9.96653625406907e-07,0.9999794960021972,-0.0040251198224723,-0.0049856980331242,7.213249375581654e-08
1900-01-01 11:21:06.438313,-0.02783203125,-0.0660400390625,-0.9959716796875,0.2591463327407837,0.6402438879013062,-0.0609756112098693,-0.035400390625,-0.1087646484375,1.007080078125,0.1676829308271408,-0.2896341383457184,-0.0152439028024673,0.0303955078125,-0.006591796875,1.0250244140625,0.5640243887901306,0.4420731663703918,-0.091463416814804,0.9999990463256836,-0.0007205111323855,0.0012153033167123,-1.5328403435432847e-08,0.999944508075714,0.0034770932979881,-0.0099466694518923,9.96653625406907e-07,0.9999794960021972,-0.0040251198224723,-0.0049856980331242,7.213249375581654e-08
1900-01-01 11:21:06.438475,-0.0264892578125,-0.06591796875,-0.99755859375,0.2439024448394775,0.5030487775802612,-0.0152439028024673,-0.035400390625,-0.1087646484375,1.007080078125,0.1676829308271408,-0.2896341383457184,-0.0152439028024673,0.0303955078125,-0.006591796875,1.0250244140625,0.5640243887901306,0.4420731663703918,-0.091463416814804,0.9999990463256836,-0.0007205111323855,0.0012153033167123,-1.5328403435432847e-08,0.999944508075714,0.0034770932979881,-0.0099466694518923,9.96653625406907e-07,0.9999794960021972,-0.0040251198224723,-0.0049856980331242,7.213249375581654e-08
1900-01-01 11:21:06.455345,-0.0264892578125,-0.0653076171875,-0.9969482421875,0.1829268336296081,0.2743902504444122,-0.0152439028024673,-0.0347900390625,-0.10693359375,1.0091552734375,0.1676829308271408,0.1829268336296081,-0.2439024448394775,0.0316162109375,-0.007568359375,1.0272216796875,0.4573170840740204,0.4115853607654571,0.1829268336296081,0.9999990463256836,-0.0007205111323855,0.0012153033167123,-1.5328403435432847e-08,0.999944508075714,0.0034770932979881,-0.0099466694518923,9.96653625406907e-07,0.9999794960021972,-0.0040251198224723,-0.0049856980331242,7.213249375581654e-08
1900-01-01 11:21:06.455493,-0.029052734375,-0.0643310546875,-0.9967041015625,0.1067073196172714,0.5335366129875183,0.2439024448394775,-0.0347900390625,-0.10693359375,1.0091552734375,0.1676829308271408,0.1829268336296081,-0.2439024448394775,0.0316162109375,-0.007568359375,1.0272216796875,0.4573170840740204,0.4115853607654571,0.1829268336296081,0.9999990463256836,-0.0007205111323855,0.0012153033167123,-1.5328403435432847e-08,0.999944508075714,0.0034770932979881,-0.0099466694518923,9.96653625406907e-07,0.9999794960021972,-0.0040251198224723,-0.0049856980331242,7.213249375581654e-08
1900-01-01 11:21:06.472298,-0.0299072265625,-0.0670166015625,-0.997314453125,0.3658536672592163,0.5640243887901306,0.0762195140123367,-0.0357666015625,-0.107177734375,1.0072021484375,0.3048780560493469,-0.2591463327407837,-0.1829268336296081,0.03125,-0.008056640625,1.0284423828125,0.4878048896789551,0.2743902504444122,0.0304878056049346,0.9999990463256836,-0.0007205111323855,0.0012153033167123,-1.5328403435432847e-08,0.999944508075714,0.0034770932979881,-0.0099466694518923,9.96653625406907e-07,0.9999794960021972,-0.0040251198224723,-0.0049856980331242,7.213249375581654e-08
1900-01-01 11:21:06.481340,-0.0289306640625,-0.0650634765625,-0.9998779296875,0.1371951252222061,0.5945122241973877,0.1829268336296081,-0.033203125,-0.1085205078125,1.0098876953125,0.1524390280246734,-0.2286585420370102,-0.0609756112098693,0.0302734375,-0.007080078125,1.028564453125,0.625,0.3810975551605224,0.2134146392345428,0.9999990463256836,-0.0007205111323855,0.0012153033167123,-1.5328403435432847e-08,0.999944508075714,0.0034770932979881,-0.0099466694518923,9.96653625406907e-07,0.9999794960021972,-0.0040251198224723,-0.0049856980331242,7.213249375581654e-08
1900-01-01 11:21:06.490334,-0.029052734375,-0.0667724609375,-0.998779296875,0.1676829308271408,0.4420731663703918,0.1981707364320755,-0.03173828125,-0.10693359375,1.0115966796875,0.2743902504444122,0.4420731663703918,0.0152439028024673,0.0322265625,-0.0084228515625,1.0291748046875,0.4725609719753265,0.1067073196172714,0.0762195140123367,0.9999990463256836,-0.0007205111323855,0.0012153033167123,-1.5328403435432847e-08,0.999944508075714,0.0034770932979881,-0.0099466694518923,9.96653625406907e-07,0.9999794960021972,-0.0040251198224723,-0.0049856980331242,7.213249375581654e-08
1900-01-01 11:21:06.498357,-0.0306396484375,-0.063720703125,-0.9957275390625,-0.1371951252222061,0.6097561120986938,0.3810975551605224,-0.0343017578125,-0.1075439453125,1.006591796875,0.091463416814804,0.1981707364320755,-0.0609756112098693,0.031005859375,-0.0081787109375,1.0294189453125,0.4420731663703918,0.2591463327407837,-0.0152439028024673,0.9999990463256836,-0.0007205111323855,0.0012153033167123,-1.5328403435432847e-08,0.999944508075714,0.0034770932979881,-0.0099466694518923,9.96653625406907e-07,0.9999794960021972,-0.0040251198224723,-0.0049856980331242,7.213249375581654e-08
1900-01-01 11:21:06.507289,-0.0299072265625,-0.064697265625,-0.9962158203125,0.2286585420370102,0.8231707215309143,-0.0304878056049346,-0.0345458984375,-0.1072998046875,1.008056640625,0.1981707364320755,-0.2439024448394775,-0.396341472864151,0.031005859375,-0.0081787109375,1.0294189453125,0.4420731663703918,0.2591463327407837,-0.0152439028024673,0.9999990463256836,-0.0007205111323855,0.0012153033167123,-1.5328403435432847e-08,0.999944508075714,0.0034770932979881,-0.0099466694518923,9.96653625406907e-07,0.9999794960021972,-0.0040251198224723,-0.0049856980331242,7.213249375581654e-08
1900-01-01 11:21:06.528847,-0.02783203125,-0.0670166015625,-0.997802734375,0.0152439028024673,0.7469512224197388,0.1219512224197387,-0.03515625,-0.1070556640625,1.01025390625,0.3201219439506531,-0.1676829308271408,-0.1371951252222061,0.03125,-0.0084228515625,1.0296630859375,0.5487805008888245,0.1676829308271408,0.4268292784690857,0.9999990463256836,-0.0007205111323855,0.0012153033167123,-1.5328403435432847e-08,0.999944508075714,0.0034770932979881,-0.0099466694518923,9.96653625406907e-07,0.9999794960021972,-0.0040251198224723,-0.0049856980331242,7.213249375581654e-08
1900-01-01 11:21:06.534556,-0.0294189453125,-0.06591796875,-0.996826171875,0.091463416814804,0.5487805008888245,-0.0609756112098693,-0.03515625,-0.1070556640625,1.01025390625,0.3201219439506531,-0.1676829308271408,-0.1371951252222061,0.0333251953125,-0.0074462890625,1.029296875,0.5487805008888245,0.1676829308271408,0.4268292784690857,0.9999990463256836,-0.0007205111323855,0.0012153033167123,-1.5328403435432847e-08,0.999944508075714,0.0034770932979881,-0.0099466694518923,9.96653625406907e-07,0.9999794960021972,-0.0040251198224723,-0.0049856980331242,7.213249375581654e-08
1900-01-01 11:21:06.582872,-0.0272216796875,-0.0653076171875,-0.99267578125,0.1219512224197387,0.4115853607654571,-0.0762195140123367,-0.0330810546875,-0.1085205078125,1.0048828125,0.2286585420370102,0.5182926654815674,-0.2743902504444122,0.02978515625,-0.008056640625,1.0245361328125,0.625,0.3048780560493469,0.1829268336296081,0.9999990463256836,-0.0007205111323855,0.0012153033167123,-1.5328403435432847e-08,0.999944508075714,0.0034770932979881,-0.0099466694518923,9.96653625406907e-07,0.9999794960021972,-0.0040251198224723,-0.0049856980331242,7.213249375581654e-08
1900-01-01 11:21:06.608816,-0.026611328125,-0.0643310546875,-0.99658203125,0.0304878056049346,0.5182926654815674,0.0609756112098693,-0.0330810546875,-0.1085205078125,1.0048828125,0.1524390280246734,-0.6402438879013062,-0.2591463327407837,0.02978515625,-0.008056640625,1.0245361328125,0.625,0.3048780560493469,0.1829268336296081,0.9999990463256836,-0.0007205111323855,0.0012153033167123,-1.5328403435432847e-08,0.999944508075714,0.0034770932979881,-0.0099466694518923,9.96653625406907e-07,0.9999794960021972,-0.0040251198224723,-0.0049856980331242,7.213249375581654e-08
1900-01-01 11:21:06.609277,-0.0264892578125,-0.0655517578125,-0.9976806640625,-0.0609756112098693,0.4878048896789551,0.1524390280246734,-0.0299072265625,-0.1087646484375,1.01025390625,0.1524390280246734,-0.6402438879013062,-0.2591463327407837,0.030029296875,-0.00732421875,1.0269775390625,0.625,0.3048780560493469,0.1829268336296081,0.9999990463256836,-0.0007205111323855,0.0012153033167123,-1.5328403435432847e-08,0.999944508075714,0.0034770932979881,-0.0099466694518923,9.96653625406907e-07,0.9999794960021972,-0.0040251198224723,-0.0049856980331242,7.213249375581654e-08
1900-01-01 11:21:06.609477,-0.0294189453125,-0.0631103515625,-0.99365234375,0.0,0.4878048896789551,-0.1219512224197387,-0.0299072265625,-0.1087646484375,1.01025390625,0.1524390280246734,-0.6402438879013062,-0.2591463327407837,0.030029296875,-0.00732421875,1.0269775390625,0.7774390578269958,0.2743902504444122,0.1067073196172714,0.9999990463256836,-0.0007205111323855,0.0012153033167123,-1.5328403435432847e-08,0.999944508075714,0.0034770932979881,-0.0099466694518923,9.96653625406907e-07,0.9999794960021972,-0.0040251198224723,-0.0049856980331242,7.213249375581654e-08
1900-01-01 11:21:06.614799,-0.0303955078125,-0.0645751953125,-0.9945068359375,0.2591463327407837,0.5945122241973877,0.0,-0.0299072265625,-0.1087646484375,1.01025390625,0.1524390280246734,-0.6402438879013062,-0.2591463327407837,0.030029296875,-0.00732421875,1.0269775390625,0.7774390578269958,0.2743902504444122,0.1067073196172714,0.9999990463256836,-0.0007205111323855,0.0012153033167123,-1.5328403435432847e-08,0.999944508075714,0.0034770932979881,-0.0099466694518923,9.96653625406907e-07,0.9999794960021972,-0.0040251198224723,-0.0049856980331242,7.213249375581654e-08
1900-01-01 11:21:06.620545,-0.0286865234375,-0.0654296875,-0.997314453125,-0.0152439028024673,0.3810975551605224,0.3353658616542816,-0.0299072265625,-0.1087646484375,1.01025390625,0.1524390280246734,-0.6402438879013062,-0.2591463327407837,0.0308837890625,-0.00537109375,1.0245361328125,0.6707317233085632,0.2743902504444122,0.1829268336296081,0.9999990463256836,-0.0007205111323855,0.0012153033167123,-1.5328403435432847e-08,0.999944508075714,0.0034770932979881,-0.0099466694518923,9.96653625406907e-07,0.9999794960021972,-0.0040251198224723,-0.0049856980331242,7.213249375581654e-08
1900-01-01 11:21:06.631770,-0.028076171875,-0.0640869140625,-0.9949951171875,-0.1981707364320755,0.6554878354072571,0.0304878056049346,-0.0330810546875,-0.1072998046875,1.0067138671875,0.2439024448394775,-0.1524390280246734,-0.1981707364320755,0.0308837890625,-0.00537109375,1.0245361328125,0.6097561120986938,0.1981707364320755,0.1067073196172714,0.9999990463256836,-0.0007205111323855,0.0012153033167123,-1.5328403435432847e-08,0.999944508075714,0.0034770932979881,-0.0099466694518923,9.96653625406907e-07,0.9999794960021972,-0.0040251198224723,-0.0049856980331242,7.213249375581654e-08
1900-01-01 11:21:06.637119,-0.0281982421875,-0.06201171875,-0.9925537109375,0.0,0.6859756112098694,0.0152439028024673,-0.0330810546875,-0.1072998046875,1.0067138671875,0.2439024448394775,-0.1524390280246734,-0.1981707364320755,0.0308837890625,-0.00732421875,1.027587890625,0.6097561120986938,0.1981707364320755,0.1067073196172714,0.9999990463256836,-0.0007205111323855,0.0012153033167123,-1.5328403435432847e-08,0.999944508075714,0.0034770932979881,-0.0099466694518923,9.96653625406907e-07,0.9999794960021972,-0.0040251198224723,-0.0049856980331242,7.213249375581654e-08
1900-01-01 11:21:06.663054,-0.028076171875,-0.0638427734375,-0.9967041015625,0.0,0.4725609719753265,0.1371951252222061,-0.0330810546875,-0.1072998046875,1.0067138671875,0.0,0.8231707215309143,-0.091463416814804,0.0308837890625,-0.00732421875,1.027587890625,0.5487805008888245,0.3201219439506531,-0.1676829308271408,0.9999990463256836,-0.0007205111323855,0.0012153033167123,-1.5328403435432847e-08,0.999944508075714,0.0034770932979881,-0.0099466694518923,9.96653625406907e-07,0.9999794960021972,-0.0040251198224723,-0.0049856980331242,7.213249375581654e-08
1900-01-01 11:21:06.679229,-0.0279541015625,-0.0665283203125,-0.997314453125,0.1219512224197387,0.6554878354072571,0.1676829308271408,-0.03759765625,-0.1094970703125,1.0040283203125,0.0,0.8231707215309143,-0.091463416814804,0.0306396484375,-0.0059814453125,1.0233154296875,0.5030487775802612,0.2439024448394775,0.2743902504444122,0.9999990463256836,-0.0007205111323855,0.0012153033167123,-1.5328403435432847e-08,0.999944508075714,0.0034770932979881,-0.0099466694518923,9.96653625406907e-07,0.9999794960021972,-0.0040251198224723,-0.0049856980331242,7.213249375581654e-08
1900-01-01 11:21:06.679340,-0.028076171875,-0.065673828125,-0.995849609375,0.2286585420370102,0.3353658616542816,0.045731708407402,-0.03759765625,-0.1094970703125,1.0040283203125,0.0,0.8231707215309143,-0.091463416814804,0.0306396484375,-0.0059814453125,1.0233154296875,0.5030487775802612,0.2439024448394775,0.2743902504444122,0.9999990463256836,-0.0007205111323855,0.0012153033167123,-1.5328403435432847e-08,0.999944508075714,0.0034770932979881,-0.0099466694518923,9.96653625406907e-07,0.9999794960021972,-0.0040251198224723,-0.0049856980331242,7.213249375581654e-08
1900-01-01 11:21:06.690084,-0.02783203125,-0.0665283203125,-0.99658203125,0.091463416814804,0.7012194991111755,-0.1371951252222061,-0.036865234375,-0.110107421875,1.007080078125,0.0762195140123367,0.1371951252222061,-0.045731708407402,0.0306396484375,-0.0059814453125,1.0233154296875,0.5030487775802612,0.2439024448394775,0.2743902504444122,0.9999990463256836,-0.0007205111323855,0.0012153033167123,-1.5328403435432847e-08,0.999944508075714,0.0034770932979881,-0.0099466694518923,9.96653625406907e-07,0.9999794960021972,-0.0040251198224723,-0.0049856980331242,7.213249375581654e-08
1900-01-01 11:21:06.743688,-0.0269775390625,-0.0657958984375,-0.998291015625,-0.2591463327407837,0.5335366129875183,-0.2743902504444122,-0.031494140625,-0.1083984375,1.010498046875,0.045731708407402,-0.1067073196172714,-0.1524390280246734,0.030517578125,-0.0081787109375,1.027099609375,0.4115853607654571,0.3506097495555877,0.2439024448394775,0.9999990463256836,-0.0007205111323855,0.0012153033167123,-1.5328403435432847e-08,0.999944508075714,0.0034770932979881,-0.0099466694518923,9.96653625406907e-07,0.9999794960021972,-0.0040251198224723,-0.0049856980331242,7.213249375581654e-08
1900-01-01 11:21:06.766336,-0.0274658203125,-0.06640625,-0.99609375,0.0304878056049346,0.3810975551605224,-0.2591463327407837,-0.031005859375,-0.108154296875,1.006591796875,0.1219512224197387,0.792682945728302,0.045731708407402,0.0301513671875,-0.00732421875,1.025390625,0.2896341383457184,0.2896341383457184,0.3506097495555877,0.9999990463256836,-0.0007205111323855,0.0012153033167123,-1.5328403435432847e-08,0.999944508075714,0.0034770932979881,-0.0099466694518923,9.96653625406907e-07,0.9999794960021972,-0.0040251198224723,-0.0049856980331242,7.213249375581654e-08
1900-01-01 11:21:06.772580,-0.0296630859375,-0.064453125,-0.9937744140625,-0.0609756112098693,0.6554878354072571,-0.1219512224197387,-0.0316162109375,-0.11083984375,1.0093994140625,0.1981707364320755,-0.7164634466171265,-0.3048780560493469,0.0322265625,-0.00830078125,1.0291748046875,0.2896341383457184,0.2896341383457184,0.3506097495555877,0.9999990463256836,-0.0007205111323855,0.0012153033167123,-1.5328403435432847e-08,0.999944508075714,0.0034770932979881,-0.0099466694518923,9.96653625406907e-07,0.9999794960021972,-0.0040251198224723,-0.0049856980331242,7.213249375581654e-08
1900-01-01 11:21:06.782925,-0.0301513671875,-0.0628662109375,-0.994384765625,0.1371951252222061,0.4878048896789551,0.0304878056049346,-0.0316162109375,-0.11083984375,1.0093994140625,0.1981707364320755,-0.7164634466171265,-0.3048780560493469,0.0322265625,-0.00830078125,1.0291748046875,0.2896341383457184,0.2896341383457184,0.3506097495555877,0.9999990463256836,-0.0007205111323855,0.0012153033167123,-1.5328403435432847e-08,0.999944508075714,0.0034770932979881,-0.0099466694518923,9.96653625406907e-07,0.9999794960021972,-0.0040251198224723,-0.0049856980331242,7.213249375581654e-08
1900-01-01 11:21:06.804167,-0.029052734375,-0.0631103515625,-0.9942626953125,0.1067073196172714,0.5640243887901306,-0.0762195140123367,-0.030517578125,-0.108642578125,1.0111083984375,0.1981707364320755,-0.7164634466171265,-0.3048780560493469,0.0322265625,-0.00830078125,1.0291748046875,0.2896341383457184,0.2896341383457184,0.3506097495555877,0.9999990463256836,-0.0007205111323855,0.0012153033167123,-1.5328403435432847e-08,0.999944508075714,0.0034770932979881,-0.0099466694518923,9.96653625406907e-07,0.9999794960021972,-0.0040251198224723,-0.0049856980331242,7.213249375581654e-08
1900-01-01 11:21:06.819883,-0.0284423828125,-0.0626220703125,-0.9951171875,0.0152439028024673,0.6097561120986938,-0.1524390280246734,-0.030517578125,-0.108642578125,1.0111083984375,0.3658536672592163,0.5945122241973877,0.1219512224197387,0.0322265625,-0.00830078125,1.0291748046875,0.4420731663703918,0.3201219439506531,0.2591463327407837,0.9999990463256836,-0.0007205111323855,0.0012153033167123,-1.5328403435432847e-08,0.999944508075714,0.0034770932979881,-0.0099466694518923,9.96653625406907e-07,0.9999794960021972,-0.0040251198224723,-0.0049856980331242,7.213249375581654e-08
1900-01-01 11:21:06.888588,-0.02978515625,-0.0631103515625,-0.9949951171875,-0.091463416814804,0.6859756112098694,-0.2591463327407837,-0.0360107421875,-0.107666015625,1.005615234375,0.5182926654815674,-0.9146341681480408,0.1219512224197387,0.029541015625,-0.0042724609375,1.02587890625,0.5030487775802612,0.4573170840740204,0.2896341383457184,0.9999990463256836,-0.0007205111323855,0.0012153033167123,-1.5328403435432847e-08,0.999944508075714,0.0034770932979881,-0.0099466694518923,9.96653625406907e-07,0.9999794960021972,-0.0040251198224723,-0.0049856980331242,7.213249375581654e-08
1900-01-01 11:21:06.912980,-0.030517578125,-0.0650634765625,-0.9942626953125,-0.1371951252222061,0.4115853607654571,0.1371951252222061,-0.0360107421875,-0.107666015625,1.005615234375,0.5182926654815674,-0.9146341681480408,0.1219512224197387,0.0301513671875,-0.0057373046875,1.0262451171875,0.4268292784690857,0.396341472864151,0.3658536672592163,0.9999990463256836,-0.0007205111323855,0.0012153033167123,-1.5328403435432847e-08,0.999944508075714,0.0034770932979881,-0.0099466694518923,9.96653625406907e-07,0.9999794960021972,-0.0040251198224723,-0.0049856980331242,7.213249375581654e-08
1900-01-01 11:21:06.919435,-0.029296875,-0.0645751953125,-0.9957275390625,-0.2439024448394775,0.7317073345184326,-0.1067073196172714,-0.033935546875,-0.107177734375,1.01025390625,0.5182926654815674,-0.9146341681480408,0.1219512224197387,0.031005859375,-0.0059814453125,1.025146484375,0.4268292784690857,0.396341472864151,0.3658536672592163,0.9999990463256836,-0.0007205111323855,0.0012153033167123,-1.5328403435432847e-08,0.999944508075714,0.0034770932979881,-0.0099466694518923,9.96653625406907e-07,0.9999794960021972,-0.0040251198224723,-0.0049856980331242,7.213249375581654e-08
1900-01-01 11:21:06.920438,-0.0274658203125,-0.0640869140625,-0.99755859375,0.1829268336296081,0.625,-0.0304878056049346,-0.033935546875,-0.107177734375,1.01025390625,0.2439024448394775,-0.045731708407402,-0.3048780560493469,0.031005859375,-0.0059814453125,1.025146484375,0.4115853607654571,0.2896341383457184,0.0762195140123367,0.9999990463256836,-0.0007205111323855,0.0012153033167123,-1.5328403435432847e-08,0.999944508075714,0.0034770932979881,-0.0099466694518923,9.96653625406907e-07,0.9999794960021972,-0.0040251198224723,-0.0049856980331242,7.213249375581654e-08
1900-01-01 11:21:06.921053,-0.0274658203125,-0.0660400390625,-0.994873046875,0.0,0.5335366129875183,0.0609756112098693,-0.0323486328125,-0.108642578125,1.0103759765625,0.2439024448394775,-0.045731708407402,-0.3048780560493469,0.032470703125,-0.007568359375,1.0277099609375,0.3201219439506531,0.4115853607654571,0.3353658616542816,0.9999990463256836,-0.0007205111323855,0.0012153033167123,-1.5328403435432847e-08,0.999944508075714,0.0034770932979881,-0.0099466694518923,9.96653625406907e-07,0.9999794960021972,-0.0040251198224723,-0.0049856980331242,7.213249375581654e-08
1900-01-01 11:21:06.921580,-0.026611328125,-0.0635986328125,-0.997314453125,0.0152439028024673,0.5030487775802612,-0.0152439028024673,-0.0323486328125,-0.108642578125,1.0103759765625,0.1524390280246734,0.5640243887901306,0.0762195140123367,0.032470703125,-0.007568359375,1.0277099609375,0.7317073345184326,0.2286585420370102,0.3506097495555877,0.9999990463256836,-0.0007205111323855,0.0012153033167123,-1.5328403435432847e-08,0.999944508075714,0.0034770932979881,-0.0099466694518923,9.96653625406907e-07,0.9999794960021972,-0.0040251198224723,-0.0049856980331242,7.213249375581654e-08
1900-01-01 11:21:06.922757,-0.026611328125,-0.0670166015625,-1.0018310546875,-0.1981707364320755,0.7469512224197388,-0.2896341383457184,-0.03369140625,-0.111083984375,1.0042724609375,0.1219512224197387,-0.0762195140123367,0.0,0.0311279296875,-0.008056640625,1.0264892578125,0.5792682766914368,0.4420731663703918,0.0762195140123367,0.9999990463256836,-0.0007205111323855,0.0012153033167123,-1.5328403435432847e-08,0.999944508075714,0.0034770932979881,-0.0099466694518923,9.96653625406907e-07,0.9999794960021972,-0.0040251198224723,-0.0049856980331242,7.213249375581654e-08
1900-01-01 11:21:06.923021,-0.028076171875,-0.069580078125,-1.0008544921875,0.3658536672592163,0.4420731663703918,0.1524390280246734,-0.03369140625,-0.111083984375,1.0042724609375,0.3810975551605224,-0.6707317233085632,-0.2896341383457184,0.031005859375,-0.007568359375,1.026611328125,0.3506097495555877,0.2896341383457184,0.091463416814804,0.9999990463256836,-0.0007205111323855,0.0012153033167123,-1.5328403435432847e-08,0.999944508075714,0.0034770932979881,-0.0099466694518923,9.96653625406907e-07,0.9999794960021972,-0.0040251198224723,-0.0049856980331242,7.213249375581654e-08
1900-01-01 11:21:06.923310,-0.0286865234375,-0.0692138671875,-0.994384765625,0.0609756112098693,0.5335366129875183,0.045731708407402,-0.0302734375,-0.109619140625,1.0093994140625,0.3810975551605224,-0.6707317233085632,-0.2896341383457184,0.030517578125,-0.008056640625,1.026611328125,0.3506097495555877,0.2896341383457184,0.091463416814804,0.9999990463256836,-0.0007205111323855,0.0012153033167123,-1.5328403435432847e-08,0.999944508075714,0.0034770932979881,-0.0099466694518923,9.96653625406907e-07,0.9999794960021972,-0.0040251198224723,-0.0049856980331242,7.213249375581654e-08
1900-01-01 11:21:06.923988,-0.02587890625,-0.0675048828125,-0.998291015625,0.0609756112098693,0.6402438879013062,-0.0609756112098693,-0.0321044921875,-0.109619140625,1.009033203125,0.2286585420370102,0.4878048896789551,0.0609756112098693,0.032470703125,-0.0084228515625,1.0308837890625,0.3506097495555877,0.1219512224197387,0.0762195140123367,0.9999990463256836,-0.0007205111323855,0.0012153033167123,-1.5328403435432847e-08,0.999944508075714,0.0034770932979881,-0.0099466694518923,9.96653625406907e-07,0.9999794960021972,-0.0040251198224723,-0.0049856980331242,7.213249375581654e-08
1900-01-01 11:21:06.924618,-0.0269775390625,-0.0640869140625,-0.9990234375,0.2896341383457184,0.396341472864151,0.4878048896789551,-0.0350341796875,-0.107421875,1.0078125,0.5945122241973877,-0.396341472864151,-0.2591463327407837,0.0350341796875,-0.00927734375,1.0322265625,1.0365853309631348,0.1219512224197387,0.396341472864151,0.9999990463256836,-0.0007205111323855,0.0012153033167123,-1.5328403435432847e-08,0.999944508075714,0.0034770932979881,-0.0099466694518923,9.96653625406907e-07,0.9999794960021972,-0.0040251198224723,-0.0049856980331242,7.213249375581654e-08
1900-01-01 11:21:06.925016,-0.029296875,-0.0635986328125,-0.9925537109375,0.3048780560493469,0.2286585420370102,0.2591463327407837,-0.0328369140625,-0.1085205078125,1.0106201171875,0.5945122241973877,-0.396341472864151,-0.2591463327407837,0.0347900390625,-0.0078125,1.026123046875,1.0365853309631348,0.1219512224197387,0.396341472864151,0.9999990463256836,-0.0007205111323855,0.0012153033167123,-1.5328403435432847e-08,0.999944508075714,0.0034770932979881,-0.0099466694518923,9.96653625406907e-07,0.9999794960021972,-0.0040251198224723,-0.0049856980331242,7.213249375581654e-08
1900-01-01 11:21:06.925318,-0.030517578125,-0.061279296875,-0.99169921875,0.2896341383457184,0.3658536672592163,-0.0762195140123367,-0.0328369140625,-0.1085205078125,1.0106201171875,-0.045731708407402,0.1829268336296081,-0.0304878056049346,0.0335693359375,-0.008544921875,1.02734375,0.5792682766914368,0.2286585420370102,0.396341472864151,0.9999990463256836,-0.0007205111323855,0.0012153033167123,-1.5328403435432847e-08,0.999944508075714,0.0034770932979881,-0.0099466694518923,9.96653625406907e-07,0.9999794960021972,-0.0040251198224723,-0.0049856980331242,7.213249375581654e-08
1900-01-01 11:21:06.925746,-0.0277099609375,-0.06396484375,-0.99951171875,0.2286585420370102,0.5182926654815674,0.2439024448394775,-0.033935546875,-0.106201171875,1.0059814453125,0.3048780560493469,-0.1676829308271408,-0.1219512224197387,0.0301513671875,-0.005615234375,1.0242919921875,0.5640243887901306,0.3506097495555877,0.0304878056049346,0.9999990463256836,-0.0007205111323855,0.0012153033167123,-1.5328403435432847e-08,0.999944508075714,0.0034770932979881,-0.0099466694518923,9.96653625406907e-07,0.9999794960021972,-0.0040251198224723,-0.0049856980331242,7.213249375581654e-08
1900-01-01 11:21:06.926224,-0.02880859375,-0.066650390625,-0.9971923828125,-0.045731708407402,0.396341472864151,0.2286585420370102,-0.03564453125,-0.105712890625,1.014404296875,0.1981707364320755,-0.1219512224197387,-0.1219512224197387,0.0311279296875,-0.0062255859375,1.0296630859375,0.5335366129875183,0.3658536672592163,0.1981707364320755,0.9999990463256836,-0.0007205111323855,0.0012153033167123,-1.5328403435432847e-08,0.999944508075714,0.0034770932979881,-0.0099466694518923,9.96653625406907e-07,0.9999794960021972,-0.0040251198224723,-0.0049856980331242,7.213249375581654e-08
1900-01-01 11:21:06.926789,-0.028564453125,-0.0657958984375,-0.9932861328125,0.1524390280246734,0.396341472864151,0.045731708407402,-0.0355224609375,-0.1080322265625,1.00927734375,0.2743902504444122,-0.6097561120986938,-0.4573170840740204,0.03173828125,-0.0068359375,1.02490234375,0.5640243887901306,0.2134146392345428,0.2439024448394775,0.9999990463256836,-0.0007205111323855,0.0012153033167123,-1.5328403435432847e-08,0.999944508075714,0.0034770932979881,-0.0099466694518923,9.96653625406907e-07,0.9999794960021972,-0.0040251198224723,-0.0049856980331242,7.213249375581654e-08
1900-01-01 11:21:06.927484,-0.027587890625,-0.06591796875,-0.9951171875,0.1067073196172714,0.5030487775802612,0.1219512224197387,-0.0335693359375,-0.107421875,1.0115966796875,0.3353658616542816,-0.9298780560493468,-0.1219512224197387,0.0313720703125,-0.0048828125,1.024169921875,0.6097561120986938,0.2286585420370102,0.3353658616542816,0.9999990463256836,-0.0007205111323855,0.0012153033167123,-1.5328403435432847e-08,0.999944508075714,0.0034770932979881,-0.0099466694518923,9.96653625406907e-07,0.9999794960021972,-0.0040251198224723,-0.0049856980331242,7.213249375581654e-08
1900-01-01 11:21:06.927829,-0.028564453125,-0.0640869140625,-0.9998779296875,0.045731708407402,0.8841463327407837,0.1067073196172714,-0.0308837890625,-0.1080322265625,1.00927734375,0.2743902504444122,-0.091463416814804,-0.1981707364320755,0.0289306640625,-0.0064697265625,1.02783203125,0.3658536672592163,0.2743902504444122,0.1067073196172714,0.9999990463256836,-0.0007205111323855,0.0012153033167123,-1.5328403435432847e-08,0.999944508075714,0.0034770932979881,-0.0099466694518923,9.96653625406907e-07,0.9999794960021972,-0.0040251198224723,-0.0049856980331242,7.213249375581654e-08
1900-01-01 11:21:06.927983,-0.028564453125,-0.0635986328125,-0.99365234375,0.0,0.4725609719753265,0.0304878056049346,-0.0308837890625,-0.1080322265625,1.00927734375,0.2743902504444122,-0.091463416814804,-0.1981707364320755,0.0308837890625,-0.009033203125,1.0284423828125,0.5030487775802612,0.3810975551605224,0.1219512224197387,0.9999990463256836,-0.0007205111323855,0.0012153033167123,-1.5328403435432847e-08,0.999944508075714,0.0034770932979881,-0.0099466694518923,9.96653625406907e-07,0.9999794960021972,-0.0040251198224723,-0.0049856980331242,7.213249375581654e-08
1900-01-01 11:21:06.928136,-0.030029296875,-0.0640869140625,-0.9920654296875,0.1981707364320755,0.4115853607654571,0.1371951252222061,-0.0308837890625,-0.1080322265625,1.00927734375,0.2743902504444122,-0.091463416814804,-0.1981707364320755,0.0308837890625,-0.009033203125,1.0284423828125,0.5030487775802612,0.1981707364320755,0.0304878056049346,0.9999990463256836,-0.0007205111323855,0.0012153033167123,-1.5328403435432847e-08,0.999944508075714,0.0034770932979881,-0.0099466694518923,9.96653625406907e-07,0.9999794960021972,-0.0040251198224723,-0.0049856980331242,7.213249375581654e-08
1900-01-01 11:21:06.928292,-0.0264892578125,-0.065185546875,-0.9990234375,0.1981707364320755,0.5487805008888245,0.1219512224197387,-0.03564453125,-0.1070556640625,1.003662109375,-0.2286585420370102,1.112804889678955,-0.091463416814804,0.0308837890625,-0.009033203125,1.0284423828125,0.5030487775802612,0.1981707364320755,0.0304878056049346,0.9999990463256836,-0.0007205111323855,0.0012153033167123,-1.5328403435432847e-08,0.999944508075714,0.0034770932979881,-0.0099466694518923,9.96653625406907e-07,0.9999794960021972,-0.0040251198224723,-0.0049856980331242,7.213249375581654e-08
1900-01-01 11:21:06.928436,-0.025634765625,-0.063232421875,-0.9964599609375,0.091463416814804,0.5945122241973877,0.045731708407402,-0.0357666015625,-0.1085205078125,1.0048828125,0.0,0.3048780560493469,0.0609756112098693,0.0308837890625,-0.009033203125,1.0284423828125,0.5030487775802612,0.1981707364320755,0.0304878056049346,0.9999990463256836,-0.0007205111323855,0.0012153033167123,-1.5328403435432847e-08,0.999944508075714,0.0034770932979881,-0.0099466694518923,9.96653625406907e-07,0.9999794960021972,-0.0040251198224723,-0.0049856980331242,7.213249375581654e-08
1900-01-01 11:21:06.945318,-0.0279541015625,-0.0643310546875,-0.9942626953125,0.1219512224197387,0.5182926654815674,0.1981707364320755,-0.0289306640625,-0.10888671875,1.0113525390625,-0.0152439028024673,0.625,0.091463416814804,0.0306396484375,-0.0079345703125,1.025634765625,0.3810975551605224,0.3658536672592163,0.0609756112098693,0.9999990463256836,-0.0007205111323855,0.0012153033167123,-1.5328403435432847e-08,0.999944508075714,0.0034770932979881,-0.0099466694518923,9.96653625406907e-07,0.9999794960021972,-0.0040251198224723,-0.0049856980331242,7.213249375581654e-08
1900-01-01 11:21:06.945653,-0.0260009765625,-0.0631103515625,-0.995849609375,-0.0304878056049346,0.9146341681480408,-0.0152439028024673,-0.0289306640625,-0.10888671875,1.0113525390625,-0.0152439028024673,0.625,0.091463416814804,0.0306396484375,-0.0079345703125,1.025634765625,0.3810975551605224,0.3658536672592163,0.0609756112098693,0.9999990463256836,-0.0007205111323855,0.0012153033167123,-1.5328403435432847e-08,0.999944508075714,0.0034770932979881,-0.0099466694518923,9.96653625406907e-07,0.9999794960021972,-0.0040251198224723,-0.0049856980331242,7.213249375581654e-08
1900-01-01 11:21:06.962297,-0.028564453125,-0.0621337890625,-0.9990234375,-0.0152439028024673,0.6097561120986938,0.0762195140123367,-0.0361328125,-0.1094970703125,1.0025634765625,0.3048780560493469,-0.7012194991111755,-0.2134146392345428,0.03125,-0.0068359375,1.0281982421875,0.396341472864151,0.3506097495555877,0.3048780560493469,0.9999990463256836,-0.0007205111323855,0.0012153033167123,-1.5328403435432847e-08,0.999944508075714,0.0034770932979881,-0.0099466694518923,9.96653625406907e-07,0.9999794960021972,-0.0040251198224723,-0.0049856980331242,7.213249375581654e-08
1900-01-01 11:21:06.971393,-0.02978515625,-0.063720703125,-0.99462890625,-0.2286585420370102,0.625,0.0152439028024673,-0.033447265625,-0.1087646484375,1.0091552734375,0.2439024448394775,-0.4573170840740204,0.0,0.0318603515625,-0.0078125,1.0262451171875,0.396341472864151,0.1067073196172714,0.1981707364320755,0.9999990463256836,-0.0007205111323855,0.0012153033167123,-1.5328403435432847e-08,0.999944508075714,0.0034770932979881,-0.0099466694518923,9.96653625406907e-07,0.9999794960021972,-0.0040251198224723,-0.0049856980331242,7.213249375581654e-08
1900-01-01 11:21:06.981305,-0.0291748046875,-0.0625,-0.9942626953125,0.0762195140123367,0.5335366129875183,-0.1371951252222061,-0.03125,-0.1087646484375,1.0072021484375,0.1676829308271408,1.2195122241973877,-0.396341472864151,0.0318603515625,-0.0078125,1.0262451171875,0.396341472864151,0.1067073196172714,0.1981707364320755,0.9999990463256836,-0.0007205111323855,0.0012153033167123,-1.5328403435432847e-08,0.999944508075714,0.0034770932979881,-0.0099466694518923,9.96653625406907e-07,0.9999794960021972,-0.0040251198224723,-0.0049856980331242,7.213249375581654e-08
1900-01-01 11:21:06.989307,-0.0269775390625,-0.064208984375,-0.996337890625,0.2134146392345428,0.7317073345184326,0.0304878056049346,-0.0335693359375,-0.1097412109375,1.005126953125,0.5182926654815674,0.1371951252222061,-0.0762195140123367,0.0302734375,-0.006103515625,1.02294921875,0.4268292784690857,0.1371951252222061,0.2286585420370102,0.9999990463256836,-0.0007205111323855,0.0012153033167123,-1.5328403435432847e-08,0.999944508075714,0.0034770932979881,-0.0099466694518923,9.96653625406907e-07,0.9999794960021972,-0.0040251198224723,-0.0049856980331242,7.213249375581654e-08
1900-01-01 11:21:06.998342,-0.0279541015625,-0.06591796875,-0.996826171875,-0.091463416814804,0.5335366129875183,-0.0152439028024673,-0.03369140625,-0.1072998046875,1.0028076171875,0.2439024448394775,-0.7317073345184326,-0.1981707364320755,0.0296630859375,-0.0087890625,1.02734375,0.6859756112098694,0.4420731663703918,0.4268292784690857,0.9999990463256836,-0.0007205111323855,0.0012153033167123,-1.5328403435432847e-08,0.999944508075714,0.0034770932979881,-0.0099466694518923,9.96653625406907e-07,0.9999794960021972,-0.0040251198224723,-0.0049856980331242,7.213249375581654e-08
1900-01-01 11:21:07.016410,-0.0291748046875,-0.0655517578125,-0.9959716796875,0.091463416814804,0.4268292784690857,0.0,-0.0322265625,-0.1077880859375,1.009765625,0.1067073196172714,0.1067073196172714,-0.1524390280246734,0.033447265625,-0.0068359375,1.0269775390625,0.4268292784690857,0.2896341383457184,0.0152439028024673,0.9999990463256836,-0.0007205111323855,0.0012153033167123,-1.5328403435432847e-08,0.999944508075714,0.0034770932979881,-0.0099466694518923,9.96653625406907e-07,0.9999794960021972,-0.0040251198224723,-0.0049856980331242,7.213249375581654e-08
1900-01-01 11:21:07.016586,-0.02880859375,-0.0655517578125,-0.9951171875,0.2286585420370102,0.5792682766914368,0.1219512224197387,-0.0322265625,-0.1077880859375,1.009765625,0.1067073196172714,0.1067073196172714,-0.1524390280246734,0.033447265625,-0.0068359375,1.0269775390625,0.4268292784690857,0.2896341383457184,0.0152439028024673,0.9999990463256836,-0.0007205111323855,0.0012153033167123,-1.5328403435432847e-08,0.999944508075714,0.0034770932979881,-0.0099466694518923,9.96653625406907e-07,0.9999794960021972,-0.0040251198224723,-0.0049856980331242,7.213249375581654e-08
1900-01-01 11:21:07.090597,-0.0284423828125,-0.06298828125,-0.996826171875,-0.1371951252222061,0.7317073345184326,0.0152439028024673,-0.0357666015625,-0.10986328125,1.0042724609375,0.2134146392345428,-0.6707317233085632,-0.2743902504444122,0.0302734375,-0.0069580078125,1.0274658203125,0.5487805008888245,0.2896341383457184,0.1829268336296081,0.9999990463256836,-0.0007205111323855,0.0012153033167123,-1.5328403435432847e-08,0.999944508075714,0.0034770932979881,-0.0099466694518923,9.96653625406907e-07,0.9999794960021972,-0.0040251198224723,-0.0049856980331242,7.213249375581654e-08
1900-01-01 11:21:07.122635,-0.0284423828125,-0.0634765625,-0.9967041015625,0.0762195140123367,0.5335366129875183,-0.1371951252222061,-0.0306396484375,-0.107421875,1.010986328125,-0.1067073196172714,0.3658536672592163,-0.1219512224197387,0.030517578125,-0.006103515625,1.0263671875,0.5487805008888245,0.2896341383457184,0.1829268336296081,0.9999990463256836,-0.0007205111323855,0.0012153033167123,-1.5328403435432847e-08,0.999944508075714,0.0034770932979881,-0.0099466694518923,9.96653625406907e-07,0.9999794960021972,-0.0040251198224723,-0.0049856980331242,7.213249375581654e-08
1900-01-01 11:21:07.138848,-0.028564453125,-0.063232421875,-0.99560546875,0.0152439028024673,0.6402438879013062,-0.1219512224197387,-0.03271484375,-0.10791015625,1.00732421875,-0.1067073196172714,0.3658536672592163,-0.1219512224197387,0.030517578125,-0.006103515625,1.0263671875,0.6707317233085632,0.1371951252222061,0.3810975551605224,0.9999990463256836,-0.0007205111323855,0.0012153033167123,-1.5328403435432847e-08,0.9999443292617798,0.0035303682088851,-0.0099466694518923,1.5265911770256937e-06,0.9999794960021972,-0.0040251198224723,-0.0049856980331242,7.213249375581654e-08
1900-01-01 11:21:07.175970,-0.0291748046875,-0.0640869140625,-0.9942626953125,-0.0152439028024673,0.4573170840740204,-0.091463416814804,-0.0367431640625,-0.10791015625,1.0040283203125,0.396341472864151,-0.3353658616542816,-0.1676829308271408,0.030517578125,-0.006103515625,1.0263671875,0.6707317233085632,0.1371951252222061,0.3810975551605224,0.9999990463256836,-0.0007205111323855,0.0012153033167123,-1.5328403435432847e-08,0.9999443292617798,0.0035303682088851,-0.0099466694518923,1.5265911770256937e-06,0.9999794960021972,-0.0040251198224723,-0.0049856980331242,7.213249375581654e-08
1900-01-01 11:21:07.268624,-0.0281982421875,-0.06494140625,-0.998291015625,0.2439024448394775,0.4573170840740204,-0.0152439028024673,-0.0325927734375,-0.1070556640625,1.01513671875,-0.0762195140123367,0.1981707364320755,-0.1829268336296081,0.0316162109375,-0.0076904296875,1.0284423828125,0.3353658616542816,0.3658536672592163,0.2134146392345428,0.9999990463256836,-0.0007205111323855,0.0012153033167123,-1.5328403435432847e-08,0.9999443292617798,0.0035303682088851,-0.0099466694518923,1.5265911770256937e-06,0.9999794960021972,-0.0040251198224723,-0.0049856980331242,7.213249375581654e-08
1900-01-01 11:21:07.295890,-0.02685546875,-0.068115234375,-1.00048828125,0.3353658616542816,0.7012194991111755,-0.045731708407402,-0.033935546875,-0.1072998046875,1.012451171875,0.2439024448394775,-0.5030487775802612,-0.1981707364320755,0.0340576171875,-0.010986328125,1.0302734375,0.3353658616542816,0.3658536672592163,0.2134146392345428,0.9999990463256836,-0.0007205111323855,0.0012153033167123,-1.5328403435432847e-08,0.9999443292617798,0.0035303682088851,-0.0099466694518923,1.5265911770256937e-06,0.9999794960021972,-0.0040251198224723,-0.0049856980331242,7.213249375581654e-08
1900-01-01 11:21:07.301857,-0.027587890625,-0.06787109375,-0.9974365234375,0.0762195140123367,0.5945122241973877,-0.2743902504444122,-0.033935546875,-0.1072998046875,1.012451171875,0.2439024448394775,-0.5030487775802612,-0.1981707364320755,0.0340576171875,-0.010986328125,1.0302734375,0.3353658616542816,0.3048780560493469,0.396341472864151,0.9999990463256836,-0.0007205111323855,0.0012153033167123,-1.5328403435432847e-08,0.9999443292617798,0.0035303682088851,-0.0099466694518923,1.5265911770256937e-06,0.9999794960021972,-0.0040251198224723,-0.0049856980331242,7.213249375581654e-08
1900-01-01 11:21:07.313004,-0.026611328125,-0.0665283203125,-0.9940185546875,-0.1524390280246734,0.625,-0.2286585420370102,-0.031982421875,-0.1077880859375,1.0111083984375,0.2439024448394775,-0.5030487775802612,-0.1981707364320755,0.0340576171875,-0.010986328125,1.0302734375,0.3353658616542816,0.3048780560493469,0.396341472864151,0.9999990463256836,-0.0007205111323855,0.0012153033167123,-1.5328403435432847e-08,0.9999443292617798,0.0035303682088851,-0.0099466694518923,1.5265911770256937e-06,0.9999794960021972,-0.0040251198224723,-0.0049856980331242,7.213249375581654e-08
1900-01-01 11:21:07.324297,-0.025634765625,-0.0660400390625,-1.0013427734375,0.1524390280246734,0.6097561120986938,0.0152439028024673,-0.031982421875,-0.1077880859375,1.0111083984375,-0.1524390280246734,0.4268292784690857,-0.0152439028024673,0.032470703125,-0.00927734375,1.0286865234375,0.3353658616542816,0.3048780560493469,0.396341472864151,0.9999990463256836,-0.0007205111323855,0.0012153033167123,-1.5328403435432847e-08,0.9999443292617798,0.0035303682088851,-0.0099466694518923,1.5265911770256937e-06,0.9999794960021972,-0.0040251198224723,-0.0049856980331242,7.213249375581654e-08
1900-01-01 11:21:07.339911,-0.0289306640625,-0.0672607421875,-0.9971923828125,0.0152439028024673,0.6097561120986938,-0.1219512224197387,-0.031982421875,-0.1077880859375,1.0111083984375,-0.1524390280246734,0.4268292784690857,-0.0152439028024673,0.0322265625,-0.009033203125,1.025634765625,0.3810975551605224,0.4573170840740204,0.2591463327407837,0.9999990463256836,-0.0007205111323855,0.0012153033167123,-1.5328403435432847e-08,0.9999443292617798,0.0035303682088851,-0.0099466694518923,1.5265911770256937e-06,0.9999794960021972,-0.0040251198224723,-0.0049856980331242,7.213249375581654e-08
1900-01-01 11:21:07.346428,-0.031005859375,-0.0645751953125,-0.9913330078125,-0.1524390280246734,0.396341472864151,-0.1371951252222061,-0.03515625,-0.10888671875,1.0040283203125,0.1676829308271408,0.396341472864151,-0.045731708407402,0.030517578125,-0.0062255859375,1.0250244140625,0.7164634466171265,0.3658536672592163,0.2896341383457184,0.9999990463256836,-0.0007205111323855,0.0012153033167123,-1.5328403435432847e-08,0.9999443292617798,0.0035303682088851,-0.0099466694518923,1.5265911770256937e-06,0.9999794960021972,-0.0040251198224723,-0.0049856980331242,7.213249375581654e-08
1900-01-01 11:21:07.362893,-0.029052734375,-0.0648193359375,-0.997314453125,-0.0609756112098693,0.4420731663703918,-0.0304878056049346,-0.039306640625,-0.1094970703125,1.0059814453125,0.1676829308271408,0.396341472864151,-0.045731708407402,0.0302734375,-0.0069580078125,1.02734375,0.5487805008888245,0.2134146392345428,0.045731708407402,0.9999990463256836,-0.0007205111323855,0.0012153033167123,-1.5328403435432847e-08,0.9999443292617798,0.0035303682088851,-0.0099466694518923,1.5265911770256937e-06,0.9999794960021972,-0.0040251198224723,-0.0049856980331242,7.213249375581654e-08
1900-01-01 11:21:07.384817,-0.0279541015625,-0.06640625,-0.9984130859375,-0.0304878056049346,0.3658536672592163,0.1524390280246734,-0.039306640625,-0.1094970703125,1.0059814453125,0.2591463327407837,-0.8993902802467346,-0.2134146392345428,0.0302734375,-0.0069580078125,1.02734375,0.5335366129875183,0.3201219439506531,-0.1219512224197387,0.9999990463256836,-0.0007205111323855,0.0012153033167123,-1.5328403435432847e-08,0.9999443292617798,0.0035303682088851,-0.0099466694518923,1.5265911770256937e-06,0.9999794960021972,-0.0040251198224723,-0.0049856980331242,7.213249375581654e-08
1900-01-01 11:21:07.413324,-0.02978515625,-0.0654296875,-0.9937744140625,0.1371951252222061,0.4878048896789551,0.3201219439506531,-0.0328369140625,-0.1099853515625,1.008056640625,0.2134146392345428,-0.1524390280246734,-0.1219512224197387,0.0318603515625,-0.0069580078125,1.0267333984375,0.5335366129875183,0.3201219439506531,-0.1219512224197387,0.9999990463256836,-0.0007205111323855,0.0012153033167123,-1.5328403435432847e-08,0.9999443292617798,0.0035303682088851,-0.0099466694518923,1.5265911770256937e-06,0.9999794960021972,-0.0040251198224723,-0.0049856980331242,7.213249375581654e-08
1900-01-01 11:21:07.414210,-0.0306396484375,-0.062255859375,-0.9935302734375,-0.1981707364320755,0.3658536672592163,-0.1829268336296081,-0.0328369140625,-0.1099853515625,1.008056640625,-0.045731708407402,1.0365853309631348,0.0609756112098693,0.0325927734375,-0.0054931640625,1.0228271484375,0.6402438879013062,0.3506097495555877,0.0609756112098693,0.9999990463256836,-0.0007205111323855,0.0012153033167123,-1.5328403435432847e-08,0.9999443292617798,0.0035303682088851,-0.0099466694518923,1.5265911770256937e-06,0.9999794960021972,-0.0040251198224723,-0.0049856980331242,7.213249375581654e-08
1900-01-01 11:21:07.414960,-0.0286865234375,-0.060791015625,-0.997314453125,0.2134146392345428,0.7469512224197388,0.045731708407402,-0.0328369140625,-0.1099853515625,1.008056640625,-0.045731708407402,1.0365853309631348,0.0609756112098693,0.0311279296875,-0.0045166015625,1.0235595703125,0.5182926654815674,0.3353658616542816,-0.045731708407402,0.9999990463256836,-0.0007205111323855,0.0012153033167123,-1.5328403435432847e-08,0.9999443292617798,0.0035303682088851,-0.0099466694518923,1.5265911770256937e-06,0.9999794960021972,-0.0040251198224723,-0.0049856980331242,7.213249375581654e-08
1900-01-01 11:21:07.415284,-0.0264892578125,-0.06201171875,-0.994873046875,-0.1524390280246734,0.2743902504444122,0.1676829308271408,-0.0361328125,-0.1129150390625,1.00146484375,0.2743902504444122,-0.4573170840740204,-0.1676829308271408,0.0311279296875,-0.0045166015625,1.0235595703125,0.5182926654815674,0.3353658616542816,-0.045731708407402,0.9999990463256836,-0.0007205111323855,0.0012153033167123,-1.5328403435432847e-08,0.9999443292617798,0.0035303682088851,-0.0099466694518923,1.5265911770256937e-06,0.9999794960021972,-0.0040251198224723,-0.0049856980331242,7.213249375581654e-08
1900-01-01 11:21:07.415592,-0.027587890625,-0.06201171875,-0.99365234375,-0.045731708407402,0.7164634466171265,0.1219512224197387,-0.0361328125,-0.1129150390625,1.00146484375,0.2743902504444122,-0.4573170840740204,-0.1676829308271408,0.0286865234375,-0.0050048828125,1.02734375,0.4420731663703918,0.3353658616542816,0.1371951252222061,0.9999990463256836,-0.0007205111323855,0.0012153033167123,-1.5328403435432847e-08,0.9999443292617798,0.0035303682088851,-0.0099466694518923,1.5265911770256937e-06,0.9999794960021972,-0.0040251198224723,-0.0049856980331242,7.213249375581654e-08
1900-01-01 11:21:07.415927,-0.027099609375,-0.0638427734375,-0.995849609375,0.2591463327407837,0.6097561120986938,0.0152439028024673,-0.0361328125,-0.1129150390625,1.00146484375,0.2743902504444122,-0.4573170840740204,-0.1676829308271408,0.0311279296875,-0.0067138671875,1.024658203125,0.5945122241973877,0.1829268336296081,0.1829268336296081,0.9999990463256836,-0.0007205111323855,0.0012153033167123,-1.5328403435432847e-08,0.9999443292617798,0.0035303682088851,-0.0099466694518923,1.5265911770256937e-06,0.9999794960021972,-0.0040251198224723,-0.0049856980331242,7.213249375581654e-08
1900-01-01 11:21:07.416201,-0.0255126953125,-0.0650634765625,-0.9984130859375,0.0152439028024673,0.625,-0.1829268336296081,-0.034912109375,-0.111572265625,1.006103515625,0.2743902504444122,-0.4573170840740204,-0.1676829308271408,0.0311279296875,-0.0067138671875,1.024658203125,0.4268292784690857,0.2591463327407837,0.1371951252222061,0.9999990463256836,-0.0007205111323855,0.0012153033167123,-1.5328403435432847e-08,0.9999443292617798,0.0035303682088851,-0.0099466694518923,1.5265911770256937e-06,0.9999794960021972,-0.0040251198224723,-0.0049856980331242,7.213249375581654e-08
1900-01-01 11:21:07.416494,-0.0264892578125,-0.0665283203125,-0.9970703125,0.1219512224197387,0.5945122241973877,-0.045731708407402,-0.034912109375,-0.111572265625,1.006103515625,-0.0152439028024673,-0.7774390578269958,-0.2896341383457184,0.03125,-0.007568359375,1.027099609375,0.5945122241973877,0.3048780560493469,0.1981707364320755,0.9999990463256836,-0.0007205111323855,0.0012153033167123,-1.5328403435432847e-08,0.9999443292617798,0.0035303682088851,-0.0099466694518923,1.5265911770256937e-06,0.9999794960021972,-0.0040251198224723,-0.0049856980331242,7.213249375581654e-08
1900-01-01 11:21:07.416804,-0.02783203125,-0.0673828125,-0.99755859375,0.091463416814804,0.7621951103210449,-0.1371951252222061,-0.0286865234375,-0.1097412109375,1.00732421875,-0.0152439028024673,-0.7774390578269958,-0.2896341383457184,0.03125,-0.0081787109375,1.0279541015625,0.4268292784690857,0.3201219439506531,0.1371951252222061,0.9999990463256836,-0.0007205111323855,0.0012153033167123,-1.5328403435432847e-08,0.9999443292617798,0.0035303682088851,-0.0099466694518923,1.5265911770256937e-06,0.9999794960021972,-0.0040251198224723,-0.0049856980331242,7.213249375581654e-08
1900-01-01 11:21:07.417259,-0.0279541015625,-0.067626953125,-0.996826171875,0.1524390280246734,0.8384146690368652,-0.0762195140123367,-0.034912109375,-0.1083984375,1.0067138671875,0.2591463327407837,0.1676829308271408,0.1371951252222061,0.0318603515625,-0.0079345703125,1.0274658203125,0.5335366129875183,0.2743902504444122,0.3201219439506531,0.9999990463256836,-0.0007205111323855,0.0012153033167123,-1.5328403435432847e-08,0.9999443292617798,0.0035303682088851,-0.0099466694518923,1.5265911770256937e-06,0.9999794960021972,-0.0040251198224723,-0.0049856980331242,7.213249375581654e-08
1900-01-01 11:21:07.417517,-0.02734375,-0.0654296875,-0.9970703125,0.1371951252222061,0.5640243887901306,-0.091463416814804,-0.0374755859375,-0.1083984375,1.0047607421875,-0.1067073196172714,0.7621951103210449,-0.1981707364320755,0.0318603515625,-0.0079345703125,1.0274658203125,0.5335366129875183,0.2743902504444122,0.3201219439506531,0.9999990463256836,-0.0007205111323855,0.0012153033167123,-1.5328403435432847e-08,0.9999443292617798,0.0035303682088851,-0.0099466694518923,1.5265911770256937e-06,0.9999794960021972,-0.0040251198224723,-0.0049856980331242,7.213249375581654e-08
1900-01-01 11:21:07.417713,-0.0286865234375,-0.06201171875,-0.9945068359375,-0.2743902504444122,0.6097561120986938,-0.4268292784690857,-0.0374755859375,-0.1083984375,1.0047607421875,0.0,-0.792682945728302,-0.1524390280246734,0.0318603515625,-0.0079345703125,1.0274658203125,0.5030487775802612,0.4420731663703918,0.3353658616542816,0.9999990463256836,-0.0007205111323855,0.0012153033167123,-1.5328403435432847e-08,0.9999443292617798,0.0035303682088851,-0.0099466694518923,1.5265911770256937e-06,0.9999794960021972,-0.0040251198224723,-0.0049856980331242,7.213249375581654e-08
1900-01-01 11:21:07.418021,-0.027587890625,-0.0615234375,-0.9925537109375,0.0609756112098693,0.5792682766914368,0.0609756112098693,-0.0321044921875,-0.1063232421875,1.01123046875,0.3048780560493469,-0.3048780560493469,-0.0762195140123367,0.0318603515625,-0.0079345703125,1.0274658203125,0.5030487775802612,0.4420731663703918,0.3353658616542816,0.9999990463256836,-0.0007205111323855,0.0012153033167123,-1.5328403435432847e-08,0.9999443292617798,0.0035303682088851,-0.0099466694518923,1.5265911770256937e-06,0.9999794960021972,-0.0040251198224723,-0.0049856980331242,7.213249375581654e-08
1900-01-01 11:21:07.418565,-0.02978515625,-0.061767578125,-0.9962158203125,-0.1981707364320755,0.7164634466171265,-0.2591463327407837,-0.0360107421875,-0.1077880859375,1.009033203125,0.091463416814804,0.7317073345184326,0.1067073196172714,0.032470703125,-0.0078125,1.0294189453125,0.5487805008888245,0.2591463327407837,0.1676829308271408,0.9999990463256836,-0.0007205111323855,0.0012153033167123,-1.5328403435432847e-08,0.9999443292617798,0.0035303682088851,-0.0099466694518923,1.5265911770256937e-06,0.9999794960021972,-0.0040251198224723,-0.0049856980331242,7.213249375581654e-08
1900-01-01 11:21:07.418920,-0.0308837890625,-0.062255859375,-0.9971923828125,0.2134146392345428,0.4725609719753265,0.045731708407402,-0.0374755859375,-0.1065673828125,1.0057373046875,0.2896341383457184,0.3658536672592163,-0.2286585420370102,0.0302734375,-0.0064697265625,1.0245361328125,0.4878048896789551,0.3506097495555877,0.5182926654815674,0.9999990463256836,-0.0007205111323855,0.0012153033167123,-1.5328403435432847e-08,0.9999443292617798,0.0035303682088851,-0.0099466694518923,1.5265911770256937e-06,0.9999794960021972,-0.0040251198224723,-0.0049856980331242,7.213249375581654e-08
1900-01-01 11:21:07.419068,-0.029052734375,-0.0621337890625,-0.9930419921875,0.0762195140123367,0.5182926654815674,-0.0152439028024673,-0.0374755859375,-0.1065673828125,1.0057373046875,0.2896341383457184,0.3658536672592163,-0.2286585420370102,0.0302734375,-0.0064697265625,1.0245361328125,0.4573170840740204,0.2286585420370102,0.2439024448394775,0.9999990463256836,-0.0007205111323855,0.0012153033167123,-1.5328403435432847e-08,0.9999443292617798,0.0035303682088851,-0.0099466694518923,1.5265911770256937e-06,0.9999794960021972,-0.0040251198224723,-0.0049856980331242,7.213249375581654e-08
1900-01-01 11:21:07.419500,-0.02880859375,-0.0638427734375,-0.993896484375,0.1371951252222061,0.6707317233085632,0.0152439028024673,-0.033203125,-0.1065673828125,1.01171875,0.1981707364320755,-0.0762195140123367,-0.2743902504444122,0.030029296875,-0.005615234375,1.02294921875,0.6097561120986938,0.4268292784690857,0.0609756112098693,0.9999990463256836,-0.0007205111323855,0.0012153033167123,-1.5328403435432847e-08,0.9999443292617798,0.0035303682088851,-0.0099466694518923,1.5265911770256937e-06,0.9999794960021972,-0.0040251198224723,-0.0049856980331242,7.213249375581654e-08
1900-01-01 11:21:07.419699,-0.0299072265625,-0.06494140625,-0.997802734375,0.045731708407402,0.396341472864151,-0.0762195140123367,-0.0330810546875,-0.111083984375,1.00341796875,0.1676829308271408,0.8689024448394775,-0.0152439028024673,0.030029296875,-0.005615234375,1.02294921875,0.6097561120986938,0.4268292784690857,0.0609756112098693,0.9999990463256836,-0.0007205111323855,0.0012153033167123,-1.5328403435432847e-08,0.9999443292617798,0.0035303682088851,-0.0099466694518923,1.5265911770256937e-06,0.9999794960021972,-0.0040251198224723,-0.0049856980331242,7.213249375581654e-08
1900-01-01 11:21:07.419877,-0.0274658203125,-0.06640625,-0.9964599609375,0.1981707364320755,0.3658536672592163,-0.0609756112098693,-0.0343017578125,-0.111328125,1.003662109375,0.3506097495555877,0.3506097495555877,-0.0609756112098693,0.030029296875,-0.005615234375,1.02294921875,0.6097561120986938,0.4268292784690857,0.0609756112098693,0.9999990463256836,-0.0007205111323855,0.0012153033167123,-1.5328403435432847e-08,0.9999443292617798,0.0035303682088851,-0.0099466694518923,1.5265911770256937e-06,0.9999794960021972,-0.0040251198224723,-0.0049856980331242,7.213249375581654e-08
1900-01-01 11:21:07.420023,-0.026611328125,-0.0653076171875,-0.9951171875,0.0152439028024673,0.6402438879013062,0.2134146392345428,-0.03076171875,-0.110595703125,1.0096435546875,0.2591463327407837,-0.8841463327407837,-0.0762195140123367,0.030029296875,-0.005615234375,1.02294921875,0.6097561120986938,0.4268292784690857,0.0609756112098693,0.9999990463256836,-0.0007205111323855,0.0012153033167123,-1.5328403435432847e-08,0.9999443292617798,0.0035303682088851,-0.0099466694518923,1.5265911770256937e-06,0.9999794960021972,-0.0040251198224723,-0.0049856980331242,7.213249375581654e-08
1900-01-01 11:21:07.420622,-0.027099609375,-0.064697265625,-0.995361328125,0.091463416814804,0.5030487775802612,0.1067073196172714,-0.0322265625,-0.10888671875,1.010498046875,0.4725609719753265,-0.5335366129875183,-0.1981707364320755,0.0291748046875,-0.006591796875,1.024169921875,0.5030487775802612,0.2286585420370102,0.3506097495555877,0.9999990463256836,-0.0007205111323855,0.0012153033167123,-1.5328403435432847e-08,0.9999443292617798,0.0035303682088851,-0.0099466694518923,1.5265911770256937e-06,0.9999794960021972,-0.0040251198224723,-0.0049856980331242,7.213249375581654e-08
1900-01-01 11:21:07.420767,-0.0257568359375,-0.0689697265625,-1.001220703125,0.1371951252222061,0.6707317233085632,0.1676829308271408,-0.032470703125,-0.1083984375,1.0069580078125,0.045731708407402,0.4115853607654571,-0.3201219439506531,0.0291748046875,-0.006591796875,1.024169921875,0.5030487775802612,0.2286585420370102,0.3506097495555877,0.9999990463256836,-0.0007205111323855,0.0012153033167123,-1.5328403435432847e-08,0.9999443292617798,0.0035303682088851,-0.0099466694518923,1.5265911770256937e-06,0.9999794960021972,-0.0040251198224723,-0.0049856980331242,7.213249375581654e-08
1900-01-01 11:21:07.420948,-0.0281982421875,-0.0675048828125,-0.9996337890625,-0.0609756112098693,0.3658536672592163,-0.0304878056049346,-0.03466796875,-0.105712890625,1.0052490234375,0.2591463327407837,-0.4573170840740204,-0.0762195140123367,0.0291748046875,-0.006591796875,1.024169921875,0.5030487775802612,0.2286585420370102,0.3506097495555877,0.9999990463256836,-0.0007205111323855,0.0012153033167123,-1.5328403435432847e-08,0.9999443292617798,0.0035303682088851,-0.0099466694518923,1.5265911770256937e-06,0.9999794960021972,-0.0040251198224723,-0.0049856980331242,7.213249375581654e-08
1900-01-01 11:21:07.421109,-0.0279541015625,-0.0672607421875,-0.9951171875,-0.1219512224197387,0.5792682766914368,-0.0609756112098693,-0.034912109375,-0.107421875,1.011474609375,0.3048780560493469,-0.4725609719753265,-0.1067073196172714,0.0291748046875,-0.006591796875,1.024169921875,0.5030487775802612,0.2286585420370102,0.3506097495555877,0.9999990463256836,-0.0007205111323855,0.0012153033167123,-1.5328403435432847e-08,0.9999443292617798,0.0035303682088851,-0.0099466694518923,1.5265911770256937e-06,0.9999794960021972,-0.0040251198224723,-0.0049856980331242,7.213249375581654e-08
1900-01-01 11:21:07.421297,-0.0279541015625,-0.06640625,-0.9976806640625,0.1067073196172714,0.6554878354072571,-0.1371951252222061,-0.032958984375,-0.1077880859375,1.012451171875,0.045731708407402,0.792682945728302,-0.1524390280246734,0.0291748046875,-0.006591796875,1.024169921875,0.4573170840740204,0.4725609719753265,0.0152439028024673,0.9999990463256836,-0.0007205111323855,0.0012153033167123,-1.5328403435432847e-08,0.9999443292617798,0.0035303682088851,-0.0099466694518923,1.5265911770256937e-06,0.9999794960021972,-0.0040251198224723,-0.0049856980331242,7.213249375581654e-08
1900-01-01 11:21:07.421442,-0.0299072265625,-0.066650390625,-0.9993896484375,0.0,0.3658536672592163,0.1524390280246734,-0.032958984375,-0.1077880859375,1.012451171875,0.045731708407402,0.792682945728302,-0.1524390280246734,0.030517578125,-0.005859375,1.027099609375,0.396341472864151,0.1524390280246734,0.1524390280246734,0.9999990463256836,-0.0007205111323855,0.0012153033167123,-1.5328403435432847e-08,0.9999443292617798,0.0035303682088851,-0.0099466694518923,1.5265911770256937e-06,0.9999794960021972,-0.0040251198224723,-0.0049856980331242,7.213249375581654e-08
1900-01-01 11:21:07.421726,-0.028564453125,-0.064453125,-0.994384765625,0.1981707364320755,0.2896341383457184,-0.1676829308271408,-0.03662109375,-0.1072998046875,1.006591796875,0.396341472864151,0.6402438879013062,-0.045731708407402,0.0323486328125,-0.00830078125,1.028564453125,0.5640243887901306,0.2134146392345428,0.1524390280246734,0.9999990463256836,-0.0007205111323855,0.0012153033167123,-1.5328403435432847e-08,0.9999443292617798,0.0035303682088851,-0.0099466694518923,1.5265911770256937e-06,0.9999794960021972,-0.0040251198224723,-0.0049856980331242,7.213249375581654e-08
1900-01-01 11:21:07.436372,-0.02880859375,-0.062744140625,-0.99462890625,-0.1219512224197387,0.5945122241973877,0.045731708407402,-0.0357666015625,-0.107666015625,1.0057373046875,0.0,-0.0762195140123367,-0.4420731663703918,0.02978515625,-0.006103515625,1.0244140625,0.4115853607654571,0.2591463327407837,-0.0304878056049346,0.9999990463256836,-0.0007205111323855,0.0012153033167123,-1.5328403435432847e-08,0.9999443292617798,0.0035303682088851,-0.0099466694518923,1.5265911770256937e-06,0.9999794960021972,-0.0040251198224723,-0.0049856980331242,7.213249375581654e-08
1900-01-01 11:21:07.436541,-0.0284423828125,-0.0650634765625,-0.9976806640625,0.2591463327407837,0.6097561120986938,-0.1829268336296081,-0.0357666015625,-0.107666015625,1.0057373046875,0.0,-0.0762195140123367,-0.4420731663703918,0.02978515625,-0.006103515625,1.0244140625,0.4115853607654571,0.2591463327407837,-0.0304878056049346,0.9999990463256836,-0.0007205111323855,0.0012153033167123,-1.5328403435432847e-08,0.9999443292617798,0.0035303682088851,-0.0099466694518923,1.5265911770256937e-06,0.9999794960021972,-0.0040251198224723,-0.0049856980331242,7.213249375581654e-08
1900-01-01 11:21:07.444402,-0.029296875,-0.064453125,-0.9949951171875,-0.0304878056049346,0.2591463327407837,-0.0304878056049346,-0.0357666015625,-0.107666015625,1.0057373046875,0.0,-0.0762195140123367,-0.4420731663703918,0.030517578125,-0.0059814453125,1.028564453125,0.4878048896789551,0.1981707364320755,0.3048780560493469,0.9999990463256836,-0.0007205111323855,0.0012153033167123,-1.5328403435432847e-08,0.9999443292617798,0.0035303682088851,-0.0099466694518923,1.5265911770256937e-06,0.9999794960021972,-0.0040251198224723,-0.0049856980331242,7.213249375581654e-08
1900-01-01 11:21:07.461325,-0.0281982421875,-0.061279296875,-0.99365234375,0.2134146392345428,0.5792682766914368,-0.0609756112098693,-0.0308837890625,-0.1087646484375,1.0074462890625,0.3658536672592163,0.6707317233085632,-0.1067073196172714,0.031982421875,-0.0059814453125,1.02880859375,0.5030487775802612,0.3353658616542816,0.091463416814804,0.9999990463256836,-0.0007205111323855,0.0012153033167123,-1.5328403435432847e-08,0.9999443292617798,0.0035303682088851,-0.0099466694518923,1.5265911770256937e-06,0.9999794960021972,-0.0040251198224723,-0.0049856980331242,7.213249375581654e-08
1900-01-01 11:21:07.470474,-0.0263671875,-0.0618896484375,-0.9940185546875,0.4420731663703918,0.3048780560493469,0.1067073196172714,-0.03369140625,-0.1082763671875,1.0030517578125,0.3201219439506531,-0.5487805008888245,0.0,0.0299072265625,-0.007080078125,1.025146484375,0.5030487775802612,0.1829268336296081,0.1676829308271408,0.9999990463256836,-0.0007205111323855,0.0012153033167123,-1.5328403435432847e-08,0.9999443292617798,0.0035303682088851,-0.0099466694518923,1.5265911770256937e-06,0.9999794960021972,-0.0040251198224723,-0.0049856980331242,7.213249375581654e-08
1900-01-01 11:21:07.479382,-0.02685546875,-0.0631103515625,-0.99755859375,-0.3201219439506531,0.4268292784690857,-0.1067073196172714,-0.0301513671875,-0.109375,1.0091552734375,0.1219512224197387,-0.6097561120986938,-0.1371951252222061,0.0308837890625,-0.0079345703125,1.0269775390625,0.5792682766914368,0.4420731663703918,0.2134146392345428,0.9999990463256836,-0.0007205111323855,0.0012153033167123,-1.5328403435432847e-08,0.9999443292617798,0.0035303682088851,-0.0099466694518923,1.5265911770256937e-06,0.9999794960021972,-0.0040251198224723,-0.0049856980331242,7.213249375581654e-08
1900-01-01 11:21:07.486437,-0.0296630859375,-0.063720703125,-0.9942626953125,0.0762195140123367,0.5640243887901306,0.0762195140123367,-0.0318603515625,-0.1103515625,1.010498046875,0.1219512224197387,-0.6097561120986938,-0.1371951252222061,0.0308837890625,-0.0079345703125,1.0269775390625,0.5792682766914368,0.4420731663703918,0.2134146392345428,0.9999990463256836,-0.0007205111323855,0.0012153033167123,-1.5328403435432847e-08,0.9999443292617798,0.0035303682088851,-0.0099466694518923,1.5265911770256937e-06,0.9999794960021972,-0.0040251198224723,-0.0049856980331242,7.213249375581654e-08
1900-01-01 11:21:07.505521,-0.0281982421875,-0.0638427734375,-0.9959716796875,0.1067073196172714,0.5792682766914368,-0.1981707364320755,-0.0340576171875,-0.10888671875,1.0054931640625,0.3658536672592163,0.1981707364320755,-0.2439024448394775,0.030517578125,-0.007080078125,1.027099609375,0.5335366129875183,0.5945122241973877,0.2439024448394775,0.9999990463256836,-0.0007205111323855,0.0012153033167123,-1.5328403435432847e-08,0.9999443292617798,0.0035303682088851,-0.0099466694518923,1.5265911770256937e-06,0.9999794960021972,-0.0040251198224723,-0.0049856980331242,7.213249375581654e-08
1900-01-01 11:21:07.505814,-0.0277099609375,-0.0653076171875,-0.99609375,0.2896341383457184,0.4268292784690857,0.0304878056049346,-0.0340576171875,-0.10888671875,1.0054931640625,0.3658536672592163,0.1981707364320755,-0.2439024448394775,0.030517578125,-0.007080078125,1.027099609375,0.5335366129875183,0.5945122241973877,0.2439024448394775,0.9999990463256836,-0.0007205111323855,0.0012153033167123,-1.5328403435432847e-08,0.9999443292617798,0.0035303682088851,-0.0099466694518923,1.5265911770256937e-06,0.9999794960021972,-0.0040251198224723,-0.0049856980331242,7.213249375581654e-08
1900-01-01 11:21:07.514566,-0.02880859375,-0.0654296875,-0.9979248046875,0.1676829308271408,0.4878048896789551,-0.0152439028024673,-0.034912109375,-0.1090087890625,1.005859375,0.1829268336296081,-0.7469512224197388,-0.2439024448394775,0.0302734375,-0.0072021484375,1.0277099609375,0.4573170840740204,0.3810975551605224,0.0152439028024673,0.9999990463256836,-0.0007205111323855,0.0012153033167123,-1.5328403435432847e-08,0.9999443292617798,0.0035303682088851,-0.0099466694518923,1.5265911770256937e-06,0.9999794960021972,-0.0040251198224723,-0.0049856980331242,7.213249375581654e-08
1900-01-01 11:21:07.572779,-0.027587890625,-0.0643310546875,-0.9945068359375,0.1067073196172714,0.4725609719753265,-0.0762195140123367,-0.031982421875,-0.1080322265625,1.01025390625,0.2286585420370102,-0.2743902504444122,-0.0304878056049346,0.0299072265625,-0.00634765625,1.026123046875,0.5640243887901306,0.2439024448394775,0.1371951252222061,0.9999990463256836,-0.0007205111323855,0.0012153033167123,-1.5328403435432847e-08,0.9999443292617798,0.0035303682088851,-0.0099466694518923,1.5265911770256937e-06,0.9999794960021972,-0.0040251198224723,-0.0049856980331242,7.213249375581654e-08
1900-01-01 11:21:07.603310,-0.028564453125,-0.0643310546875,-0.993408203125,0.3048780560493469,0.2743902504444122,0.1829268336296081,-0.031982421875,-0.1080322265625,1.01025390625,0.2286585420370102,-0.2743902504444122,-0.0304878056049346,0.03125,-0.0067138671875,1.0247802734375,0.5182926654815674,0.3353658616542816,-0.1524390280246734,0.9999990463256836,-0.0007205111323855,0.0012153033167123,-1.5328403435432847e-08,0.9999443292617798,0.0035303682088851,-0.0099466694518923,1.5265911770256937e-06,0.9999794960021972,-0.0040251198224723,-0.0049856980331242,7.213249375581654e-08
1900-01-01 11:21:07.646115,-0.02783203125,-0.06396484375,-0.995849609375,0.0304878056049346,0.6554878354072571,0.091463416814804,-0.0350341796875,-0.109130859375,1.005126953125,0.0762195140123367,0.6859756112098694,-0.045731708407402,0.029541015625,-0.0069580078125,1.0284423828125,0.6097561120986938,0.1219512224197387,0.2896341383457184,0.9999990463256836,-0.0007205111323855,0.0012153033167123,-1.5328403435432847e-08,0.9999443292617798,0.0035303682088851,-0.0099466694518923,1.5265911770256937e-06,0.9999794960021972,-0.0040251198224723,-0.0049856980331242,7.213249375581654e-08
1900-01-01 11:21:07.688317,-0.0279541015625,-0.0650634765625,-0.997802734375,0.0762195140123367,0.4420731663703918,0.0,-0.0350341796875,-0.109130859375,1.005126953125,0.5792682766914368,-0.3201219439506531,-0.0609756112098693,0.0301513671875,-0.00830078125,1.027587890625,0.4115853607654571,0.3048780560493469,0.1067073196172714,0.9999990463256836,-0.0007205111323855,0.0012153033167123,-1.5328403435432847e-08,0.9999443292617798,0.0035303682088851,-0.0099466694518923,1.5265911770256937e-06,0.9999794960021972,-0.0040251198224723,-0.0049856980331242,7.213249375581654e-08
1900-01-01 11:21:07.689118,-0.02880859375,-0.066162109375,-0.99658203125,0.1524390280246734,0.5640243887901306,0.0,-0.0347900390625,-0.108642578125,1.0069580078125,0.5792682766914368,-0.3201219439506531,-0.0609756112098693,0.0301513671875,-0.00830078125,1.027587890625,0.4878048896789551,0.4268292784690857,0.0609756112098693,0.9999990463256836,-0.0007205111323855,0.0012153033167123,-1.5328403435432847e-08,0.9999443292617798,0.0035303682088851,-0.0099466694518923,1.5265911770256937e-06,0.9999794960021972,-0.0040251198224723,-0.0049856980331242,7.213249375581654e-08
1900-01-01 11:21:07.689194,-0.0279541015625,-0.06640625,-0.9951171875,-0.2591463327407837,0.5640243887901306,-0.3353658616542816,-0.0347900390625,-0.108642578125,1.0069580078125,0.5792682766914368,-0.3201219439506531,-0.0609756112098693,0.0301513671875,-0.00830078125,1.027587890625,0.4878048896789551,0.4268292784690857,0.0609756112098693,0.9999990463256836,-0.0007205111323855,0.0012153033167123,-1.5328403435432847e-08,0.9999443292617798,0.0035303682088851,-0.0099466694518923,1.5265911770256937e-06,0.9999794960021972,-0.0040251198224723,-0.0049856980331242,7.213249375581654e-08
1900-01-01 11:21:07.710587,-0.0279541015625,-0.0635986328125,-0.997314453125,0.2439024448394775,0.4115853607654571,0.1067073196172714,-0.0347900390625,-0.108642578125,1.0069580078125,0.5792682766914368,-0.3201219439506531,-0.0609756112098693,0.03076171875,-0.0067138671875,1.026611328125,0.396341472864151,0.2743902504444122,0.0762195140123367,0.9999990463256836,-0.0007205111323855,0.0012153033167123,-1.5328403435432847e-08,0.9999443292617798,0.0035303682088851,-0.0099466694518923,1.5265911770256937e-06,0.9999794960021972,-0.0040251198224723,-0.0049856980331242,7.213249375581654e-08
1900-01-01 11:21:07.757430,-0.02880859375,-0.0640869140625,-0.99755859375,0.0,0.396341472864151,-0.1829268336296081,-0.0347900390625,-0.108642578125,1.0069580078125,0.4573170840740204,-0.7621951103210449,-0.1067073196172714,0.030517578125,-0.0067138671875,1.0238037109375,0.4115853607654571,0.2591463327407837,0.1067073196172714,0.9999990463256836,-0.0007205111323855,0.0012153033167123,-1.5328403435432847e-08,0.9999443292617798,0.0035303682088851,-0.0099466694518923,1.5265911770256937e-06,0.9999794960021972,-0.0040251198224723,-0.0049856980331242,7.213249375581654e-08
1900-01-01 11:21:07.810151,-0.030517578125,-0.0657958984375,-0.9942626953125,0.045731708407402,0.5945122241973877,0.091463416814804,-0.0323486328125,-0.1068115234375,1.0120849609375,0.2286585420370102,0.1676829308271408,-0.0304878056049346,0.0306396484375,-0.0079345703125,1.026611328125,0.3353658616542816,0.091463416814804,-0.1219512224197387,0.9999990463256836,-0.0007205111323855,0.0012153033167123,-1.5328403435432847e-08,0.9999443292617798,0.0035303682088851,-0.0099466694518923,1.5265911770256937e-06,0.9999794960021972,-0.0040251198224723,-0.0049856980331242,7.213249375581654e-08
1900-01-01 11:21:07.851990,-0.03076171875,-0.06494140625,-0.993896484375,0.045731708407402,0.4268292784690857,-0.0152439028024673,-0.0321044921875,-0.108642578125,1.009033203125,0.2286585420370102,0.1676829308271408,-0.0304878056049346,0.0311279296875,-0.00634765625,1.02880859375,0.4878048896789551,0.1067073196172714,0.1524390280246734,0.9999990463256836,-0.0007205111323855,0.0012153033167123,-1.5328403435432847e-08,0.9999443292617798,0.0035303682088851,-0.0099466694518923,1.5265911770256937e-06,0.9999794960021972,-0.0040251198224723,-0.0049856980331242,7.213249375581654e-08
1900-01-01 11:21:07.884212,-0.030517578125,-0.06396484375,-0.99609375,0.1981707364320755,0.5487805008888245,0.0762195140123367,-0.0347900390625,-0.108642578125,1.0045166015625,0.091463416814804,0.5792682766914368,0.0304878056049346,0.0311279296875,-0.00634765625,1.02880859375,0.2286585420370102,0.3506097495555877,0.0609756112098693,0.9999990463256836,-0.0007205111323855,0.0012153033167123,-1.5328403435432847e-08,0.9999443292617798,0.0035303682088851,-0.0099466694518923,1.5265911770256937e-06,0.9999794960021972,-0.0040251198224723,-0.0049856980331242,7.213249375581654e-08
1900-01-01 11:21:07.889851,-0.0286865234375,-0.0628662109375,-0.9957275390625,-0.0762195140123367,0.3048780560493469,0.0152439028024673,-0.0347900390625,-0.108642578125,1.0045166015625,0.091463416814804,0.5792682766914368,0.0304878056049346,0.033935546875,-0.0079345703125,1.0289306640625,0.2286585420370102,0.3506097495555877,0.0609756112098693,0.9999990463256836,-0.0007205111323855,0.0012153033167123,-1.5328403435432847e-08,0.9999443292617798,0.0035303682088851,-0.0099466694518923,1.5265911770256937e-06,0.9999794960021972,-0.0040251198224723,-0.0049856980331242,7.213249375581654e-08
1900-01-01 11:21:07.901386,-0.027099609375,-0.065673828125,-0.9981689453125,0.091463416814804,0.5640243887901306,-0.1371951252222061,-0.0347900390625,-0.108642578125,1.0045166015625,0.4725609719753265,-0.5487805008888245,-0.0152439028024673,0.0321044921875,-0.009521484375,1.0313720703125,0.6707317233085632,0.2896341383457184,0.3201219439506531,0.9999990463256836,-0.0007205111323855,0.0012153033167123,-1.5328403435432847e-08,0.9999443292617798,0.0035303682088851,-0.0099466694518923,1.5265911770256937e-06,0.9999794960021972,-0.0040251198224723,-0.0049856980331242,7.213249375581654e-08
1900-01-01 11:21:07.923672,-0.0283203125,-0.0672607421875,-0.9993896484375,0.1219512224197387,0.5487805008888245,0.045731708407402,-0.0325927734375,-0.1072998046875,1.0079345703125,0.4725609719753265,-0.5487805008888245,-0.0152439028024673,0.0325927734375,-0.0089111328125,1.0269775390625,0.5640243887901306,0.2896341383457184,0.2743902504444122,0.9999990463256836,-0.0007205111323855,0.0012153033167123,-1.5328403435432847e-08,0.9999443292617798,0.0035303682088851,-0.0099466694518923,1.5265911770256937e-06,0.9999794960021972,-0.0040251198224723,-0.0049856980331242,7.213249375581654e-08
1900-01-01 11:21:07.924601,-0.029052734375,-0.0677490234375,-0.9962158203125,-0.0609756112098693,0.8689024448394775,-0.0762195140123367,-0.03271484375,-0.1072998046875,1.0106201171875,0.2134146392345428,0.2896341383457184,-0.1524390280246734,0.0328369140625,-0.00634765625,1.02587890625,0.6554878354072571,0.4420731663703918,0.1067073196172714,0.9999990463256836,-0.0007205111323855,0.0012153033167123,-1.5328403435432847e-08,0.9999443292617798,0.0035303682088851,-0.0099466694518923,1.5265911770256937e-06,0.9999794960021972,-0.0040251198224723,-0.0049856980331242,7.213249375581654e-08
1900-01-01 11:21:07.925273,-0.02587890625,-0.06689453125,-0.9967041015625,-0.1219512224197387,0.5182926654815674,0.0152439028024673,-0.0338134765625,-0.1085205078125,1.0076904296875,0.3658536672592163,0.5792682766914368,-0.1371951252222061,0.0328369140625,-0.00634765625,1.02587890625,0.6554878354072571,0.4420731663703918,0.1067073196172714,0.9999990463256836,-0.0007205111323855,0.0012153033167123,-1.5328403435432847e-08,0.9999443292617798,0.0035303682088851,-0.0099466694518923,1.5265911770256937e-06,0.9999794960021972,-0.0040251198224723,-0.0049856980331242,7.213249375581654e-08
1900-01-01 11:21:07.926139,-0.0264892578125,-0.0665283203125,-1.0009765625,-0.1219512224197387,0.4268292784690857,-0.0762195140123367,-0.03466796875,-0.109619140625,1.0047607421875,0.0762195140123367,-0.4115853607654571,-0.1676829308271408,0.0311279296875,-0.0059814453125,1.025146484375,0.5640243887901306,0.2896341383457184,0.0762195140123367,0.9999990463256836,-0.0007205111323855,0.0012153033167123,-1.5328403435432847e-08,0.9999443292617798,0.0035303682088851,-0.0099466694518923,1.5265911770256937e-06,0.9999794960021972,-0.0040251198224723,-0.0049856980331242,7.213249375581654e-08
1900-01-01 11:21:07.928429,-0.025634765625,-0.06591796875,-0.9959716796875,0.2896341383457184,0.5640243887901306,0.2743902504444122,-0.03466796875,-0.109619140625,1.0047607421875,0.0762195140123367,-0.4115853607654571,-0.1676829308271408,0.0299072265625,-0.0047607421875,1.0245361328125,0.5640243887901306,0.2896341383457184,0.0762195140123367,0.9999990463256836,-0.0007205111323855,0.0012153033167123,-1.5328403435432847e-08,0.9999443292617798,0.0035303682088851,-0.0099466694518923,1.5265911770256937e-06,0.9999794960021972,-0.0040251198224723,-0.0049856980331242,7.213249375581654e-08
1900-01-01 11:21:07.929074,-0.02734375,-0.0625,-0.9954833984375,0.1829268336296081,0.4420731663703918,-0.1067073196172714,-0.0301513671875,-0.1090087890625,1.0093994140625,0.1829268336296081,-0.1219512224197387,-0.0152439028024673,0.0299072265625,-0.0047607421875,1.0245361328125,0.4573170840740204,0.3201219439506531,0.3201219439506531,0.9999990463256836,-0.0007205111323855,0.0012153033167123,-1.5328403435432847e-08,0.9999443292617798,0.0035303682088851,-0.0099466694518923,1.5265911770256937e-06,0.9999794960021972,-0.0040251198224723,-0.0049856980331242,7.213249375581654e-08
1900-01-01 11:21:07.930278,-0.0289306640625,-0.0660400390625,-0.99658203125,0.2286585420370102,0.5792682766914368,-0.0152439028024673,-0.0301513671875,-0.1090087890625,1.0093994140625,0.2743902504444122,0.2439024448394775,-0.1829268336296081,0.029296875,-0.0052490234375,1.0225830078125,0.4573170840740204,0.3201219439506531,0.3201219439506531,0.9999990463256836,-0.0007205111323855,0.0012153033167123,-1.5328403435432847e-08,0.9999441504478456,0.0035882778465747,-0.0099466694518923,2.102631242451025e-06,0.9999794960021972,-0.0040251198224723,-0.0049856980331242,7.213249375581654e-08
1900-01-01 11:21:07.931131,-0.0306396484375,-0.0667724609375,-0.99462890625,0.1371951252222061,0.6097561120986938,0.0152439028024673,-0.0333251953125,-0.1087646484375,1.0084228515625,0.0609756112098693,0.3506097495555877,-0.2743902504444122,0.029296875,-0.0052490234375,1.0225830078125,0.396341472864151,0.3048780560493469,0.1371951252222061,0.9999990463256836,-0.0007205111323855,0.0012153033167123,-1.5328403435432847e-08,0.9999441504478456,0.0035882778465747,-0.0099466694518923,2.102631242451025e-06,0.9999794960021972,-0.0040251198224723,-0.0049856980331242,7.213249375581654e-08
1900-01-01 11:21:07.932272,-0.0301513671875,-0.065673828125,-0.9951171875,-0.1829268336296081,0.8231707215309143,-0.1676829308271408,-0.0330810546875,-0.1063232421875,1.0098876953125,0.2743902504444122,-0.7621951103210449,-0.1524390280246734,0.03125,-0.0059814453125,1.0272216796875,0.4115853607654571,0.2439024448394775,0.0762195140123367,0.9999990463256836,-0.0007205111323855,0.0012153033167123,-1.5328403435432847e-08,0.9999441504478456,0.0035882778465747,-0.0099466694518923,2.102631242451025e-06,0.9999794960021972,-0.0040251198224723,-0.0049856980331242,7.213249375581654e-08
1900-01-01 11:21:07.932570,-0.0294189453125,-0.0615234375,-0.9959716796875,0.0304878056049346,0.4420731663703918,0.0304878056049346,-0.0338134765625,-0.1058349609375,1.00927734375,0.0762195140123367,0.8231707215309143,0.0,0.030517578125,-0.007080078125,1.0289306640625,0.5335366129875183,0.2743902504444122,0.2286585420370102,0.9999990463256836,-0.0007205111323855,0.0012153033167123,-1.5328403435432847e-08,0.9999441504478456,0.0035882778465747,-0.0099466694518923,2.102631242451025e-06,0.9999794960021972,-0.0040251198224723,-0.0049856980331242,7.213249375581654e-08
1900-01-01 11:21:07.932800,-0.0284423828125,-0.0616455078125,-0.9940185546875,0.0609756112098693,0.7469512224197388,0.0609756112098693,-0.03564453125,-0.1058349609375,1.0067138671875,0.0762195140123367,0.8231707215309143,0.0,0.0325927734375,-0.0089111328125,1.0257568359375,0.5640243887901306,0.1981707364320755,0.2896341383457184,0.9999990463256836,-0.0007205111323855,0.0012153033167123,-1.5328403435432847e-08,0.9999441504478456,0.0035882778465747,-0.0099466694518923,2.102631242451025e-06,0.9999794960021972,-0.0040251198224723,-0.0049856980331242,7.213249375581654e-08
1900-01-01 11:21:07.933122,-0.0274658203125,-0.0623779296875,-0.993896484375,0.1676829308271408,0.5030487775802612,0.1524390280246734,-0.03564453125,-0.1058349609375,1.0067138671875,0.6859756112098694,-0.3201219439506531,0.0609756112098693,0.0323486328125,-0.0091552734375,1.02880859375,0.3353658616542816,0.0609756112098693,0.045731708407402,0.9999990463256836,-0.0007205111323855,0.0012153033167123,-1.5328403435432847e-08,0.9999441504478456,0.0035882778465747,-0.0099466694518923,2.102631242451025e-06,0.9999794960021972,-0.0040251198224723,-0.0049856980331242,7.213249375581654e-08
1900-01-01 11:21:07.933618,-0.03076171875,-0.0645751953125,-0.9945068359375,0.1676829308271408,0.5030487775802612,-0.1067073196172714,-0.034423828125,-0.105712890625,1.009033203125,0.6859756112098694,-0.3201219439506531,0.0609756112098693,0.031005859375,-0.0086669921875,1.029052734375,0.3810975551605224,0.2743902504444122,0.1676829308271408,0.9999990463256836,-0.0007205111323855,0.0012153033167123,-1.5328403435432847e-08,0.9999441504478456,0.0035882778465747,-0.0099466694518923,2.102631242451025e-06,0.9999794960021972,-0.0040251198224723,-0.0049856980331242,7.213249375581654e-08
1900-01-01 11:21:07.933893,-0.027099609375,-0.0665283203125,-0.9970703125,0.2134146392345428,0.2134146392345428,0.1676829308271408,-0.03125,-0.1082763671875,1.0091552734375,0.0304878056049346,-0.3201219439506531,0.1067073196172714,0.03173828125,-0.0084228515625,1.025634765625,0.6402438879013062,0.2134146392345428,0.1676829308271408,0.9999990463256836,-0.0007205111323855,0.0012153033167123,-1.5328403435432847e-08,0.9999441504478456,0.0035882778465747,-0.0099466694518923,2.102631242451025e-06,0.9999794960021972,-0.0040251198224723,-0.0049856980331242,7.213249375581654e-08
1900-01-01 11:21:07.934073,-0.0267333984375,-0.066162109375,-0.9976806640625,-0.2286585420370102,0.5335366129875183,-0.0304878056049346,-0.03125,-0.1082763671875,1.0091552734375,0.0304878056049346,-0.3201219439506531,0.1067073196172714,0.0306396484375,-0.0081787109375,1.0269775390625,0.6402438879013062,0.2134146392345428,0.1676829308271408,0.9999990463256836,-0.0007205111323855,0.0012153033167123,-1.5328403435432847e-08,0.9999441504478456,0.0035882778465747,-0.0099466694518923,2.102631242451025e-06,0.9999794960021972,-0.0040251198224723,-0.0049856980331242,7.213249375581654e-08
1900-01-01 11:21:07.934358,-0.029052734375,-0.069091796875,-0.9964599609375,0.0762195140123367,0.6097561120986938,0.0762195140123367,-0.0347900390625,-0.107666015625,1.00732421875,0.1371951252222061,0.3506097495555877,-0.091463416814804,0.0299072265625,-0.00634765625,1.0284423828125,0.5335366129875183,0.1676829308271408,0.045731708407402,0.9999990463256836,-0.0007205111323855,0.0012153033167123,-1.5328403435432847e-08,0.9999441504478456,0.0035882778465747,-0.0099466694518923,2.102631242451025e-06,0.9999794960021972,-0.0040251198224723,-0.0049856980331242,7.213249375581654e-08
1900-01-01 11:21:07.934534,-0.026123046875,-0.066650390625,-0.9959716796875,0.1981707364320755,0.7774390578269958,0.0762195140123367,-0.035888671875,-0.107177734375,1.007080078125,0.1371951252222061,-0.045731708407402,-0.2134146392345428,0.0299072265625,-0.00634765625,1.0284423828125,0.5335366129875183,0.1676829308271408,0.045731708407402,0.9999990463256836,-0.0007205111323855,0.0012153033167123,-1.5328403435432847e-08,0.9999441504478456,0.0035882778465747,-0.0099466694518923,2.102631242451025e-06,0.9999794960021972,-0.0040251198224723,-0.0049856980331242,7.213249375581654e-08
1900-01-01 11:21:07.934693,-0.02587890625,-0.06494140625,-0.9970703125,0.2286585420370102,0.5945122241973877,0.0762195140123367,-0.0347900390625,-0.10888671875,1.0084228515625,0.1371951252222061,-0.045731708407402,-0.2134146392345428,0.0299072265625,-0.00634765625,1.0284423828125,0.5030487775802612,0.2896341383457184,0.091463416814804,0.9999990463256836,-0.0007205111323855,0.0012153033167123,-1.5328403435432847e-08,0.9999441504478456,0.0035882778465747,-0.0099466694518923,2.102631242451025e-06,0.9999794960021972,-0.0040251198224723,-0.0049856980331242,7.213249375581654e-08
1900-01-01 11:21:07.934874,-0.026611328125,-0.065185546875,-0.9957275390625,-0.0609756112098693,0.7012194991111755,-0.2591463327407837,-0.0347900390625,-0.10888671875,1.0084228515625,0.1371951252222061,-0.045731708407402,-0.2134146392345428,0.0325927734375,-0.00537109375,1.0294189453125,0.3810975551605224,0.4420731663703918,0.1676829308271408,0.9999990463256836,-0.0007205111323855,0.0012153033167123,-1.5328403435432847e-08,0.9999441504478456,0.0035882778465747,-0.0099466694518923,2.102631242451025e-06,0.9999794960021972,-0.0040251198224723,-0.0049856980331242,7.213249375581654e-08
1900-01-01 11:21:07.935152,-0.027587890625,-0.0633544921875,-0.995361328125,0.2896341383457184,0.5335366129875183,0.2743902504444122,-0.032470703125,-0.111328125,1.0068359375,0.1829268336296081,0.045731708407402,0.1067073196172714,0.03076171875,-0.0054931640625,1.0255126953125,0.7012194991111755,0.4420731663703918,0.3048780560493469,0.9999990463256836,-0.0007205111323855,0.0012153033167123,-1.5328403435432847e-08,0.9999441504478456,0.0035882778465747,-0.0099466694518923,2.102631242451025e-06,0.9999794960021972,-0.0040251198224723,-0.0049856980331242,7.213249375581654e-08
1900-01-01 11:21:07.935438,-0.0294189453125,-0.064208984375,-0.9984130859375,0.0,0.625,0.0762195140123367,-0.031494140625,-0.11181640625,1.00390625,0.1524390280246734,0.0609756112098693,-0.3201219439506531,0.0302734375,-0.0048828125,1.0279541015625,0.6097561120986938,0.2591463327407837,0.045731708407402,0.9999990463256836,-0.0007205111323855,0.0012153033167123,-1.5328403435432847e-08,0.9999441504478456,0.0035882778465747,-0.0099466694518923,2.102631242451025e-06,0.9999794960021972,-0.0040251198224723,-0.0049856980331242,7.213249375581654e-08
1900-01-01 11:21:07.936006,-0.0283203125,-0.0655517578125,-0.993896484375,0.0609756112098693,0.2896341383457184,0.0609756112098693,-0.0343017578125,-0.10888671875,1.0078125,0.0762195140123367,-0.0152439028024673,-0.3810975551605224,0.03173828125,-0.0079345703125,1.029296875,0.4573170840740204,-0.0152439028024673,0.091463416814804,0.9999990463256836,-0.0007205111323855,0.0012153033167123,-1.5328403435432847e-08,0.9999441504478456,0.0035882778465747,-0.0099466694518923,2.102631242451025e-06,0.9999794960021972,-0.0040251198224723,-0.0049856980331242,7.213249375581654e-08
1900-01-01 11:21:07.936113,-0.0284423828125,-0.0653076171875,-0.9940185546875,0.2896341383457184,0.1676829308271408,0.1219512224197387,-0.0343017578125,-0.10888671875,1.0078125,0.4268292784690857,-0.091463416814804,-0.1981707364320755,0.03173828125,-0.0079345703125,1.029296875,0.4573170840740204,-0.0152439028024673,0.091463416814804,0.9999990463256836,-0.0007205111323855,0.0012153033167123,-1.5328403435432847e-08,0.9999441504478456,0.0035882778465747,-0.0099466694518923,2.102631242451025e-06,0.9999794960021972,-0.0040251198224723,-0.0049856980331242,7.213249375581654e-08
1900-01-01 11:21:07.936251,-0.0301513671875,-0.063232421875,-0.99658203125,0.0304878056049346,0.2286585420370102,0.0762195140123367,-0.0333251953125,-0.1063232421875,1.0093994140625,0.091463416814804,0.2591463327407837,-0.1067073196172714,0.03173828125,-0.0079345703125,1.029296875,0.4573170840740204,-0.0152439028024673,0.091463416814804,0.9999990463256836,-0.0007205111323855,0.0012153033167123,-1.5328403435432847e-08,0.9999441504478456,0.0035882778465747,-0.0099466694518923,2.102631242451025e-06,0.9999794960021972,-0.0040251198224723,-0.0049856980331242,7.213249375581654e-08
1900-01-01 11:21:07.936415,-0.0302734375,-0.061279296875,-0.9974365234375,0.2439024448394775,0.4268292784690857,0.0152439028024673,-0.0343017578125,-0.1055908203125,1.0093994140625,0.091463416814804,0.2591463327407837,-0.1067073196172714,0.0321044921875,-0.009765625,1.027587890625,0.4268292784690857,0.1829268336296081,0.1219512224197387,0.9999990463256836,-0.0007205111323855,0.0012153033167123,-1.5328403435432847e-08,0.9999441504478456,0.0035882778465747,-0.0099466694518923,2.102631242451025e-06,0.9999794960021972,-0.0040251198224723,-0.0049856980331242,7.213249375581654e-08
1900-01-01 11:21:07.936523,-0.029296875,-0.064453125,-0.9937744140625,0.091463416814804,0.7774390578269958,-0.045731708407402,-0.0343017578125,-0.1055908203125,1.0093994140625,0.1829268336296081,0.091463416814804,0.0609756112098693,0.0321044921875,-0.009765625,1.027587890625,0.4268292784690857,0.1829268336296081,0.1219512224197387,0.9999990463256836,-0.0007205111323855,0.0012153033167123,-1.5328403435432847e-08,0.9999441504478456,0.0035882778465747,-0.0099466694518923,2.102631242451025e-06,0.9999794960021972,-0.0040251198224723,-0.0049856980331242,7.213249375581654e-08
1900-01-01 11:21:07.936631,-0.029541015625,-0.0638427734375,-0.9969482421875,0.045731708407402,0.5640243887901306,-0.045731708407402,-0.033447265625,-0.10595703125,1.0096435546875,0.1829268336296081,0.091463416814804,0.0609756112098693,0.0321044921875,-0.009765625,1.027587890625,0.4268292784690857,0.1829268336296081,0.1219512224197387,0.9999990463256836,-0.0007205111323855,0.0012153033167123,-1.5328403435432847e-08,0.9999441504478456,0.0035882778465747,-0.0099466694518923,2.102631242451025e-06,0.9999794960021972,-0.0040251198224723,-0.0049856980331242,7.213249375581654e-08
1900-01-01 11:21:07.936758,-0.028076171875,-0.0650634765625,-0.9971923828125,0.1371951252222061,0.6554878354072571,0.1676829308271408,-0.033447265625,-0.106689453125,1.0089111328125,0.1219512224197387,-0.045731708407402,-0.0609756112098693,0.0321044921875,-0.009765625,1.027587890625,0.4268292784690857,0.1829268336296081,0.1219512224197387,0.9999990463256836,-0.0007205111323855,0.0012153033167123,-1.5328403435432847e-08,0.9999441504478456,0.0035882778465747,-0.0099466694518923,2.102631242451025e-06,0.9999794960021972,-0.0040251198224723,-0.0049856980331242,7.213249375581654e-08
1900-01-01 11:21:07.936925,-0.026123046875,-0.0672607421875,-0.998291015625,0.3048780560493469,0.5030487775802612,0.0762195140123367,-0.0338134765625,-0.108154296875,1.0081787109375,0.0304878056049346,0.0152439028024673,0.0762195140123367,0.0321044921875,-0.009765625,1.027587890625,0.4268292784690857,0.1829268336296081,0.1219512224197387,0.9999990463256836,-0.0007205111323855,0.0012153033167123,-1.5328403435432847e-08,0.9999441504478456,0.0035882778465747,-0.0099466694518923,2.102631242451025e-06,0.9999794960021972,-0.0040251198224723,-0.0049856980331242,7.213249375581654e-08
1900-01-01 11:21:07.943422,-0.025146484375,-0.06787109375,-0.9970703125,0.2286585420370102,0.5182926654815674,0.0609756112098693,-0.0323486328125,-0.107421875,1.0103759765625,0.1981707364320755,-0.2286585420370102,-0.2439024448394775,0.0321044921875,-0.009765625,1.027587890625,0.4268292784690857,0.1829268336296081,0.1219512224197387,0.9999990463256836,-0.0007205111323855,0.0012153033167123,-1.5328403435432847e-08,0.9999441504478456,0.0035882778465747,-0.0099466694518923,2.102631242451025e-06,0.9999794960021972,-0.0040251198224723,-0.0049856980331242,7.213249375581654e-08
1900-01-01 11:21:07.961393,-0.02734375,-0.0672607421875,-0.9952392578125,0.0152439028024673,0.4573170840740204,-0.1524390280246734,-0.0360107421875,-0.1060791015625,1.0079345703125,0.0762195140123367,0.1219512224197387,-0.1219512224197387,0.0322265625,-0.009033203125,1.027099609375,0.4878048896789551,0.5335366129875183,-0.1676829308271408,0.9999990463256836,-0.0007205111323855,0.0012153033167123,-1.5328403435432847e-08,0.9999441504478456,0.0035882778465747,-0.0099466694518923,2.102631242451025e-06,0.9999794960021972,-0.0040251198224723,-0.0049856980331242,7.213249375581654e-08
1900-01-01 11:21:07.969421,-0.02734375,-0.0643310546875,-0.998046875,0.3201219439506531,0.5487805008888245,-0.1371951252222061,-0.0335693359375,-0.1068115234375,1.0059814453125,0.1981707364320755,-0.1067073196172714,-0.2743902504444122,0.0322265625,-0.009033203125,1.027099609375,0.4878048896789551,0.5335366129875183,-0.1676829308271408,0.9999990463256836,-0.0007205111323855,0.0012153033167123,-1.5328403435432847e-08,0.9999441504478456,0.0035882778465747,-0.0099466694518923,2.102631242451025e-06,0.9999794960021972,-0.0040251198224723,-0.0049856980331242,7.213249375581654e-08
1900-01-01 11:21:07.977295,-0.0277099609375,-0.0640869140625,-0.9979248046875,-0.0304878056049346,0.6402438879013062,0.1524390280246734,-0.031005859375,-0.1085205078125,1.0115966796875,0.3506097495555877,-0.1067073196172714,-0.0609756112098693,0.02978515625,-0.0089111328125,1.029052734375,0.5487805008888245,0.1067073196172714,0.2134146392345428,0.9999990463256836,-0.0007205111323855,0.0012153033167123,-1.5328403435432847e-08,0.9999441504478456,0.0035882778465747,-0.0099466694518923,2.102631242451025e-06,0.9999794960021972,-0.0040251198224723,-0.0049856980331242,7.213249375581654e-08
1900-01-01 11:21:07.996295,-0.029541015625,-0.0645751953125,-0.9952392578125,-0.1524390280246734,0.5640243887901306,0.0152439028024673,-0.03173828125,-0.10888671875,1.0101318359375,0.045731708407402,0.5792682766914368,-0.1676829308271408,0.03173828125,-0.0059814453125,1.024658203125,0.3506097495555877,0.1067073196172714,0.0,0.9999990463256836,-0.0007205111323855,0.0012153033167123,-1.5328403435432847e-08,0.9999441504478456,0.0035882778465747,-0.0099466694518923,2.102631242451025e-06,0.9999794960021972,-0.0040251198224723,-0.0049856980331242,7.213249375581654e-08
1900-01-01 11:21:07.996443,-0.0296630859375,-0.064697265625,-0.996826171875,-0.0304878056049346,0.5487805008888245,-0.1981707364320755,-0.03173828125,-0.10888671875,1.0101318359375,0.045731708407402,0.5792682766914368,-0.1676829308271408,0.03173828125,-0.0059814453125,1.024658203125,0.3506097495555877,0.1067073196172714,0.0,0.9999990463256836,-0.0007205111323855,0.0012153033167123,-1.5328403435432847e-08,0.9999441504478456,0.0035882778465747,-0.0099466694518923,2.102631242451025e-06,0.9999794960021972,-0.0040251198224723,-0.0049856980331242,7.213249375581654e-08
1900-01-01 11:21:08.013300,-0.02783203125,-0.0665283203125,-0.999755859375,-0.0304878056049346,0.5945122241973877,-0.0304878056049346,-0.03466796875,-0.1075439453125,1.0087890625,0.2439024448394775,-0.3810975551605224,-0.0762195140123367,0.03173828125,-0.0059814453125,1.024658203125,0.3506097495555877,0.1067073196172714,0.0,0.9999990463256836,-0.0007205111323855,0.0012153033167123,-1.5328403435432847e-08,0.9999441504478456,0.0035882778465747,-0.0099466694518923,2.102631242451025e-06,0.9999794960021972,-0.0040251198224723,-0.0049856980331242,7.213249375581654e-08
1900-01-01 11:21:08.013454,-0.029052734375,-0.0653076171875,-0.994140625,0.1371951252222061,0.4573170840740204,-0.0304878056049346,-0.03466796875,-0.1075439453125,1.0087890625,0.2439024448394775,-0.3810975551605224,-0.0762195140123367,0.03173828125,-0.0059814453125,1.024658203125,0.3506097495555877,0.1067073196172714,0.0,0.9999990463256836,-0.0007205111323855,0.0012153033167123,-1.5328403435432847e-08,0.9999441504478456,0.0035882778465747,-0.0099466694518923,2.102631242451025e-06,0.9999794960021972,-0.0040251198224723,-0.0049856980331242,7.213249375581654e-08
1900-01-01 11:21:08.030348,-0.02978515625,-0.0621337890625,-0.9915771484375,-0.2286585420370102,0.4420731663703918,-0.1524390280246734,-0.0341796875,-0.1092529296875,1.00537109375,0.091463416814804,-0.3201219439506531,-0.4573170840740204,0.0311279296875,-0.0045166015625,1.024169921875,0.8231707215309143,0.1371951252222061,0.2134146392345428,0.9999990463256836,-0.0007205111323855,0.0012153033167123,-1.5328403435432847e-08,0.9999441504478456,0.0035882778465747,-0.0099466694518923,2.102631242451025e-06,0.9999794960021972,-0.0040251198224723,-0.0049856980331242,7.213249375581654e-08
1900-01-01 11:21:08.042842,-0.030029296875,-0.063720703125,-0.99462890625,0.1524390280246734,0.5792682766914368,0.0,-0.0341796875,-0.1092529296875,1.00537109375,0.091463416814804,-0.3201219439506531,-0.4573170840740204,0.031494140625,-0.00732421875,1.0257568359375,0.8231707215309143,0.1371951252222061,0.2134146392345428,0.9999990463256836,-0.0007205111323855,0.0012153033167123,-1.5328403435432847e-08,0.9999441504478456,0.0035882778465747,-0.0099466694518923,2.102631242451025e-06,0.9999794960021972,-0.0040251198224723,-0.0049856980331242,7.213249375581654e-08
1900-01-01 11:21:08.048735,-0.028076171875,-0.06494140625,-0.996826171875,-0.0304878056049346,0.5945122241973877,0.1676829308271408,-0.034912109375,-0.1094970703125,1.0079345703125,0.091463416814804,-0.3201219439506531,-0.4573170840740204,0.031494140625,-0.00732421875,1.0257568359375,0.8231707215309143,0.1371951252222061,0.2134146392345428,0.9999990463256836,-0.0007205111323855,0.0012153033167123,-1.5328403435432847e-08,0.9999441504478456,0.0035882778465747,-0.0099466694518923,2.102631242451025e-06,0.9999794960021972,-0.0040251198224723,-0.0049856980331242,7.213249375581654e-08
1900-01-01 11:21:08.065506,-0.0283203125,-0.0643310546875,-0.9937744140625,0.2743902504444122,0.3353658616542816,0.1829268336296081,-0.034912109375,-0.1094970703125,1.0079345703125,0.1524390280246734,-0.4268292784690857,-0.0609756112098693,0.031005859375,-0.00732421875,1.0267333984375,0.396341472864151,0.2896341383457184,-0.1371951252222061,0.9999990463256836,-0.0007205111323855,0.0012153033167123,-1.5328403435432847e-08,0.9999441504478456,0.0035882778465747,-0.0099466694518923,2.102631242451025e-06,0.9999794960021972,-0.0040251198224723,-0.0049856980331242,7.213249375581654e-08
1900-01-01 11:21:08.094263,-0.02880859375,-0.0626220703125,-0.9952392578125,0.1524390280246734,0.6097561120986938,-0.045731708407402,-0.03173828125,-0.1085205078125,1.0037841796875,0.1219512224197387,0.8079268336296082,-0.1981707364320755,0.0303955078125,-0.0081787109375,1.0284423828125,0.5335366129875183,0.1981707364320755,0.1067073196172714,0.9999990463256836,-0.0007205111323855,0.0012153033167123,-1.5328403435432847e-08,0.9999441504478456,0.0035882778465747,-0.0099466694518923,2.102631242451025e-06,0.9999794960021972,-0.0040251198224723,-0.0049856980331242,7.213249375581654e-08
1900-01-01 11:21:08.104936,-0.0272216796875,-0.0635986328125,-1.0003662109375,0.2134146392345428,0.4573170840740204,-0.1067073196172714,-0.0345458984375,-0.1103515625,1.00634765625,0.1219512224197387,0.8079268336296082,-0.1981707364320755,0.03076171875,-0.0091552734375,1.0284423828125,0.4420731663703918,0.2743902504444122,0.1981707364320755,0.9999990463256836,-0.0007205111323855,0.0012153033167123,-1.5328403435432847e-08,0.9999441504478456,0.0035882778465747,-0.0099466694518923,2.102631242451025e-06,0.9999794960021972,-0.0040251198224723,-0.0049856980331242,7.213249375581654e-08
1900-01-01 11:21:08.131463,-0.02685546875,-0.0657958984375,-0.994384765625,0.0609756112098693,0.396341472864151,0.0304878056049346,-0.031494140625,-0.108154296875,1.008056640625,0.4420731663703918,0.045731708407402,-0.4725609719753265,0.03076171875,-0.0091552734375,1.0284423828125,0.4420731663703918,0.2743902504444122,0.1981707364320755,0.9999990463256836,-0.0007205111323855,0.0012153033167123,-1.5328403435432847e-08,0.9999441504478456,0.0035882778465747,-0.0099466694518923,2.102631242451025e-06,0.9999794960021972,-0.0040251198224723,-0.0049856980331242,7.213249375581654e-08
1900-01-01 11:21:08.153596,-0.0281982421875,-0.0650634765625,-0.994384765625,0.1371951252222061,0.6097561120986938,0.0304878056049346,-0.0345458984375,-0.110107421875,1.005126953125,0.2439024448394775,0.1981707364320755,-0.4420731663703918,0.03125,-0.0072021484375,1.025390625,0.4420731663703918,0.2743902504444122,0.1981707364320755,0.9999990463256836,-0.0007205111323855,0.0012153033167123,-1.5328403435432847e-08,0.9999441504478456,0.0035882778465747,-0.0099466694518923,2.102631242451025e-06,0.9999794960021972,-0.0040251198224723,-0.0049856980331242,7.213249375581654e-08
1900-01-01 11:21:08.169918,-0.029052734375,-0.062255859375,-0.99755859375,-0.0152439028024673,0.3810975551605224,0.2439024448394775,-0.031982421875,-0.10888671875,1.00830078125,0.091463416814804,0.3810975551605224,-0.0762195140123367,0.029296875,-0.00732421875,1.0230712890625,0.7317073345184326,0.2743902504444122,0.1676829308271408,0.9999990463256836,-0.0007205111323855,0.0012153033167123,-1.5328403435432847e-08,0.9999441504478456,0.0035882778465747,-0.0099466694518923,2.102631242451025e-06,0.9999794960021972,-0.0040251198224723,-0.0049856980331242,7.213249375581654e-08
1900-01-01 11:21:08.206318,-0.0257568359375,-0.0633544921875,-0.9967041015625,0.3353658616542816,0.5792682766914368,-0.1371951252222061,-0.0345458984375,-0.1090087890625,1.00732421875,0.3048780560493469,0.6859756112098694,-0.1067073196172714,0.02978515625,-0.007080078125,1.0277099609375,0.4115853607654571,0.2896341383457184,0.2896341383457184,0.9999990463256836,-0.0007205111323855,0.0012153033167123,-1.5328403435432847e-08,0.9999441504478456,0.0035882778465747,-0.0099466694518923,2.102631242451025e-06,0.9999794960021972,-0.0040251198224723,-0.0049856980331242,7.213249375581654e-08
1900-01-01 11:21:08.246542,-0.029541015625,-0.0640869140625,-0.9945068359375,0.091463416814804,0.5792682766914368,0.1067073196172714,-0.0362548828125,-0.107421875,1.009765625,0.3810975551605224,-0.1981707364320755,0.0762195140123367,0.02978515625,-0.007080078125,1.0277099609375,0.4268292784690857,0.2286585420370102,0.1676829308271408,0.9999990463256836,-0.0007205111323855,0.0012153033167123,-1.5328403435432847e-08,0.9999441504478456,0.0035882778465747,-0.0099466694518923,2.102631242451025e-06,0.9999794960021972,-0.0040251198224723,-0.0049856980331242,7.213249375581654e-08
1900-01-01 11:21:08.268387,-0.029541015625,-0.065673828125,-0.9959716796875,-0.1219512224197387,0.6554878354072571,-0.045731708407402,-0.0316162109375,-0.1083984375,1.011474609375,0.2743902504444122,-0.6554878354072571,-0.0152439028024673,0.0294189453125,-0.0072021484375,1.0267333984375,0.4878048896789551,0.3810975551605224,0.3810975551605224,0.9999990463256836,-0.0007205111323855,0.0012153033167123,-1.5328403435432847e-08,0.9999441504478456,0.0035882778465747,-0.0099466694518923,2.102631242451025e-06,0.9999794960021972,-0.0040251198224723,-0.0049856980331242,7.213249375581654e-08
1900-01-01 11:21:08.301629,-0.0283203125,-0.0684814453125,-0.9979248046875,0.1067073196172714,0.5335366129875183,0.0,-0.0316162109375,-0.1083984375,1.011474609375,0.1067073196172714,0.5030487775802612,-0.1981707364320755,0.0333251953125,-0.005859375,1.0272216796875,0.8231707215309143,0.1676829308271408,0.091463416814804,0.9999990463256836,-0.0007205111323855,0.0012153033167123,-1.5328403435432847e-08,0.9999441504478456,0.0035882778465747,-0.0099466694518923,2.102631242451025e-06,0.9999794960021972,-0.0040251198224723,-0.0049856980331242,7.213249375581654e-08
1900-01-01 11:21:08.320536,-0.0277099609375,-0.0679931640625,-0.996337890625,0.1219512224197387,0.792682945728302,-0.091463416814804,-0.0321044921875,-0.1097412109375,1.004638671875,0.1067073196172714,0.5030487775802612,-0.1981707364320755,0.0333251953125,-0.005859375,1.0272216796875,0.3506097495555877,0.2134146392345428,0.1981707364320755,0.9999990463256836,-0.0007205111323855,0.0012153033167123,-1.5328403435432847e-08,0.9999441504478456,0.0035882778465747,-0.0099466694518923,2.102631242451025e-06,0.9999794960021972,-0.0040251198224723,-0.0049856980331242,7.213249375581654e-08
1900-01-01 11:21:08.320926,-0.028076171875,-0.065673828125,-0.994140625,0.0,0.5945122241973877,-0.2286585420370102,-0.0321044921875,-0.1097412109375,1.004638671875,0.1067073196172714,0.5030487775802612,-0.1981707364320755,0.0333251953125,-0.005859375,1.0272216796875,0.3506097495555877,0.2134146392345428,0.1981707364320755,0.9999990463256836,-0.0007205111323855,0.0012153033167123,-1.5328403435432847e-08,0.9999441504478456,0.0035882778465747,-0.0099466694518923,2.102631242451025e-06,0.9999794960021972,-0.0040251198224723,-0.0049856980331242,7.213249375581654e-08
1900-01-01 11:21:08.349197,-0.028076171875,-0.060302734375,-0.992431640625,0.2286585420370102,0.6554878354072571,0.0152439028024673,-0.0338134765625,-0.1109619140625,1.0047607421875,0.3353658616542816,-0.5030487775802612,-0.3353658616542816,0.0321044921875,-0.005615234375,1.023193359375,0.4573170840740204,0.2134146392345428,0.0304878056049346,0.9999990463256836,-0.0007205111323855,0.0012153033167123,-1.5328403435432847e-08,0.9999441504478456,0.0035882778465747,-0.0099466694518923,2.102631242451025e-06,0.9999794960021972,-0.0040251198224723,-0.0049856980331242,7.213249375581654e-08
1900-01-01 11:21:08.380389,-0.028564453125,-0.0604248046875,-0.99609375,-0.1676829308271408,0.8231707215309143,-0.1524390280246734,-0.031982421875,-0.111572265625,1.0091552734375,0.3353658616542816,-0.5030487775802612,-0.3353658616542816,0.0321044921875,-0.005615234375,1.023193359375,0.4573170840740204,0.2134146392345428,0.0304878056049346,0.9999990463256836,-0.0007205111323855,0.0012153033167123,-1.5328403435432847e-08,0.9999441504478456,0.0035882778465747,-0.0099466694518923,2.102631242451025e-06,0.9999797344207764,-0.0040251198224723,-0.004932421259582,-1.423174182946241e-07
1900-01-01 11:21:08.409468,-0.0286865234375,-0.0640869140625,-0.9947509765625,-0.2134146392345428,0.5640243887901306,-0.091463416814804,-0.0369873046875,-0.1068115234375,1.008056640625,0.4115853607654571,-0.7469512224197388,-0.1524390280246734,0.0289306640625,-0.00537109375,1.0240478515625,0.7774390578269958,0.2286585420370102,0.2591463327407837,0.9999990463256836,-0.0007205111323855,0.0012153033167123,-1.5328403435432847e-08,0.9999441504478456,0.0035882778465747,-0.0099466694518923,2.102631242451025e-06,0.9999797344207764,-0.0040251198224723,-0.004932421259582,-1.423174182946241e-07
1900-01-01 11:21:08.411206,-0.029296875,-0.065185546875,-0.9937744140625,0.0304878056049346,0.5640243887901306,0.0304878056049346,-0.031005859375,-0.1058349609375,1.0120849609375,0.3048780560493469,-0.1524390280246734,-0.0762195140123367,0.03173828125,-0.0096435546875,1.0322265625,0.5640243887901306,0.3810975551605224,0.1067073196172714,0.9999990463256836,-0.0007205111323855,0.0012153033167123,-1.5328403435432847e-08,0.9999441504478456,0.0035882778465747,-0.0099466694518923,2.102631242451025e-06,0.9999797344207764,-0.0040251198224723,-0.004932421259582,-1.423174182946241e-07
1900-01-01 11:21:08.412338,-0.0283203125,-0.06640625,-1.0,0.3048780560493469,0.5792682766914368,-0.045731708407402,-0.0369873046875,-0.1082763671875,1.006103515625,0.1067073196172714,0.792682945728302,-0.2896341383457184,0.032470703125,-0.0086669921875,1.0281982421875,0.5487805008888245,0.1371951252222061,0.1829268336296081,0.9999990463256836,-0.0007205111323855,0.0012153033167123,-1.5328403435432847e-08,0.9999441504478456,0.0035882778465747,-0.0099466694518923,2.102631242451025e-06,0.9999797344207764,-0.0040251198224723,-0.004932421259582,-1.423174182946241e-07
1900-01-01 11:21:08.413077,-0.0281982421875,-0.0684814453125,-0.9989013671875,0.1371951252222061,0.7621951103210449,0.0304878056049346,-0.0357666015625,-0.10791015625,1.00927734375,0.3658536672592163,-0.3810975551605224,0.2591463327407837,0.033447265625,-0.00830078125,1.0306396484375,0.4878048896789551,0.1219512224197387,0.3506097495555877,0.9999990463256836,-0.0007205111323855,0.0012153033167123,-1.5328403435432847e-08,0.9999441504478456,0.0035882778465747,-0.0099466694518923,2.102631242451025e-06,0.9999797344207764,-0.0040251198224723,-0.004932421259582,-1.423174182946241e-07
1900-01-01 11:21:08.413617,-0.025146484375,-0.067626953125,-0.99560546875,0.2134146392345428,0.4573170840740204,0.045731708407402,-0.0357666015625,-0.10791015625,1.00927734375,0.5030487775802612,-0.3048780560493469,-0.1676829308271408,0.0321044921875,-0.008544921875,1.031005859375,0.2743902504444122,0.5030487775802612,0.2591463327407837,0.9999990463256836,-0.0007205111323855,0.0012153033167123,-1.5328403435432847e-08,0.9999441504478456,0.0035882778465747,-0.0099466694518923,2.102631242451025e-06,0.9999797344207764,-0.0040251198224723,-0.004932421259582,-1.423174182946241e-07
1900-01-01 11:21:08.414034,-0.0279541015625,-0.06787109375,-0.999267578125,0.4725609719753265,0.4115853607654571,-0.1676829308271408,-0.0335693359375,-0.1075439453125,1.0133056640625,0.5030487775802612,-0.3048780560493469,-0.1676829308271408,0.0321044921875,-0.008544921875,1.031005859375,0.5945122241973877,0.3658536672592163,-0.045731708407402,0.9999990463256836,-0.0007205111323855,0.0012153033167123,-1.5328403435432847e-08,0.9999441504478456,0.0035882778465747,-0.0099466694518923,2.102631242451025e-06,0.9999797344207764,-0.0040251198224723,-0.004932421259582,-1.423174182946241e-07
1900-01-01 11:21:08.414548,-0.0267333984375,-0.0673828125,-1.0001220703125,0.0609756112098693,0.7774390578269958,-0.1219512224197387,-0.03466796875,-0.107177734375,1.0103759765625,0.0609756112098693,0.6859756112098694,-0.0152439028024673,0.0345458984375,-0.00927734375,1.0284423828125,0.4725609719753265,0.5335366129875183,-0.091463416814804,0.9999990463256836,-0.0007205111323855,0.0012153033167123,-1.5328403435432847e-08,0.9999441504478456,0.0035882778465747,-0.0099466694518923,2.102631242451025e-06,0.9999797344207764,-0.0040251198224723,-0.004932421259582,-1.423174182946241e-07
1900-01-01 11:21:08.414980,-0.0255126953125,-0.0645751953125,-0.9970703125,0.4268292784690857,0.6402438879013062,-0.045731708407402,-0.0382080078125,-0.1060791015625,1.007080078125,-0.0304878056049346,-0.5030487775802612,-0.0304878056049346,0.033935546875,-0.0081787109375,1.0294189453125,0.6097561120986938,0.3353658616542816,0.091463416814804,0.9999990463256836,-0.0007205111323855,0.0012153033167123,-1.5328403435432847e-08,0.9999441504478456,0.0035882778465747,-0.0099466694518923,2.102631242451025e-06,0.9999797344207764,-0.0040251198224723,-0.004932421259582,-1.423174182946241e-07
1900-01-01 11:21:08.415141,-0.026611328125,-0.0660400390625,-0.9971923828125,-0.0152439028024673,0.7012194991111755,0.0,-0.0382080078125,-0.1060791015625,1.007080078125,-0.0304878056049346,-0.5030487775802612,-0.0304878056049346,0.0321044921875,-0.0076904296875,1.0277099609375,0.5640243887901306,0.1981707364320755,0.2896341383457184,0.9999990463256836,-0.0007205111323855,0.0012153033167123,-1.5328403435432847e-08,0.9999441504478456,0.0035882778465747,-0.0099466694518923,2.102631242451025e-06,0.9999797344207764,-0.0040251198224723,-0.004932421259582,-1.423174182946241e-07
1900-01-01 11:21:08.415424,-0.0289306640625,-0.0682373046875,-0.9969482421875,0.1829268336296081,0.625,0.045731708407402,-0.0382080078125,-0.1060791015625,1.007080078125,-0.0304878056049346,-0.5030487775802612,-0.0304878056049346,0.029296875,-0.0029296875,1.022216796875,0.5945122241973877,0.2134146392345428,0.1371951252222061,0.9999990463256836,-0.0007205111323855,0.0012153033167123,-1.5328403435432847e-08,0.9999441504478456,0.0035882778465747,-0.0099466694518923,2.102631242451025e-06,0.9999797344207764,-0.0040251198224723,-0.004932421259582,-1.423174182946241e-07
1900-01-01 11:21:08.415645,-0.0286865234375,-0.068359375,-0.9959716796875,-0.2134146392345428,0.3658536672592163,-0.2439024448394775,-0.0347900390625,-0.108154296875,1.0074462890625,0.2439024448394775,-0.2743902504444122,-0.2134146392345428,0.029296875,-0.0029296875,1.022216796875,0.5945122241973877,0.2134146392345428,0.1371951252222061,0.9999990463256836,-0.0007205111323855,0.0012153033167123,-1.5328403435432847e-08,0.9999441504478456,0.0035882778465747,-0.0099466694518923,2.102631242451025e-06,0.9999797344207764,-0.0040251198224723,-0.004932421259582,-1.423174182946241e-07
1900-01-01 11:21:08.415842,-0.0306396484375,-0.064453125,-0.994873046875,-0.1219512224197387,0.6554878354072571,0.091463416814804,-0.0328369140625,-0.110107421875,1.0086669921875,0.2439024448394775,-0.2743902504444122,-0.2134146392345428,0.0299072265625,-0.0037841796875,1.0238037109375,0.4878048896789551,0.045731708407402,0.1371951252222061,0.9999990463256836,-0.0007205111323855,0.0012153033167123,-1.5328403435432847e-08,0.9999441504478456,0.0035882778465747,-0.0099466694518923,2.102631242451025e-06,0.9999797344207764,-0.0040251198224723,-0.004932421259582,-1.423174182946241e-07
1900-01-01 11:21:08.415998,-0.0303955078125,-0.0606689453125,-0.9935302734375,0.1371951252222061,0.6097561120986938,-0.1829268336296081,-0.0328369140625,-0.110107421875,1.0086669921875,0.2439024448394775,-0.2743902504444122,-0.2134146392345428,0.02978515625,-0.0064697265625,1.0263671875,0.5335366129875183,0.2743902504444122,0.1219512224197387,0.9999990463256836,-0.0007205111323855,0.0012153033167123,-1.5328403435432847e-08,0.9999441504478456,0.0035882778465747,-0.0099466694518923,2.102631242451025e-06,0.9999797344207764,-0.0040251198224723,-0.004932421259582,-1.423174182946241e-07
1900-01-01 11:21:08.416747,-0.0299072265625,-0.060791015625,-0.992431640625,-0.0152439028024673,0.5640243887901306,0.1524390280246734,-0.0340576171875,-0.1107177734375,1.0072021484375,0.1524390280246734,-0.1829268336296081,-0.0609756112098693,0.031982421875,-0.0059814453125,1.0235595703125,0.4573170840740204,0.2896341383457184,0.2439024448394775,0.9999990463256836,-0.0007205111323855,0.0012153033167123,-1.5328403435432847e-08,0.9999441504478456,0.0035882778465747,-0.0099466694518923,2.102631242451025e-06,0.9999797344207764,-0.0040251198224723,-0.004932421259582,-1.423174182946241e-07
1900-01-01 11:21:08.417364,-0.029541015625,-0.0634765625,-0.994384765625,0.1524390280246734,0.5487805008888245,0.0762195140123367,-0.0311279296875,-0.1092529296875,1.009521484375,0.1219512224197387,0.2439024448394775,-0.091463416814804,0.02978515625,-0.0084228515625,1.0257568359375,0.7317073345184326,0.0304878056049346,0.1524390280246734,0.9999990463256836,-0.0007205111323855,0.0012153033167123,-1.5328403435432847e-08,0.9999441504478456,0.0035882778465747,-0.0099466694518923,2.102631242451025e-06,0.9999797344207764,-0.0040251198224723,-0.004932421259582,-1.423174182946241e-07
1900-01-01 11:21:08.417507,-0.0281982421875,-0.0633544921875,-0.9947509765625,0.0304878056049346,0.5030487775802612,-0.0304878056049346,-0.032958984375,-0.1094970703125,1.008056640625,-0.1219512224197387,0.6402438879013062,-0.1524390280246734,0.02978515625,-0.0084228515625,1.0257568359375,0.7317073345184326,0.0304878056049346,0.1524390280246734,0.9999990463256836,-0.0007205111323855,0.0012153033167123,-1.5328403435432847e-08,0.9999441504478456,0.0035882778465747,-0.0099466694518923,2.102631242451025e-06,0.9999797344207764,-0.0040251198224723,-0.004932421259582,-1.423174182946241e-07
1900-01-01 11:21:08.417653,-0.02880859375,-0.0621337890625,-0.9931640625,0.0152439028024673,0.5335366129875183,0.4268292784690857,-0.0330810546875,-0.1087646484375,1.0040283203125,0.5182926654815674,0.1676829308271408,-0.2743902504444122,0.02978515625,-0.0084228515625,1.0257568359375,0.7317073345184326,0.0304878056049346,0.1524390280246734,0.9999990463256836,-0.0007205111323855,0.0012153033167123,-1.5328403435432847e-08,0.9999441504478456,0.0035882778465747,-0.0099466694518923,2.102631242451025e-06,0.9999797344207764,-0.0040251198224723,-0.004932421259582,-1.423174182946241e-07
1900-01-01 11:21:08.417827,-0.0255126953125,-0.0623779296875,-0.993408203125,0.0304878056049346,0.5487805008888245,-0.0152439028024673,-0.031982421875,-0.109375,1.0057373046875,0.3048780560493469,-0.3658536672592163,-0.1981707364320755,0.02978515625,-0.0084228515625,1.0257568359375,0.7317073345184326,0.0304878056049346,0.1524390280246734,0.9999990463256836,-0.0007205111323855,0.0012153033167123,-1.5328403435432847e-08,0.9999441504478456,0.0035882778465747,-0.0099466694518923,2.102631242451025e-06,0.9999797344207764,-0.0040251198224723,-0.004932421259582,-1.423174182946241e-07
1900-01-01 11:21:08.417905,-0.0262451171875,-0.06298828125,-0.9954833984375,0.0762195140123367,0.5792682766914368,0.0762195140123367,-0.031982421875,-0.109375,1.0057373046875,0.3048780560493469,-0.3658536672592163,-0.1981707364320755,0.02978515625,-0.0084228515625,1.0257568359375,0.7317073345184326,0.0304878056049346,0.1524390280246734,0.9999990463256836,-0.0007205111323855,0.0012153033167123,-1.5328403435432847e-08,0.9999441504478456,0.0035882778465747,-0.0099466694518923,2.102631242451025e-06,0.9999797344207764,-0.0040251198224723,-0.004932421259582,-1.423174182946241e-07
1900-01-01 11:21:08.417965,-0.030517578125,-0.064208984375,-0.99462890625,0.1219512224197387,0.2286585420370102,-0.0609756112098693,-0.031982421875,-0.109375,1.0057373046875,0.3048780560493469,-0.3658536672592163,-0.1981707364320755,0.02978515625,-0.0084228515625,1.0257568359375,0.7317073345184326,0.0304878056049346,0.1524390280246734,0.9999990463256836,-0.0007205111323855,0.0012153033167123,-1.5328403435432847e-08,0.9999441504478456,0.0035882778465747,-0.0099466694518923,2.102631242451025e-06,0.9999797344207764,-0.0040251198224723,-0.004932421259582,-1.423174182946241e-07
1900-01-01 11:21:08.418023,-0.0281982421875,-0.0625,-0.9932861328125,0.3201219439506531,0.5182926654815674,-0.1219512224197387,-0.031982421875,-0.109375,1.0057373046875,0.3048780560493469,-0.3658536672592163,-0.1981707364320755,0.02978515625,-0.0084228515625,1.0257568359375,0.7317073345184326,0.0304878056049346,0.1524390280246734,0.9999990463256836,-0.0007205111323855,0.0012153033167123,-1.5328403435432847e-08,0.9999441504478456,0.0035882778465747,-0.0099466694518923,2.102631242451025e-06,0.9999797344207764,-0.0040251198224723,-0.004932421259582,-1.423174182946241e-07
1900-01-01 11:21:08.418082,-0.02685546875,-0.064697265625,-0.995849609375,0.2743902504444122,0.5030487775802612,0.1219512224197387,-0.031982421875,-0.109375,1.0057373046875,0.3048780560493469,-0.3658536672592163,-0.1981707364320755,0.02978515625,-0.0084228515625,1.0257568359375,0.7317073345184326,0.0304878056049346,0.1524390280246734,0.9999990463256836,-0.0007205111323855,0.0012153033167123,-1.5328403435432847e-08,0.9999441504478456,0.0035882778465747,-0.0099466694518923,2.102631242451025e-06,0.9999797344207764,-0.0040251198224723,-0.004932421259582,-1.423174182946241e-07
1900-01-01 11:21:08.418205,-0.0257568359375,-0.0643310546875,-0.9962158203125,0.0,0.5487805008888245,-0.1981707364320755,-0.031982421875,-0.109375,1.0057373046875,0.3048780560493469,-0.3658536672592163,-0.1981707364320755,0.02978515625,-0.0084228515625,1.0257568359375,0.7317073345184326,0.0304878056049346,0.1524390280246734,0.9999990463256836,-0.0007205111323855,0.0012153033167123,-1.5328403435432847e-08,0.9999441504478456,0.0035882778465747,-0.0099466694518923,2.102631242451025e-06,0.9999797344207764,-0.0040251198224723,-0.004932421259582,-1.423174182946241e-07
1900-01-01 11:21:08.425359,-0.02685546875,-0.064453125,-0.9945068359375,0.1676829308271408,0.6859756112098694,0.091463416814804,-0.030517578125,-0.108154296875,1.0091552734375,0.3048780560493469,-0.3658536672592163,-0.1981707364320755,0.029296875,-0.0076904296875,1.025634765625,0.4878048896789551,0.2134146392345428,-0.1371951252222061,0.9999990463256836,-0.0007205111323855,0.0012153033167123,-1.5328403435432847e-08,0.9999441504478456,0.0035882778465747,-0.0099466694518923,2.102631242451025e-06,0.9999797344207764,-0.0040251198224723,-0.004932421259582,-1.423174182946241e-07
1900-01-01 11:21:08.433068,-0.0281982421875,-0.0643310546875,-0.9951171875,0.0152439028024673,0.5945122241973877,-0.0152439028024673,-0.033447265625,-0.1072998046875,1.0081787109375,0.5182926654815674,0.3201219439506531,-0.1371951252222061,0.0318603515625,-0.00634765625,1.0267333984375,0.5640243887901306,0.1219512224197387,0.396341472864151,0.9999990463256836,-0.0007205111323855,0.0012153033167123,-1.5328403435432847e-08,0.9999441504478456,0.0035882778465747,-0.0099466694518923,2.102631242451025e-06,0.9999797344207764,-0.0040251198224723,-0.004932421259582,-1.423174182946241e-07
1900-01-01 11:21:08.450296,-0.0318603515625,-0.06396484375,-0.9990234375,0.396341472864151,0.5487805008888245,0.0609756112098693,-0.037841796875,-0.1087646484375,1.0113525390625,0.2896341383457184,-0.3048780560493469,-0.1219512224197387,0.0333251953125,-0.0062255859375,1.029052734375,0.4725609719753265,0.3048780560493469,0.1829268336296081,0.9999990463256836,-0.0007205111323855,0.0012153033167123,-1.5328403435432847e-08,0.9999441504478456,0.0035882778465747,-0.0099466694518923,2.102631242451025e-06,0.9999797344207764,-0.0040251198224723,-0.004932421259582,-1.423174182946241e-07
1900-01-01 11:21:08.457338,-0.0322265625,-0.0645751953125,-0.998046875,0.3048780560493469,0.8993902802467346,-0.0762195140123367,-0.0360107421875,-0.1090087890625,1.013671875,0.1829268336296081,0.4268292784690857,-0.091463416814804,0.03271484375,-0.0054931640625,1.028076171875,0.6707317233085632,0.1676829308271408,0.3201219439506531,0.9999990463256836,-0.0007205111323855,0.0012153033167123,-1.5328403435432847e-08,0.9999441504478456,0.0035882778465747,-0.0099466694518923,2.102631242451025e-06,0.9999797344207764,-0.0040251198224723,-0.004932421259582,-1.423174182946241e-07
1900-01-01 11:21:08.467301,-0.030029296875,-0.0677490234375,-0.99609375,-0.1676829308271408,0.4420731663703918,-0.1371951252222061,-0.0377197265625,-0.1083984375,1.0091552734375,0.4268292784690857,0.1219512224197387,-0.1524390280246734,0.0345458984375,-0.00537109375,1.0279541015625,0.3658536672592163,0.3201219439506531,0.2134146392345428,0.9999990463256836,-0.0007205111323855,0.0012153033167123,-1.5328403435432847e-08,0.9999441504478456,0.0035882778465747,-0.0099466694518923,2.102631242451025e-06,0.9999797344207764,-0.0040251198224723,-0.004932421259582,-1.423174182946241e-07
1900-01-01 11:21:08.485322,-0.0255126953125,-0.06787109375,-0.9991455078125,0.4725609719753265,0.5640243887901306,0.0152439028024673,-0.0355224609375,-0.1064453125,1.008056640625,0.3048780560493469,-0.5945122241973877,-0.0609756112098693,0.03369140625,-0.0076904296875,1.02734375,0.1981707364320755,0.1829268336296081,0.1524390280246734,0.9999990463256836,-0.0007205111323855,0.0012153033167123,-1.5328403435432847e-08,0.9999441504478456,0.0035882778465747,-0.0099466694518923,2.102631242451025e-06,0.9999797344207764,-0.0040251198224723,-0.004932421259582,-1.423174182946241e-07
1900-01-01 11:21:08.485488,-0.0244140625,-0.0679931640625,-1.0006103515625,-0.0152439028024673,0.396341472864151,-0.045731708407402,-0.0355224609375,-0.1064453125,1.008056640625,0.3048780560493469,-0.5945122241973877,-0.0609756112098693,0.03369140625,-0.0076904296875,1.02734375,0.1981707364320755,0.1829268336296081,0.1524390280246734,0.9999990463256836,-0.0007205111323855,0.0012153033167123,-1.5328403435432847e-08,0.9999441504478456,0.0035882778465747,-0.0099466694518923,2.102631242451025e-06,0.9999797344207764,-0.0040251198224723,-0.004932421259582,-1.423174182946241e-07
1900-01-01 11:21:08.494294,-0.0252685546875,-0.0672607421875,-0.9989013671875,0.1829268336296081,0.7469512224197388,0.0762195140123367,-0.0355224609375,-0.1064453125,1.008056640625,0.3048780560493469,-0.5945122241973877,-0.0609756112098693,0.0316162109375,-0.0096435546875,1.0291748046875,0.396341472864151,0.2439024448394775,0.2134146392345428,0.9999990463256836,-0.0007205111323855,0.0012153033167123,-1.5328403435432847e-08,0.9999441504478456,0.0035882778465747,-0.0099466694518923,2.102631242451025e-06,0.9999797344207764,-0.0040251198224723,-0.004932421259582,-1.423174182946241e-07
1900-01-01 11:21:08.502350,-0.0264892578125,-0.0679931640625,-0.99658203125,0.0,0.5487805008888245,-0.0152439028024673,-0.0341796875,-0.1041259765625,1.0128173828125,0.2439024448394775,0.5335366129875183,-0.091463416814804,0.033203125,-0.010498046875,1.0291748046875,0.5335366129875183,0.2286585420370102,0.1981707364320755,0.9999990463256836,-0.0007205111323855,0.0012153033167123,-1.5328403435432847e-08,0.9999441504478456,0.0035882778465747,-0.0099466694518923,2.102631242451025e-06,0.9999797344207764,-0.0040251198224723,-0.004932421259582,-1.423174182946241e-07
1900-01-01 11:21:08.526197,-0.02783203125,-0.065673828125,-0.9981689453125,-0.0762195140123367,0.396341472864151,0.1067073196172714,-0.0367431640625,-0.1060791015625,1.0087890625,0.3658536672592163,-0.0304878056049346,-0.0152439028024673,0.033935546875,-0.0089111328125,1.031005859375,0.625,0.3201219439506531,0.3201219439506531,0.9999990463256836,-0.0007205111323855,0.0012153033167123,-1.5328403435432847e-08,0.9999441504478456,0.0035882778465747,-0.0099466694518923,2.102631242451025e-06,0.9999797344207764,-0.0040251198224723,-0.004932421259582,-1.423174182946241e-07
1900-01-01 11:21:08.570615,-0.0281982421875,-0.0654296875,-0.9976806640625,0.045731708407402,0.4878048896789551,0.1219512224197387,-0.0325927734375,-0.1077880859375,1.010986328125,-0.045731708407402,-0.0304878056049346,-0.1067073196172714,0.033447265625,-0.007080078125,1.029541015625,0.5945122241973877,0.6097561120986938,0.1676829308271408,0.9999990463256836,-0.0007205111323855,0.0012153033167123,-1.5328403435432847e-08,0.9999441504478456,0.0035882778465747,-0.0099466694518923,2.102631242451025e-06,0.9999797344207764,-0.0040251198224723,-0.004932421259582,-1.423174182946241e-07
1900-01-01 11:21:08.592940,-0.0286865234375,-0.0653076171875,-0.995361328125,0.0609756112098693,0.5335366129875183,-0.0609756112098693,-0.03271484375,-0.1083984375,1.008544921875,-0.1067073196172714,0.5182926654815674,0.1371951252222061,0.0330810546875,-0.007080078125,1.02685546875,0.5945122241973877,0.6097561120986938,0.1676829308271408,0.9999990463256836,-0.0007205111323855,0.0012153033167123,-1.5328403435432847e-08,0.9999441504478456,0.0035882778465747,-0.0099466694518923,2.102631242451025e-06,0.9999797344207764,-0.0040251198224723,-0.004932421259582,-1.423174182946241e-07
1900-01-01 11:21:08.593154,-0.0277099609375,-0.0626220703125,-0.993408203125,-0.1219512224197387,0.3353658616542816,0.0304878056049346,-0.03271484375,-0.1083984375,1.008544921875,-0.1067073196172714,0.5182926654815674,0.1371951252222061,0.0330810546875,-0.007080078125,1.02685546875,0.5945122241973877,0.6097561120986938,0.1676829308271408,0.9999990463256836,-0.0007205111323855,0.0012153033167123,-1.5328403435432847e-08,0.9999441504478456,0.0035882778465747,-0.0099466694518923,2.102631242451025e-06,0.9999797344207764,-0.0040251198224723,-0.004932421259582,-1.423174182946241e-07
1900-01-01 11:21:08.614273,-0.0296630859375,-0.061279296875,-0.9954833984375,0.0,0.2286585420370102,0.0,-0.03369140625,-0.1099853515625,1.002685546875,0.4268292784690857,-0.4573170840740204,-0.1219512224197387,0.030517578125,-0.0050048828125,1.0272216796875,0.6707317233085632,0.5030487775802612,0.4115853607654571,0.9999990463256836,-0.0007205111323855,0.0012153033167123,-1.5328403435432847e-08,0.9999441504478456,0.0035882778465747,-0.0099466694518923,2.102631242451025e-06,0.9999797344207764,-0.0040251198224723,-0.004932421259582,-1.423174182946241e-07
1900-01-01 11:21:08.642522,-0.03125,-0.0596923828125,-0.9925537109375,-0.0304878056049346,0.3353658616542816,-0.1371951252222061,-0.031005859375,-0.11279296875,1.01025390625,0.3201219439506531,0.2896341383457184,0.045731708407402,0.0291748046875,-0.00244140625,1.0225830078125,0.4725609719753265,0.045731708407402,0.6554878354072571,0.9999990463256836,-0.0007205111323855,0.0012153033167123,-1.5328403435432847e-08,0.9999441504478456,0.0035882778465747,-0.0099466694518923,2.102631242451025e-06,0.9999797344207764,-0.0040251198224723,-0.004932421259582,-1.423174182946241e-07
1900-01-01 11:21:08.742077,-0.0299072265625,-0.0596923828125,-0.990234375,0.1676829308271408,0.3048780560493469,0.1067073196172714,-0.031494140625,-0.110107421875,1.00634765625,0.4420731663703918,-0.5640243887901306,-0.3048780560493469,0.0291748046875,-0.007568359375,1.0269775390625,0.5335366129875183,0.3506097495555877,0.1067073196172714,0.9999990463256836,-0.0007205111323855,0.0012153033167123,-1.5328403435432847e-08,0.9999441504478456,0.0035882778465747,-0.0099466694518923,2.102631242451025e-06,0.9999797344207764,-0.0040251198224723,-0.004932421259582,-1.423174182946241e-07
1900-01-01 11:21:08.748060,-0.0289306640625,-0.062255859375,-0.9921875,0.1524390280246734,0.4420731663703918,-0.0762195140123367,-0.031494140625,-0.110107421875,1.00634765625,0.4420731663703918,-0.5640243887901306,-0.3048780560493469,0.0289306640625,-0.0096435546875,1.024169921875,0.3810975551605224,0.2591463327407837,0.1981707364320755,0.9999990463256836,-0.0007205111323855,0.0012153033167123,-1.5328403435432847e-08,0.9999441504478456,0.0035882778465747,-0.0099466694518923,2.102631242451025e-06,0.9999797344207764,-0.0040251198224723,-0.004932421259582,-1.423174182946241e-07
1900-01-01 11:21:08.763937,-0.0284423828125,-0.0626220703125,-0.9954833984375,0.1981707364320755,0.5792682766914368,0.0,-0.031494140625,-0.110107421875,1.00634765625,0.2743902504444122,-0.396341472864151,-0.1067073196172714,0.0313720703125,-0.008544921875,1.0306396484375,0.5640243887901306,0.1829268336296081,0.1981707364320755,0.9999990463256836,-0.0007205111323855,0.0012153033167123,-1.5328403435432847e-08,0.9999441504478456,0.0035882778465747,-0.0099466694518923,2.102631242451025e-06,0.9999797344207764,-0.0040251198224723,-0.004932421259582,-1.423174182946241e-07
1900-01-01 11:21:08.843680,-0.02587890625,-0.0628662109375,-0.993408203125,0.0609756112098693,0.4268292784690857,0.1219512224197387,-0.0296630859375,-0.10791015625,1.005126953125,0.1219512224197387,0.3506097495555877,0.0304878056049346,0.033447265625,-0.008544921875,1.027099609375,0.1676829308271408,0.396341472864151,0.1829268336296081,0.9999989867210388,-0.0007785292691551,0.0012153033167123,5.5181317293317995e-08,0.9999441504478456,0.0035882778465747,-0.0099466694518923,2.102631242451025e-06,0.9999797344207764,-0.0040251198224723,-0.004932421259582,-1.423174182946241e-07
1900-01-01 11:21:08.885892,-0.0252685546875,-0.061279296875,-0.9937744140625,0.0,0.6554878354072571,0.1829268336296081,-0.0296630859375,-0.10791015625,1.005126953125,0.1981707364320755,0.3201219439506531,-0.1829268336296081,0.033935546875,-0.0054931640625,1.02783203125,0.4725609719753265,0.1524390280246734,0.0609756112098693,0.9999989867210388,-0.0007785292691551,0.0012153033167123,5.5181317293317995e-08,0.9999441504478456,0.0035882778465747,-0.0099466694518923,2.102631242451025e-06,0.9999797344207764,-0.0040251198224723,-0.004932421259582,-1.423174182946241e-07
1900-01-01 11:21:08.914690,-0.02490234375,-0.064208984375,-0.9974365234375,0.045731708407402,0.6859756112098694,0.0,-0.0308837890625,-0.107666015625,1.0130615234375,0.5945122241973877,-0.7012194991111755,-0.1371951252222061,0.0330810546875,-0.006103515625,1.0294189453125,0.6097561120986938,0.2591463327407837,0.2439024448394775,0.9999989867210388,-0.0007785292691551,0.0012153033167123,5.5181317293317995e-08,0.9999441504478456,0.0035882778465747,-0.0099466694518923,2.102631242451025e-06,0.9999797344207764,-0.0040251198224723,-0.004932421259582,-1.423174182946241e-07
1900-01-01 11:21:08.921043,-0.0263671875,-0.0673828125,-1.0,0.2896341383457184,0.396341472864151,0.0609756112098693,-0.0360107421875,-0.1065673828125,1.0107421875,0.4725609719753265,0.091463416814804,0.0,0.03076171875,-0.00732421875,1.029296875,0.6097561120986938,0.2591463327407837,0.2439024448394775,0.9999989867210388,-0.0007785292691551,0.0012153033167123,5.5181317293317995e-08,0.9999441504478456,0.0035882778465747,-0.0099466694518923,2.102631242451025e-06,0.9999797344207764,-0.0040251198224723,-0.004932421259582,-1.423174182946241e-07
1900-01-01 11:21:08.921287,-0.026611328125,-0.0667724609375,-0.9989013671875,0.3506097495555877,0.4420731663703918,0.2286585420370102,-0.0360107421875,-0.1065673828125,1.0107421875,0.4725609719753265,0.091463416814804,0.0,0.03076171875,-0.00732421875,1.029296875,0.6097561120986938,0.2591463327407837,0.2439024448394775,0.9999989867210388,-0.0007785292691551,0.0012153033167123,5.5181317293317995e-08,0.9999441504478456,0.0035882778465747,-0.0099466694518923,2.102631242451025e-06,0.9999797344207764,-0.0040251198224723,-0.004932421259582,-1.423174182946241e-07
1900-01-01 11:21:08.922171,-0.0272216796875,-0.0682373046875,-0.99609375,0.091463416814804,0.4420731663703918,-0.0152439028024673,-0.0382080078125,-0.1068115234375,1.0086669921875,0.1829268336296081,0.0304878056049346,-0.1067073196172714,0.0316162109375,-0.0096435546875,1.02685546875,0.8231707215309143,0.0304878056049346,0.1829268336296081,0.9999989867210388,-0.0007785292691551,0.0012153033167123,5.5181317293317995e-08,0.9999441504478456,0.0035882778465747,-0.0099466694518923,2.102631242451025e-06,0.9999797344207764,-0.0040251198224723,-0.004932421259582,-1.423174182946241e-07
1900-01-01 11:21:08.922396,-0.028076171875,-0.0665283203125,-0.999755859375,0.1524390280246734,0.4115853607654571,-0.1676829308271408,-0.0382080078125,-0.1068115234375,1.0086669921875,0.1829268336296081,0.0304878056049346,-0.1067073196172714,0.032958984375,-0.009033203125,1.028076171875,0.8231707215309143,0.0304878056049346,0.1829268336296081,0.9999989867210388,-0.0007785292691551,0.0012153033167123,5.5181317293317995e-08,0.9999441504478456,0.0035882778465747,-0.0099466694518923,2.102631242451025e-06,0.9999797344207764,-0.0040251198224723,-0.004932421259582,-1.423174182946241e-07
1900-01-01 11:21:08.922724,-0.0299072265625,-0.0662841796875,-0.9993896484375,0.2591463327407837,0.5640243887901306,0.091463416814804,-0.0382080078125,-0.1068115234375,1.0086669921875,0.2591463327407837,-0.5335366129875183,-0.1524390280246734,0.032958984375,-0.009033203125,1.028076171875,0.3658536672592163,0.3506097495555877,0.1371951252222061,0.9999989867210388,-0.0007785292691551,0.0012153033167123,5.5181317293317995e-08,0.9999441504478456,0.0035882778465747,-0.0099466694518923,2.102631242451025e-06,0.9999797344207764,-0.0040251198224723,-0.004932421259582,-1.423174182946241e-07
1900-01-01 11:21:08.922954,-0.0313720703125,-0.0670166015625,-0.998046875,0.1067073196172714,0.5030487775802612,0.0304878056049346,-0.035888671875,-0.1092529296875,1.0130615234375,0.1676829308271408,0.1676829308271408,-0.0609756112098693,0.031494140625,-0.0103759765625,1.0294189453125,0.3658536672592163,0.3506097495555877,0.1371951252222061,0.9999989867210388,-0.0007785292691551,0.0012153033167123,5.5181317293317995e-08,0.9999441504478456,0.0035882778465747,-0.0099466694518923,2.102631242451025e-06,0.9999797344207764,-0.0040251198224723,-0.004932421259582,-1.423174182946241e-07
1900-01-01 11:21:08.923544,-0.033447265625,-0.0655517578125,-0.9971923828125,-0.0304878056049346,0.7317073345184326,0.1676829308271408,-0.0367431640625,-0.1090087890625,1.0087890625,0.1067073196172714,0.5182926654815674,-0.2591463327407837,0.0318603515625,-0.0103759765625,1.0274658203125,0.5640243887901306,0.3201219439506531,0.1067073196172714,0.9999989867210388,-0.0007785292691551,0.0012153033167123,5.5181317293317995e-08,0.9999441504478456,0.0035882778465747,-0.0099466694518923,2.102631242451025e-06,0.9999797344207764,-0.0040251198224723,-0.004932421259582,-1.423174182946241e-07
1900-01-01 11:21:08.924707,-0.02978515625,-0.0654296875,-0.9949951171875,0.1219512224197387,0.6402438879013062,-0.091463416814804,-0.0335693359375,-0.10546875,1.0064697265625,0.6707317233085632,0.2286585420370102,-0.0609756112098693,0.0321044921875,-0.008056640625,1.0238037109375,0.792682945728302,0.4268292784690857,0.0609756112098693,0.9999989867210388,-0.0007785292691551,0.0012153033167123,5.5181317293317995e-08,0.9999441504478456,0.0035882778465747,-0.0099466694518923,2.102631242451025e-06,0.9999797344207764,-0.0040251198224723,-0.004932421259582,-1.423174182946241e-07
1900-01-01 11:21:08.925725,-0.0269775390625,-0.0645751953125,-0.9984130859375,0.045731708407402,0.5487805008888245,0.0762195140123367,-0.0328369140625,-0.106201171875,1.00634765625,-0.4725609719753265,0.045731708407402,-0.2743902504444122,0.0283203125,-0.0057373046875,1.026611328125,0.5792682766914368,0.396341472864151,0.1219512224197387,0.9999989867210388,-0.0007785292691551,0.0012153033167123,5.5181317293317995e-08,0.9999441504478456,0.0035882778465747,-0.0099466694518923,2.102631242451025e-06,0.9999797344207764,-0.0040251198224723,-0.004932421259582,-1.423174182946241e-07
1900-01-01 11:21:08.925871,-0.025390625,-0.067138671875,-0.9964599609375,0.2286585420370102,0.4115853607654571,0.091463416814804,-0.0328369140625,-0.106201171875,1.00634765625,-0.4725609719753265,0.045731708407402,-0.2743902504444122,0.0283203125,-0.0057373046875,1.026611328125,0.5792682766914368,0.396341472864151,0.1219512224197387,0.9999989867210388,-0.0007785292691551,0.0012153033167123,5.5181317293317995e-08,0.9999441504478456,0.0035882778465747,-0.0099466694518923,2.102631242451025e-06,0.9999797344207764,-0.0040251198224723,-0.004932421259582,-1.423174182946241e-07
1900-01-01 11:21:08.926207,-0.0264892578125,-0.066162109375,-0.997314453125,-0.2134146392345428,0.3810975551605224,-0.0152439028024673,-0.0328369140625,-0.106201171875,1.00634765625,0.1676829308271408,0.3506097495555877,-0.1524390280246734,0.0301513671875,-0.0050048828125,1.0250244140625,0.5945122241973877,0.4725609719753265,0.1676829308271408,0.9999989867210388,-0.0007785292691551,0.0012153033167123,5.5181317293317995e-08,0.9999441504478456,0.0035882778465747,-0.0099466694518923,2.102631242451025e-06,0.9999797344207764,-0.0040251198224723,-0.004932421259582,-1.423174182946241e-07
1900-01-01 11:21:08.926461,-0.0257568359375,-0.06787109375,-0.998046875,0.091463416814804,0.5487805008888245,0.2134146392345428,-0.0340576171875,-0.1099853515625,1.005126953125,0.1676829308271408,0.3506097495555877,-0.1524390280246734,0.0301513671875,-0.0050048828125,1.0250244140625,0.5030487775802612,0.3810975551605224,0.3658536672592163,0.9999989867210388,-0.0007785292691551,0.0012153033167123,5.5181317293317995e-08,0.9999441504478456,0.0035882778465747,-0.0099466694518923,2.102631242451025e-06,0.9999797344207764,-0.0040251198224723,-0.004932421259582,-1.423174182946241e-07
1900-01-01 11:21:08.926777,-0.027099609375,-0.068603515625,-0.995849609375,0.0,0.6097561120986938,-0.0152439028024673,-0.031982421875,-0.110595703125,1.0087890625,0.1524390280246734,-0.4725609719753265,-0.2439024448394775,0.0299072265625,-0.0040283203125,1.02197265625,0.3353658616542816,0.1829268336296081,0.2286585420370102,0.9999989867210388,-0.0007785292691551,0.0012153033167123,5.5181317293317995e-08,0.9999441504478456,0.0035882778465747,-0.0099466694518923,2.102631242451025e-06,0.9999797344207764,-0.0040251198224723,-0.004932421259582,-1.423174182946241e-07
1900-01-01 11:21:08.927178,-0.0284423828125,-0.0660400390625,-0.9915771484375,0.045731708407402,0.8079268336296082,-0.0152439028024673,-0.029296875,-0.110107421875,1.007568359375,0.4420731663703918,-0.0152439028024673,-0.2743902504444122,0.0303955078125,-0.0064697265625,1.0274658203125,0.3048780560493469,0.1371951252222061,0.3201219439506531,0.9999989867210388,-0.0007785292691551,0.0012153033167123,5.5181317293317995e-08,0.9999441504478456,0.0035882778465747,-0.0099466694518923,2.102631242451025e-06,0.9999797344207764,-0.0040251198224723,-0.004932421259582,-1.423174182946241e-07
1900-01-01 11:21:08.928103,-0.0291748046875,-0.0628662109375,-0.99609375,0.1981707364320755,0.5030487775802612,-0.1219512224197387,-0.0360107421875,-0.112548828125,1.0067138671875,0.2286585420370102,0.2591463327407837,0.0762195140123367,0.0306396484375,-0.00830078125,1.028564453125,0.5487805008888245,0.3048780560493469,0.1067073196172714,0.9999989867210388,-0.0007785292691551,0.0012153033167123,5.5181317293317995e-08,0.9999441504478456,0.0035882778465747,-0.0099466694518923,2.102631242451025e-06,0.9999797344207764,-0.0040251198224723,-0.004932421259582,-1.423174182946241e-07
1900-01-01 11:21:08.928268,-0.0283203125,-0.0623779296875,-0.99658203125,0.1676829308271408,0.3810975551605224,0.0,-0.0360107421875,-0.112548828125,1.0067138671875,0.2286585420370102,0.2591463327407837,0.0762195140123367,0.031005859375,-0.0098876953125,1.02783203125,0.2286585420370102,0.1981707364320755,0.2134146392345428,0.9999989867210388,-0.0007785292691551,0.0012153033167123,5.5181317293317995e-08,0.9999441504478456,0.0035882778465747,-0.0099466694518923,2.102631242451025e-06,0.9999797344207764,-0.0040251198224723,-0.004932421259582,-1.423174182946241e-07
1900-01-01 11:21:08.928726,-0.0299072265625,-0.062255859375,-0.9932861328125,0.0304878056049346,0.3506097495555877,-0.0152439028024673,-0.033203125,-0.10888671875,1.010009765625,0.5182926654815674,-0.8841463327407837,-0.3353658616542816,0.0306396484375,-0.0096435546875,1.02490234375,0.5335366129875183,-0.0304878056049346,0.2896341383457184,0.9999989867210388,-0.0007785292691551,0.0012153033167123,5.5181317293317995e-08,0.9999441504478456,0.0035882778465747,-0.0099466694518923,2.102631242451025e-06,0.9999797344207764,-0.0040251198224723,-0.004932421259582,-1.423174182946241e-07
1900-01-01 11:21:08.928878,-0.0303955078125,-0.0621337890625,-0.9930419921875,-0.1371951252222061,0.7774390578269958,-0.2134146392345428,-0.033203125,-0.10888671875,1.010009765625,0.5182926654815674,-0.8841463327407837,-0.3353658616542816,0.031005859375,-0.0074462890625,1.0238037109375,0.5792682766914368,0.2439024448394775,0.5487805008888245,0.9999989867210388,-0.0007785292691551,0.0012153033167123,5.5181317293317995e-08,0.9999441504478456,0.0035882778465747,-0.0099466694518923,2.102631242451025e-06,0.9999797344207764,-0.0040251198224723,-0.004932421259582,-1.423174182946241e-07
1900-01-01 11:21:08.929032,-0.029296875,-0.063232421875,-0.99658203125,0.2439024448394775,0.625,0.1219512224197387,-0.033203125,-0.10888671875,1.010009765625,0.5182926654815674,-0.8841463327407837,-0.3353658616542816,0.031005859375,-0.0074462890625,1.0272216796875,0.4725609719753265,0.3048780560493469,0.2743902504444122,0.9999989867210388,-0.0007785292691551,0.0012153033167123,5.5181317293317995e-08,0.9999441504478456,0.0035882778465747,-0.0099466694518923,2.102631242451025e-06,0.9999797344207764,-0.0040251198224723,-0.004932421259582,-1.423174182946241e-07
1900-01-01 11:21:08.929185,-0.0289306640625,-0.0638427734375,-0.995361328125,0.0,0.4725609719753265,-0.1067073196172714,-0.033203125,-0.10888671875,1.010009765625,0.5182926654815674,-0.8841463327407837,-0.3353658616542816,0.0338134765625,-0.005126953125,1.027099609375,0.5182926654815674,0.4268292784690857,0.1981707364320755,0.9999989867210388,-0.0007785292691551,0.0012153033167123,5.5181317293317995e-08,0.9999441504478456,0.0035882778465747,-0.0099466694518923,2.102631242451025e-06,0.9999797344207764,-0.0040251198224723,-0.004932421259582,-1.423174182946241e-07
1900-01-01 11:21:08.929364,-0.0294189453125,-0.064453125,-0.99755859375,-0.0609756112098693,0.396341472864151,0.0609756112098693,-0.033203125,-0.10888671875,1.010009765625,0.3506097495555877,-0.2743902504444122,-0.5945122241973877,0.033447265625,-0.0035400390625,1.025390625,0.5182926654815674,0.4268292784690857,0.1981707364320755,0.9999989867210388,-0.0007785292691551,0.0012153033167123,5.5181317293317995e-08,0.9999441504478456,0.0035882778465747,-0.0099466694518923,2.102631242451025e-06,0.9999797344207764,-0.0040251198224723,-0.004932421259582,-1.423174182946241e-07
1900-01-01 11:21:08.929745,-0.029052734375,-0.065673828125,-0.99658203125,0.1524390280246734,0.4725609719753265,-0.1524390280246734,-0.0322265625,-0.1077880859375,1.0101318359375,0.2439024448394775,0.7164634466171265,0.1219512224197387,0.030517578125,-0.0037841796875,1.0284423828125,0.5335366129875183,0.0762195140123367,0.1371951252222061,0.9999989867210388,-0.0007785292691551,0.0012153033167123,5.5181317293317995e-08,0.9999441504478456,0.0035882778465747,-0.0099466694518923,2.102631242451025e-06,0.9999797344207764,-0.0040251198224723,-0.004932421259582,-1.423174182946241e-07
1900-01-01 11:21:08.929932,-0.02685546875,-0.06689453125,-0.9951171875,0.2896341383457184,0.5792682766914368,0.0609756112098693,-0.0350341796875,-0.1090087890625,1.00390625,0.3506097495555877,-0.2896341383457184,0.0609756112098693,0.030517578125,-0.0037841796875,1.0284423828125,0.5335366129875183,0.0762195140123367,0.1371951252222061,0.9999989867210388,-0.0007785292691551,0.0012153033167123,5.5181317293317995e-08,0.9999441504478456,0.0035882778465747,-0.0099466694518923,2.102631242451025e-06,0.9999797344207764,-0.0040251198224723,-0.004932421259582,-1.423174182946241e-07
1900-01-01 11:21:08.930124,-0.0257568359375,-0.06494140625,-0.99609375,0.0152439028024673,0.6097561120986938,-0.1371951252222061,-0.029052734375,-0.1065673828125,1.0118408203125,0.2896341383457184,-0.5487805008888245,-0.2591463327407837,0.030517578125,-0.0037841796875,1.0284423828125,0.5335366129875183,0.0762195140123367,0.1371951252222061,0.9999989867210388,-0.0007785292691551,0.0012153033167123,5.5181317293317995e-08,0.9999441504478456,0.0035882778465747,-0.0099466694518923,2.102631242451025e-06,0.9999797344207764,-0.0040251198224723,-0.004932421259582,-1.423174182946241e-07
1900-01-01 11:21:08.930300,-0.0269775390625,-0.0631103515625,-0.995361328125,0.4268292784690857,0.396341472864151,-0.1829268336296081,-0.0318603515625,-0.106689453125,1.00830078125,-0.1829268336296081,0.0762195140123367,-0.1371951252222061,0.030517578125,-0.0037841796875,1.0284423828125,0.5335366129875183,0.0762195140123367,0.1371951252222061,0.9999989867210388,-0.0007785292691551,0.0012153033167123,5.5181317293317995e-08,0.9999441504478456,0.0035882778465747,-0.0099466694518923,2.102631242451025e-06,0.9999797344207764,-0.0040251198224723,-0.004932421259582,-1.423174182946241e-07
1900-01-01 11:21:08.930459,-0.0272216796875,-0.0635986328125,-0.992919921875,0.091463416814804,0.3201219439506531,0.1676829308271408,-0.0347900390625,-0.1077880859375,1.0052490234375,0.3201219439506531,0.2743902504444122,0.1829268336296081,0.030517578125,-0.0037841796875,1.0284423828125,0.5335366129875183,0.0762195140123367,0.1371951252222061,0.9999989867210388,-0.0007785292691551,0.0012153033167123,5.5181317293317995e-08,0.9999441504478456,0.0035882778465747,-0.0099466694518923,2.102631242451025e-06,0.9999797344207764,-0.0040251198224723,-0.004932421259582,-1.423174182946241e-07
1900-01-01 11:21:08.930597,-0.027587890625,-0.0650634765625,-0.9954833984375,0.1067073196172714,0.7012194991111755,-0.1829268336296081,-0.0352783203125,-0.10791015625,1.007080078125,0.2591463327407837,0.0762195140123367,-0.1067073196172714,0.030517578125,-0.0037841796875,1.0284423828125,0.5335366129875183,0.0762195140123367,0.1371951252222061,0.9999989867210388,-0.0007785292691551,0.0012153033167123,5.5181317293317995e-08,0.9999441504478456,0.0035882778465747,-0.0099466694518923,2.102631242451025e-06,0.9999797344207764,-0.0040251198224723,-0.004932421259582,-1.423174182946241e-07
1900-01-01 11:21:08.930739,-0.031494140625,-0.0667724609375,-0.997314453125,-0.0609756112098693,0.5030487775802612,-0.3353658616542816,-0.0347900390625,-0.10888671875,1.012451171875,0.3658536672592163,-0.1981707364320755,-0.2286585420370102,0.030517578125,-0.0037841796875,1.0284423828125,0.5335366129875183,0.0762195140123367,0.1371951252222061,0.9999989867210388,-0.0007785292691551,0.0012153033167123,5.5181317293317995e-08,0.9999441504478456,0.0035882778465747,-0.0099466694518923,2.102631242451025e-06,0.9999797344207764,-0.0040251198224723,-0.004932421259582,-1.423174182946241e-07
1900-01-01 11:21:08.930864,-0.032470703125,-0.0640869140625,-0.99365234375,0.045731708407402,0.5335366129875183,0.1676829308271408,-0.0347900390625,-0.10888671875,1.012451171875,0.1067073196172714,0.3048780560493469,-0.0304878056049346,0.030517578125,-0.0037841796875,1.0284423828125,0.5335366129875183,0.0762195140123367,0.1371951252222061,0.9999989867210388,-0.0007785292691551,0.0012153033167123,5.5181317293317995e-08,0.9999441504478456,0.0035882778465747,-0.0099466694518923,2.102631242451025e-06,0.9999797344207764,-0.0040251198224723,-0.004932421259582,-1.423174182946241e-07
1900-01-01 11:21:08.930992,-0.0299072265625,-0.0621337890625,-0.996826171875,0.2743902504444122,0.7164634466171265,-0.0609756112098693,-0.03662109375,-0.110595703125,1.0081787109375,0.1067073196172714,0.2286585420370102,-0.1371951252222061,0.030517578125,-0.0037841796875,1.0284423828125,0.5335366129875183,0.0762195140123367,0.1371951252222061,0.9999989867210388,-0.0007785292691551,0.0012153033167123,5.5181317293317995e-08,0.9999441504478456,0.0035882778465747,-0.0099466694518923,2.102631242451025e-06,0.9999797344207764,-0.0040251198224723,-0.004932421259582,-1.423174182946241e-07
1900-01-01 11:21:08.932297,-0.0279541015625,-0.0625,-0.996826171875,-0.2134146392345428,0.7469512224197388,-0.0609756112098693,-0.0333251953125,-0.111572265625,1.0052490234375,0.0304878056049346,-0.3201219439506531,-0.1676829308271408,0.030517578125,-0.0037841796875,1.0284423828125,0.5335366129875183,0.0762195140123367,0.1371951252222061,0.9999989867210388,-0.0007785292691551,0.0012153033167123,5.5181317293317995e-08,0.9999441504478456,0.0035882778465747,-0.0099466694518923,2.102631242451025e-06,0.9999797344207764,-0.0040251198224723,-0.004932421259582,-1.423174182946241e-07
1900-01-01 11:21:08.949390,-0.029052734375,-0.0634765625,-0.994140625,0.1219512224197387,0.5792682766914368,-0.0304878056049346,-0.0340576171875,-0.10888671875,1.0089111328125,0.0304878056049346,0.4573170840740204,0.3506097495555877,0.0308837890625,-0.006103515625,1.0267333984375,0.5487805008888245,0.2439024448394775,0.3048780560493469,0.9999989867210388,-0.0007785292691551,0.0012153033167123,5.5181317293317995e-08,0.9999441504478456,0.0035882778465747,-0.0099466694518923,2.102631242451025e-06,0.9999797344207764,-0.0040251198224723,-0.004932421259582,-1.423174182946241e-07
1900-01-01 11:21:08.956357,-0.0291748046875,-0.0672607421875,-0.9959716796875,0.1067073196172714,0.8231707215309143,0.0762195140123367,-0.0369873046875,-0.1077880859375,1.0059814453125,0.0304878056049346,0.4573170840740204,0.3506097495555877,0.0345458984375,-0.007568359375,1.02685546875,0.4115853607654571,0.3810975551605224,0.1219512224197387,0.9999989867210388,-0.0007785292691551,0.0012153033167123,5.5181317293317995e-08,0.9999441504478456,0.0035882778465747,-0.0099466694518923,2.102631242451025e-06,0.9999797344207764,-0.0040251198224723,-0.004932421259582,-1.423174182946241e-07
1900-01-01 11:21:08.975401,-0.0267333984375,-0.0673828125,-1.000244140625,0.3048780560493469,0.5335366129875183,-0.2134146392345428,-0.03759765625,-0.1055908203125,1.0091552734375,0.1524390280246734,-0.8384146690368652,-0.2134146392345428,0.032958984375,-0.01025390625,1.0316162109375,0.3201219439506531,0.1524390280246734,0.0609756112098693,0.9999989867210388,-0.0007785292691551,0.0012153033167123,5.5181317293317995e-08,0.9999441504478456,0.0035882778465747,-0.0099466694518923,2.102631242451025e-06,0.9999797344207764,-0.0040251198224723,-0.004932421259582,-1.423174182946241e-07
1900-01-01 11:21:08.975572,-0.02490234375,-0.0670166015625,-0.9984130859375,0.1067073196172714,0.2743902504444122,-0.1524390280246734,-0.03759765625,-0.1055908203125,1.0091552734375,0.1524390280246734,-0.8384146690368652,-0.2134146392345428,0.032958984375,-0.01025390625,1.0316162109375,0.3201219439506531,0.1524390280246734,0.0609756112098693,0.9999989867210388,-0.0007785292691551,0.0012153033167123,5.5181317293317995e-08,0.9999441504478456,0.0035882778465747,-0.0099466694518923,2.102631242451025e-06,0.9999797344207764,-0.0040251198224723,-0.004932421259582,-1.423174182946241e-07
1900-01-01 11:21:08.984294,-0.024169921875,-0.0665283203125,-0.99462890625,0.2134146392345428,0.4573170840740204,0.091463416814804,-0.03759765625,-0.1055908203125,1.0091552734375,0.1524390280246734,-0.8384146690368652,-0.2134146392345428,0.0322265625,-0.0106201171875,1.02685546875,0.5487805008888245,0.2439024448394775,0.1371951252222061,0.9999989867210388,-0.0007785292691551,0.0012153033167123,5.5181317293317995e-08,0.9999441504478456,0.0035882778465747,-0.0099466694518923,2.102631242451025e-06,0.9999797344207764,-0.0040251198224723,-0.004932421259582,-1.423174182946241e-07
1900-01-01 11:21:08.992480,-0.025390625,-0.065673828125,-0.9962158203125,0.1524390280246734,0.3658536672592163,-0.2134146392345428,-0.0340576171875,-0.1048583984375,1.0059814453125,0.1676829308271408,-0.0304878056049346,-0.045731708407402,0.0322265625,-0.0106201171875,1.02685546875,0.5487805008888245,0.2439024448394775,0.1371951252222061,0.9999989867210388,-0.0007785292691551,0.0012153033167123,5.5181317293317995e-08,0.9999441504478456,0.0035882778465747,-0.0099466694518923,2.102631242451025e-06,0.9999797344207764,-0.0040251198224723,-0.004932421259582,-1.423174182946241e-07
1900-01-01 11:21:09.001314,-0.0269775390625,-0.0645751953125,-0.998291015625,0.0609756112098693,0.6859756112098694,-0.045731708407402,-0.0340576171875,-0.1048583984375,1.0059814453125,0.1676829308271408,-0.0304878056049346,-0.045731708407402,0.03125,-0.009521484375,1.029541015625,0.4115853607654571,0.396341472864151,0.2286585420370102,0.9999989867210388,-0.0007785292691551,0.0012153033167123,5.5181317293317995e-08,0.9999441504478456,0.0035882778465747,-0.0099466694518923,2.102631242451025e-06,0.9999797344207764,-0.0040251198224723,-0.004932421259582,-1.423174182946241e-07
1900-01-01 11:21:09.019665,-0.0294189453125,-0.0650634765625,-0.9954833984375,-0.0609756112098693,0.1524390280246734,0.1676829308271408,-0.0330810546875,-0.10791015625,1.011962890625,0.1981707364320755,0.3353658616542816,-0.0762195140123367,0.03271484375,-0.005859375,1.0289306640625,0.6859756112098694,0.2286585420370102,0.396341472864151,0.9999989867210388,-0.0007785292691551,0.0012153033167123,5.5181317293317995e-08,0.9999441504478456,0.0035882778465747,-0.0099466694518923,2.102631242451025e-06,0.9999797344207764,-0.0040251198224723,-0.004932421259582,-1.423174182946241e-07
1900-01-01 11:21:09.056716,-0.0318603515625,-0.06298828125,-0.993896484375,-0.1829268336296081,0.7012194991111755,-0.1829268336296081,-0.0379638671875,-0.110107421875,1.0045166015625,0.0609756112098693,0.7469512224197388,-0.1676829308271408,0.031494140625,-0.005615234375,1.0244140625,0.6859756112098694,0.2286585420370102,0.396341472864151,0.9999989867210388,-0.0007785292691551,0.0012153033167123,5.5181317293317995e-08,0.9999441504478456,0.0035882778465747,-0.0099466694518923,2.102631242451025e-06,0.9999797344207764,-0.0040251198224723,-0.004932421259582,-1.423174182946241e-07
1900-01-01 11:21:09.078069,-0.0303955078125,-0.0633544921875,-0.9962158203125,-0.0152439028024673,0.7012194991111755,0.0762195140123367,-0.03564453125,-0.111083984375,1.007568359375,0.1829268336296081,-0.2134146392345428,-0.1676829308271408,0.031494140625,-0.0045166015625,1.0262451171875,0.4878048896789551,0.396341472864151,0.091463416814804,0.9999989867210388,-0.0007785292691551,0.0012153033167123,5.5181317293317995e-08,0.9999441504478456,0.0035882778465747,-0.0099466694518923,2.102631242451025e-06,0.9999797344207764,-0.0040251198224723,-0.004932421259582,-1.423174182946241e-07
1900-01-01 11:21:09.099154,-0.0308837890625,-0.06298828125,-0.997802734375,0.0152439028024673,0.4115853607654571,0.1067073196172714,-0.0321044921875,-0.112548828125,1.008544921875,0.2439024448394775,0.3506097495555877,-0.1981707364320755,0.031494140625,-0.0045166015625,1.0262451171875,0.4573170840740204,0.2286585420370102,0.091463416814804,0.9999989867210388,-0.0007785292691551,0.0012153033167123,5.5181317293317995e-08,0.9999441504478456,0.0035882778465747,-0.0099466694518923,2.102631242451025e-06,0.9999797344207764,-0.0040251198224723,-0.004932421259582,-1.423174182946241e-07
1900-01-01 11:21:09.125430,-0.029296875,-0.0623779296875,-0.99462890625,0.0,0.4115853607654571,-0.1067073196172714,-0.0328369140625,-0.1124267578125,1.0054931640625,0.2439024448394775,0.3506097495555877,-0.1981707364320755,0.030517578125,-0.0050048828125,1.0260009765625,0.4573170840740204,0.2286585420370102,0.091463416814804,0.9999989867210388,-0.0007785292691551,0.0012153033167123,5.5181317293317995e-08,0.9999441504478456,0.0035882778465747,-0.0099466694518923,2.102631242451025e-06,0.9999797344207764,-0.0040251198224723,-0.004932421259582,-1.423174182946241e-07
1900-01-01 11:21:09.143930,-0.02685546875,-0.0635986328125,-0.99609375,-0.1371951252222061,0.4268292784690857,0.2134146392345428,-0.0328369140625,-0.1124267578125,1.0054931640625,0.3048780560493469,0.3201219439506531,-0.4573170840740204,0.030517578125,-0.0050048828125,1.0260009765625,0.4573170840740204,0.2286585420370102,0.091463416814804,0.9999989867210388,-0.0007785292691551,0.0012153033167123,5.5181317293317995e-08,0.9999441504478456,0.0035882778465747,-0.0099466694518923,2.102631242451025e-06,0.9999797344207764,-0.0040251198224723,-0.004932421259582,-1.423174182946241e-07
1900-01-01 11:21:09.198172,-0.0283203125,-0.06396484375,-0.9967041015625,0.2286585420370102,0.4878048896789551,0.1067073196172714,-0.032470703125,-0.107421875,1.009033203125,0.1524390280246734,-0.4420731663703918,-0.1524390280246734,0.031005859375,-0.005615234375,1.023681640625,0.4725609719753265,0.3506097495555877,0.1219512224197387,0.9999989867210388,-0.0007785292691551,0.0012153033167123,5.5181317293317995e-08,0.9999441504478456,0.0035882778465747,-0.0099466694518923,2.102631242451025e-06,0.9999797344207764,-0.0040251198224723,-0.004932421259582,-1.423174182946241e-07
1900-01-01 11:21:09.214776,-0.0289306640625,-0.0650634765625,-0.9962158203125,0.4878048896789551,0.2743902504444122,-0.0152439028024673,-0.032470703125,-0.107421875,1.009033203125,0.2439024448394775,0.0152439028024673,-0.1371951252222061,0.02978515625,-0.0059814453125,1.0235595703125,0.4573170840740204,0.1981707364320755,0.1067073196172714,0.9999989867210388,-0.0007785292691551,0.0012153033167123,5.5181317293317995e-08,0.9999441504478456,0.0035882778465747,-0.0099466694518923,2.102631242451025e-06,0.9999797344207764,-0.0040251198224723,-0.004932421259582,-1.423174182946241e-07
1900-01-01 11:21:09.241738,-0.0272216796875,-0.06689453125,-0.9970703125,0.0,0.5945122241973877,0.091463416814804,-0.0323486328125,-0.1070556640625,1.0103759765625,0.396341472864151,0.8384146690368652,-0.1219512224197387,0.029541015625,-0.0074462890625,1.02587890625,0.6554878354072571,0.1524390280246734,0.2134146392345428,0.9999989867210388,-0.0007785292691551,0.0012153033167123,5.5181317293317995e-08,0.9999441504478456,0.0035882778465747,-0.0099466694518923,2.102631242451025e-06,0.9999797344207764,-0.0040251198224723,-0.004932421259582,-1.423174182946241e-07
1900-01-01 11:21:09.242636,-0.0257568359375,-0.065673828125,-0.9967041015625,0.0609756112098693,0.5335366129875183,0.091463416814804,-0.03466796875,-0.1051025390625,1.0067138671875,0.3048780560493469,-0.091463416814804,-0.091463416814804,0.031494140625,-0.0076904296875,1.0269775390625,0.6554878354072571,0.1524390280246734,0.2134146392345428,0.9999989867210388,-0.0007785292691551,0.0012153033167123,5.5181317293317995e-08,0.9999441504478456,0.0035882778465747,-0.0099466694518923,2.102631242451025e-06,0.9999797344207764,-0.0040251198224723,-0.004932421259582,-1.423174182946241e-07
1900-01-01 11:21:09.285771,-0.022705078125,-0.0654296875,-0.9990234375,0.1981707364320755,0.6554878354072571,-0.1067073196172714,-0.0323486328125,-0.10498046875,1.0067138671875,0.3506097495555877,-0.6554878354072571,-0.0762195140123367,0.0299072265625,-0.0101318359375,1.028076171875,0.5792682766914368,-0.0304878056049346,0.1981707364320755,0.9999989867210388,-0.0007785292691551,0.0012153033167123,5.5181317293317995e-08,0.9999441504478456,0.0035882778465747,-0.0099466694518923,2.102631242451025e-06,0.9999797344207764,-0.0040251198224723,-0.004932421259582,-1.423174182946241e-07
1900-01-01 11:21:09.323400,-0.0262451171875,-0.0650634765625,-0.9952392578125,0.1676829308271408,0.4725609719753265,-0.1829268336296081,-0.029052734375,-0.1080322265625,1.010498046875,0.3658536672592163,-0.0152439028024673,-0.1981707364320755,0.0299072265625,-0.0101318359375,1.028076171875,0.5792682766914368,-0.0304878056049346,0.1981707364320755,0.9999989867210388,-0.0007785292691551,0.0012153033167123,5.5181317293317995e-08,0.9999441504478456,0.0035882778465747,-0.0099466694518923,2.102631242451025e-06,0.9999797344207764,-0.0040251198224723,-0.004932421259582,-1.423174182946241e-07
1900-01-01 11:21:09.355290,-0.028564453125,-0.0643310546875,-0.9942626953125,0.4268292784690857,0.4420731663703918,-0.0304878056049346,-0.0360107421875,-0.1082763671875,1.004150390625,0.1067073196172714,0.6859756112098694,0.0152439028024673,0.0283203125,-0.009521484375,1.0284423828125,0.5792682766914368,-0.0304878056049346,0.1981707364320755,0.9999989867210388,-0.0007785292691551,0.0012153033167123,5.5181317293317995e-08,0.9999441504478456,0.0035882778465747,-0.0099466694518923,2.102631242451025e-06,0.9999797344207764,-0.0040251198224723,-0.004932421259582,-1.423174182946241e-07
1900-01-01 11:21:09.365861,-0.0302734375,-0.0623779296875,-0.9949951171875,-0.2591463327407837,0.4878048896789551,-0.0304878056049346,-0.0360107421875,-0.1082763671875,1.004150390625,0.1067073196172714,0.6859756112098694,0.0152439028024673,0.0283203125,-0.009521484375,1.0284423828125,0.5792682766914368,-0.0304878056049346,0.1981707364320755,0.9999989867210388,-0.0007785292691551,0.0012153033167123,5.5181317293317995e-08,0.9999441504478456,0.0035882778465747,-0.0099466694518923,2.102631242451025e-06,0.9999797344207764,-0.0040251198224723,-0.004932421259582,-1.423174182946241e-07
1900-01-01 11:21:09.404547,-0.029296875,-0.062744140625,-0.9949951171875,0.2134146392345428,0.6707317233085632,-0.1067073196172714,-0.0347900390625,-0.1103515625,1.00634765625,0.1219512224197387,0.1219512224197387,-0.091463416814804,0.0299072265625,-0.007568359375,1.024658203125,0.5945122241973877,0.1219512224197387,0.4115853607654571,0.9999989867210388,-0.0007785292691551,0.0012153033167123,5.5181317293317995e-08,0.9999441504478456,0.0035882778465747,-0.0099466694518923,2.102631242451025e-06,0.9999797344207764,-0.0040251198224723,-0.004932421259582,-1.423174182946241e-07
1900-01-01 11:21:09.432523,-0.0296630859375,-0.06298828125,-0.993896484375,0.0,0.4878048896789551,-0.1219512224197387,-0.0347900390625,-0.1103515625,1.00634765625,0.5030487775802612,-0.5030487775802612,-0.3048780560493469,0.0306396484375,-0.0068359375,1.025146484375,0.4115853607654571,0.2286585420370102,0.3506097495555877,0.9999989867210388,-0.0007785292691551,0.0012153033167123,5.5181317293317995e-08,0.9999441504478456,0.0035882778465747,-0.0099466694518923,2.102631242451025e-06,0.9999797344207764,-0.0040251198224723,-0.004932421259582,-1.423174182946241e-07
1900-01-01 11:21:09.434933,-0.03076171875,-0.0625,-0.993896484375,0.1219512224197387,0.792682945728302,0.091463416814804,-0.033203125,-0.1097412109375,1.0052490234375,0.2896341383457184,0.045731708407402,0.0,0.030029296875,-0.005859375,1.0262451171875,0.4115853607654571,0.2286585420370102,0.3506097495555877,0.9999989867210388,-0.0007785292691551,0.0012153033167123,5.5181317293317995e-08,0.9999441504478456,0.0035882778465747,-0.0099466694518923,2.102631242451025e-06,0.9999797344207764,-0.0040251198224723,-0.004932421259582,-1.423174182946241e-07
1900-01-01 11:21:09.435876,-0.030517578125,-0.0614013671875,-0.9945068359375,0.3048780560493469,0.5792682766914368,-0.0609756112098693,-0.0345458984375,-0.10791015625,1.004150390625,0.3810975551605224,-0.2286585420370102,-0.1524390280246734,0.030029296875,-0.005859375,1.0262451171875,0.4420731663703918,0.3201219439506531,0.2286585420370102,0.9999989867210388,-0.0007785292691551,0.0012153033167123,5.5181317293317995e-08,0.9999441504478456,0.0035882778465747,-0.0099466694518923,2.102631242451025e-06,0.9999797344207764,-0.0040251198224723,-0.004932421259582,-1.423174182946241e-07
1900-01-01 11:21:09.436181,-0.029052734375,-0.0634765625,-0.997802734375,0.2286585420370102,0.4420731663703918,0.0762195140123367,-0.033203125,-0.1103515625,1.0079345703125,0.3810975551605224,-0.2286585420370102,-0.1524390280246734,0.030517578125,-0.0059814453125,1.028076171875,0.3201219439506531,0.4115853607654571,0.1676829308271408,0.9999989867210388,-0.0007785292691551,0.0012153033167123,5.5181317293317995e-08,0.9999441504478456,0.0035882778465747,-0.0099466694518923,2.102631242451025e-06,0.9999797344207764,-0.0040251198224723,-0.004932421259582,-1.423174182946241e-07
1900-01-01 11:21:09.436608,-0.02978515625,-0.0672607421875,-0.998046875,-0.0304878056049346,0.6097561120986938,-0.1676829308271408,-0.03515625,-0.10986328125,1.0120849609375,0.5792682766914368,-0.1829268336296081,-0.1981707364320755,0.0306396484375,-0.0052490234375,1.0255126953125,0.3201219439506531,0.4115853607654571,0.1676829308271408,0.9999989867210388,-0.0007785292691551,0.0012153033167123,5.5181317293317995e-08,0.9999441504478456,0.0035882778465747,-0.0099466694518923,2.102631242451025e-06,0.9999797344207764,-0.0040251198224723,-0.004932421259582,-1.423174182946241e-07
1900-01-01 11:21:09.436895,-0.0279541015625,-0.0673828125,-0.9951171875,0.3353658616542816,0.5182926654815674,0.0609756112098693,-0.0355224609375,-0.1072998046875,1.0084228515625,0.1829268336296081,0.0762195140123367,0.2896341383457184,0.0306396484375,-0.0052490234375,1.0255126953125,0.3353658616542816,0.1219512224197387,0.1676829308271408,0.9999989867210388,-0.0007785292691551,0.0012153033167123,5.5181317293317995e-08,0.9999441504478456,0.0035882778465747,-0.0099466694518923,2.102631242451025e-06,0.9999797344207764,-0.0040251198224723,-0.004932421259582,-1.423174182946241e-07
1900-01-01 11:21:09.437169,-0.0230712890625,-0.06640625,-0.99755859375,-0.0762195140123367,0.6554878354072571,0.0304878056049346,-0.0355224609375,-0.1072998046875,1.0084228515625,0.3353658616542816,0.3506097495555877,-0.1067073196172714,0.028564453125,-0.0047607421875,1.0244140625,0.3353658616542816,0.1219512224197387,0.1676829308271408,0.9999989867210388,-0.0007785292691551,0.0012153033167123,5.5181317293317995e-08,0.9999441504478456,0.0035882778465747,-0.0099466694518923,2.102631242451025e-06,0.9999797344207764,-0.0040251198224723,-0.004932421259582,-1.423174182946241e-07
1900-01-01 11:21:09.437521,-0.0245361328125,-0.068359375,-1.0003662109375,0.3353658616542816,0.3506097495555877,0.1067073196172714,-0.0340576171875,-0.1053466796875,1.00634765625,0.3353658616542816,0.3506097495555877,-0.1067073196172714,0.028564453125,-0.0047607421875,1.0244140625,0.4420731663703918,0.3353658616542816,0.2591463327407837,0.9999989867210388,-0.0007785292691551,0.0012153033167123,5.5181317293317995e-08,0.9999441504478456,0.0035882778465747,-0.0099466694518923,2.102631242451025e-06,0.9999797344207764,-0.0040251198224723,-0.004932421259582,-1.423174182946241e-07
1900-01-01 11:21:09.437853,-0.028076171875,-0.0693359375,-0.9952392578125,0.091463416814804,0.5182926654815674,-0.1219512224197387,-0.0340576171875,-0.1053466796875,1.00634765625,0.2591463327407837,-0.2134146392345428,0.0152439028024673,0.0306396484375,-0.00634765625,1.02587890625,0.4878048896789551,0.3810975551605224,0.0,0.9999989867210388,-0.0007785292691551,0.0012153033167123,5.5181317293317995e-08,0.9999441504478456,0.0035882778465747,-0.0099466694518923,2.102631242451025e-06,0.9999797344207764,-0.0040251198224723,-0.004932421259582,-1.423174182946241e-07
1900-01-01 11:21:09.438457,-0.028076171875,-0.0655517578125,-0.994140625,-0.1829268336296081,0.6554878354072571,0.1981707364320755,-0.033447265625,-0.1031494140625,1.013671875,0.1829268336296081,-0.5487805008888245,0.045731708407402,0.0321044921875,-0.006591796875,1.02978515625,0.3658536672592163,0.2591463327407837,0.1829268336296081,0.9999989867210388,-0.0007785292691551,0.0012153033167123,5.5181317293317995e-08,0.9999441504478456,0.0035882778465747,-0.0099466694518923,2.102631242451025e-06,0.9999797344207764,-0.0040251198224723,-0.004932421259582,-1.423174182946241e-07
1900-01-01 11:21:09.438610,-0.0252685546875,-0.0643310546875,-0.9991455078125,0.2286585420370102,0.2896341383457184,-0.1219512224197387,-0.033447265625,-0.1031494140625,1.013671875,-0.045731708407402,0.7012194991111755,-0.1067073196172714,0.033447265625,-0.00732421875,1.029052734375,0.3658536672592163,0.2591463327407837,0.1829268336296081,0.9999989867210388,-0.0007785292691551,0.0012153033167123,5.5181317293317995e-08,0.9999441504478456,0.0035882778465747,-0.0099466694518923,2.102631242451025e-06,0.9999797344207764,-0.0040251198224723,-0.004932421259582,-1.423174182946241e-07
1900-01-01 11:21:09.438824,-0.02880859375,-0.06396484375,-0.9949951171875,-0.1219512224197387,0.4878048896789551,-0.1067073196172714,-0.0352783203125,-0.1065673828125,1.0079345703125,-0.045731708407402,0.7012194991111755,-0.1067073196172714,0.033447265625,-0.00732421875,1.029052734375,0.4725609719753265,0.2286585420370102,0.2286585420370102,0.9999989867210388,-0.0007785292691551,0.0012153033167123,5.5181317293317995e-08,0.9999441504478456,0.0035882778465747,-0.0099466694518923,2.102631242451025e-06,0.9999797344207764,-0.0040251198224723,-0.004932421259582,-1.423174182946241e-07
1900-01-01 11:21:09.439116,-0.029541015625,-0.06201171875,-0.992919921875,0.045731708407402,0.6402438879013062,0.0304878056049346,-0.0352783203125,-0.1065673828125,1.0079345703125,0.2286585420370102,0.3810975551605224,0.1371951252222061,0.0313720703125,-0.0113525390625,1.028564453125,0.4420731663703918,0.4420731663703918,-0.0304878056049346,0.9999989867210388,-0.0007785292691551,0.0012153033167123,5.5181317293317995e-08,0.9999441504478456,0.0035882778465747,-0.0099466694518923,2.102631242451025e-06,0.9999797344207764,-0.0040251198224723,-0.004932421259582,-1.423174182946241e-07
1900-01-01 11:21:09.439371,-0.028076171875,-0.06298828125,-0.99658203125,-0.1067073196172714,0.4573170840740204,0.0304878056049346,-0.03564453125,-0.107421875,1.007080078125,0.2286585420370102,0.3810975551605224,0.1371951252222061,0.03271484375,-0.01220703125,1.0306396484375,0.396341472864151,0.396341472864151,0.0762195140123367,0.9999989867210388,-0.0007785292691551,0.0012153033167123,5.5181317293317995e-08,0.9999441504478456,0.0035882778465747,-0.0099466694518923,2.102631242451025e-06,0.9999797344207764,-0.0040251198224723,-0.004932421259582,-1.423174182946241e-07
1900-01-01 11:21:09.439843,-0.029541015625,-0.0645751953125,-0.99853515625,0.1524390280246734,0.2896341383457184,-0.1371951252222061,-0.03271484375,-0.1085205078125,1.0111083984375,-0.0609756112098693,-0.1219512224197387,0.091463416814804,0.0303955078125,-0.0081787109375,1.026123046875,0.4573170840740204,0.1524390280246734,0.1829268336296081,0.9999989867210388,-0.0007785292691551,0.0012153033167123,5.5181317293317995e-08,0.9999441504478456,0.0035882778465747,-0.0099466694518923,2.102631242451025e-06,0.9999797344207764,-0.0040251198224723,-0.004932421259582,-1.423174182946241e-07
1900-01-01 11:21:09.440005,-0.0296630859375,-0.063232421875,-0.992919921875,-0.0152439028024673,0.2134146392345428,-0.2743902504444122,-0.03271484375,-0.1085205078125,1.0111083984375,-0.0609756112098693,-0.1219512224197387,0.091463416814804,0.031005859375,-0.0076904296875,1.030029296875,0.5182926654815674,0.0,0.1829268336296081,0.9999989867210388,-0.0007785292691551,0.0012153033167123,5.5181317293317995e-08,0.9999441504478456,0.0035882778465747,-0.0099466694518923,2.102631242451025e-06,0.9999797344207764,-0.0040251198224723,-0.004932421259582,-1.423174182946241e-07
1900-01-01 11:21:09.440164,-0.0291748046875,-0.0606689453125,-0.9913330078125,-0.0762195140123367,0.7621951103210449,-0.1067073196172714,-0.03271484375,-0.1085205078125,1.0111083984375,-0.0609756112098693,-0.1219512224197387,0.091463416814804,0.0316162109375,-0.00634765625,1.02685546875,0.5792682766914368,0.3353658616542816,0.091463416814804,0.9999989867210388,-0.0007785292691551,0.0012153033167123,5.5181317293317995e-08,0.9999441504478456,0.0035882778465747,-0.0099466694518923,2.102631242451025e-06,0.9999797344207764,-0.0040251198224723,-0.004932421259582,-1.423174182946241e-07
1900-01-01 11:21:09.440329,-0.0267333984375,-0.06396484375,-0.9969482421875,-0.091463416814804,0.4725609719753265,0.0,-0.03271484375,-0.1085205078125,1.0111083984375,-0.0609756112098693,-0.1219512224197387,0.091463416814804,0.0301513671875,-0.0047607421875,1.0234375,0.396341472864151,0.0609756112098693,0.1067073196172714,0.9999989867210388,-0.0007785292691551,0.0012153033167123,5.5181317293317995e-08,0.9999441504478456,0.0035882778465747,-0.0099466694518923,2.102631242451025e-06,0.9999797344207764,-0.0040251198224723,-0.004932421259582,-1.423174182946241e-07
1900-01-01 11:21:09.440491,-0.0274658203125,-0.0648193359375,-0.9984130859375,-0.0152439028024673,0.4573170840740204,0.1067073196172714,-0.03271484375,-0.1085205078125,1.0111083984375,-0.0609756112098693,-0.1219512224197387,0.091463416814804,0.031982421875,-0.005615234375,1.0267333984375,0.7774390578269958,0.1067073196172714,0.0,0.9999989867210388,-0.0007785292691551,0.0012153033167123,5.5181317293317995e-08,0.9999441504478456,0.0035882778465747,-0.0099466694518923,2.102631242451025e-06,0.9999797344207764,-0.0040251198224723,-0.004932421259582,-1.423174182946241e-07
1900-01-01 11:21:09.440681,-0.0281982421875,-0.0673828125,-0.9945068359375,0.1219512224197387,0.396341472864151,0.1524390280246734,-0.03271484375,-0.1085205078125,1.0111083984375,-0.0609756112098693,-0.1219512224197387,0.091463416814804,0.0335693359375,-0.00634765625,1.028564453125,0.4115853607654571,0.1676829308271408,0.1981707364320755,0.9999989867210388,-0.0007785292691551,0.0012153033167123,5.5181317293317995e-08,0.9999441504478456,0.0035882778465747,-0.0099466694518923,2.102631242451025e-06,0.9999797344207764,-0.0040251198224723,-0.004932421259582,-1.423174182946241e-07
1900-01-01 11:21:09.440844,-0.02587890625,-0.0657958984375,-0.9951171875,0.1371951252222061,0.5640243887901306,-0.1981707364320755,-0.03271484375,-0.1085205078125,1.0111083984375,-0.0609756112098693,-0.1219512224197387,0.091463416814804,0.0302734375,-0.00439453125,1.0240478515625,0.6097561120986938,0.2439024448394775,0.2591463327407837,0.9999989867210388,-0.0007785292691551,0.0012153033167123,5.5181317293317995e-08,0.9999441504478456,0.0035882778465747,-0.0099466694518923,2.102631242451025e-06,0.9999797344207764,-0.0040251198224723,-0.004932421259582,-1.423174182946241e-07
1900-01-01 11:21:09.441005,-0.0245361328125,-0.064697265625,-0.9979248046875,0.0,0.7012194991111755,-0.0152439028024673,-0.03271484375,-0.1085205078125,1.0111083984375,-0.0609756112098693,-0.1219512224197387,0.091463416814804,0.0289306640625,-0.003662109375,1.02392578125,0.7164634466171265,0.2896341383457184,0.0762195140123367,0.9999989867210388,-0.0007785292691551,0.0012153033167123,5.5181317293317995e-08,0.9999441504478456,0.0035882778465747,-0.0099466694518923,2.102631242451025e-06,0.9999797344207764,-0.0040251198224723,-0.004932421259582,-1.423174182946241e-07
1900-01-01 11:21:09.441163,-0.0262451171875,-0.0643310546875,-0.9951171875,-0.045731708407402,0.625,-0.0304878056049346,-0.03271484375,-0.1085205078125,1.0111083984375,-0.0609756112098693,-0.1219512224197387,0.091463416814804,0.0294189453125,-0.006103515625,1.0289306640625,0.5030487775802612,0.3048780560493469,0.045731708407402,0.9999989867210388,-0.0007785292691551,0.0012153033167123,5.5181317293317995e-08,0.9999441504478456,0.0035882778465747,-0.0099466694518923,2.102631242451025e-06,0.9999797344207764,-0.0040251198224723,-0.004932421259582,-1.423174182946241e-07
1900-01-01 11:21:09.441360,-0.029296875,-0.0623779296875,-0.99365234375,-0.1524390280246734,0.5030487775802612,0.091463416814804,-0.03271484375,-0.1085205078125,1.0111083984375,-0.0609756112098693,-0.1219512224197387,0.091463416814804,0.032470703125,-0.0086669921875,1.0250244140625,0.5640243887901306,0.4115853607654571,0.1219512224197387,0.9999989867210388,-0.0007785292691551,0.0012153033167123,5.5181317293317995e-08,0.9999441504478456,0.0035882778465747,-0.0099466694518923,2.102631242451025e-06,0.9999797344207764,-0.0040251198224723,-0.004932421259582,-1.423174182946241e-07
1900-01-01 11:21:09.441519,-0.028076171875,-0.063232421875,-0.99560546875,0.2896341383457184,0.7317073345184326,-0.3353658616542816,-0.03271484375,-0.1085205078125,1.0111083984375,-0.0609756112098693,-0.1219512224197387,0.091463416814804,0.031494140625,-0.0096435546875,1.025390625,0.3201219439506531,0.3506097495555877,0.2286585420370102,0.9999989867210388,-0.0007785292691551,0.0012153033167123,5.5181317293317995e-08,0.9999441504478456,0.0035882778465747,-0.0099466694518923,2.102631242451025e-06,0.9999797344207764,-0.0040251198224723,-0.004932421259582,-1.423174182946241e-07
1900-01-01 11:21:09.441679,-0.0296630859375,-0.064208984375,-0.996826171875,-0.0304878056049346,0.5487805008888245,0.0,-0.03271484375,-0.1085205078125,1.0111083984375,-0.0609756112098693,-0.1219512224197387,0.091463416814804,0.030517578125,-0.00927734375,1.0284423828125,0.396341472864151,0.5640243887901306,0.1067073196172714,0.9999989867210388,-0.0007785292691551,0.0012153033167123,5.5181317293317995e-08,0.9999441504478456,0.0035882778465747,-0.0099466694518923,2.102631242451025e-06,0.9999797344207764,-0.0040251198224723,-0.004932421259582,-1.423174182946241e-07
1900-01-01 11:21:09.441838,-0.029296875,-0.06591796875,-0.995361328125,0.2134146392345428,0.6707317233085632,-0.091463416814804,-0.03271484375,-0.1085205078125,1.0111083984375,-0.0609756112098693,-0.1219512224197387,0.091463416814804,0.0302734375,-0.0086669921875,1.02685546875,0.5487805008888245,0.6707317233085632,0.2896341383457184,0.9999989867210388,-0.0007785292691551,0.0012153033167123,5.5181317293317995e-08,0.9999441504478456,0.0035882778465747,-0.0099466694518923,2.102631242451025e-06,0.9999797344207764,-0.0040251198224723,-0.004932421259582,-1.423174182946241e-07
1900-01-01 11:21:09.442615,-0.0284423828125,-0.0638427734375,-0.994140625,0.2743902504444122,0.6554878354072571,0.0152439028024673,-0.03271484375,-0.1085205078125,1.0111083984375,-0.0609756112098693,-0.1219512224197387,0.091463416814804,0.0313720703125,-0.006103515625,1.0247802734375,0.5030487775802612,0.1829268336296081,0.2134146392345428,0.9999989867210388,-0.0007785292691551,0.0012153033167123,5.5181317293317995e-08,0.9999441504478456,0.0035882778465747,-0.0099466694518923,2.102631242451025e-06,0.9999797344207764,-0.0040251198224723,-0.004932421259582,-1.423174182946241e-07
1900-01-01 11:21:09.447297,-0.02734375,-0.0657958984375,-0.99755859375,0.2743902504444122,0.8079268336296082,-0.1981707364320755,-0.0352783203125,-0.107177734375,1.0087890625,0.3506097495555877,-0.625,-0.0609756112098693,0.031005859375,-0.0079345703125,1.0269775390625,0.5945122241973877,0.2134146392345428,-0.0152439028024673,0.9999989867210388,-0.0007785292691551,0.0012153033167123,5.5181317293317995e-08,0.9999441504478456,0.0035882778465747,-0.0099466694518923,2.102631242451025e-06,0.9999797344207764,-0.0040251198224723,-0.004932421259582,-1.423174182946241e-07
1900-01-01 11:21:09.465331,-0.028564453125,-0.0650634765625,-0.995361328125,-0.1829268336296081,0.6707317233085632,-0.045731708407402,-0.0303955078125,-0.1064453125,1.0108642578125,0.1676829308271408,0.1981707364320755,-0.0152439028024673,0.03125,-0.0078125,1.02734375,0.4420731663703918,0.2743902504444122,0.0762195140123367,0.9999989867210388,-0.0007785292691551,0.0012153033167123,5.5181317293317995e-08,0.9999441504478456,0.0035882778465747,-0.0099466694518923,2.102631242451025e-06,0.9999797344207764,-0.0040251198224723,-0.004932421259582,-1.423174182946241e-07
1900-01-01 11:21:09.465496,-0.02880859375,-0.064697265625,-0.993408203125,0.045731708407402,0.6859756112098694,-0.0762195140123367,-0.0303955078125,-0.1064453125,1.0108642578125,0.1676829308271408,0.1981707364320755,-0.0152439028024673,0.03125,-0.0078125,1.02734375,0.4420731663703918,0.2743902504444122,0.0762195140123367,0.9999989867210388,-0.0007785292691551,0.0012153033167123,5.5181317293317995e-08,0.9999441504478456,0.0035882778465747,-0.0099466694518923,2.102631242451025e-06,0.9999797344207764,-0.0040251198224723,-0.004932421259582,-1.423174182946241e-07
1900-01-01 11:21:09.474330,-0.029296875,-0.0640869140625,-0.99560546875,0.1067073196172714,0.7621951103210449,-0.1981707364320755,-0.0322265625,-0.1080322265625,1.006591796875,0.1676829308271408,0.1981707364320755,-0.0152439028024673,0.03125,-0.0076904296875,1.02392578125,0.4268292784690857,0.3658536672592163,0.2134146392345428,0.9999989867210388,-0.0007785292691551,0.0012153033167123,5.5181317293317995e-08,0.9999441504478456,0.0035882778465747,-0.0099466694518923,2.102631242451025e-06,0.9999797344207764,-0.0040251198224723,-0.004932421259582,-1.423174182946241e-07
1900-01-01 11:21:09.482454,-0.026123046875,-0.064453125,-1.0001220703125,0.0,0.2134146392345428,-0.0609756112098693,-0.0355224609375,-0.1090087890625,1.0037841796875,0.1371951252222061,-0.6707317233085632,0.0,0.0318603515625,-0.0072021484375,1.0260009765625,0.4268292784690857,0.1524390280246734,-0.0609756112098693,0.9999989867210388,-0.0007785292691551,0.0012153033167123,5.5181317293317995e-08,0.9999441504478456,0.0035882778465747,-0.0099466694518923,2.102631242451025e-06,0.9999797344207764,-0.0040251198224723,-0.004932421259582,-1.423174182946241e-07
1900-01-01 11:21:09.491280,-0.0269775390625,-0.0675048828125,-0.9970703125,-0.091463416814804,0.8079268336296082,0.091463416814804,-0.0340576171875,-0.10693359375,1.0107421875,0.4115853607654571,-0.7012194991111755,-0.1524390280246734,0.0306396484375,-0.0072021484375,1.0301513671875,0.5030487775802612,0.4420731663703918,0.045731708407402,0.9999989867210388,-0.0007785292691551,0.0012153033167123,5.5181317293317995e-08,0.9999441504478456,0.0035882778465747,-0.0099466694518923,2.102631242451025e-06,0.9999797344207764,-0.0040251198224723,-0.004932421259582,-1.423174182946241e-07
1900-01-01 11:21:09.500402,-0.0274658203125,-0.0650634765625,-0.993896484375,0.0152439028024673,0.7774390578269958,-0.0304878056049346,-0.031494140625,-0.106689453125,1.0111083984375,0.1067073196172714,0.625,-0.1524390280246734,0.030029296875,-0.0076904296875,1.0286865234375,0.5030487775802612,0.4420731663703918,0.045731708407402,0.9999989867210388,-0.0007785292691551,0.0012153033167123,5.5181317293317995e-08,0.9999441504478456,0.0035882778465747,-0.0099466694518923,2.102631242451025e-06,0.9999797344207764,-0.0040251198224723,-0.004932421259582,-1.423174182946241e-07
1900-01-01 11:21:09.517286,-0.0279541015625,-0.065185546875,-0.99755859375,-0.0762195140123367,0.5182926654815674,-0.2439024448394775,-0.0362548828125,-0.1087646484375,1.0072021484375,0.2134146392345428,-0.8231707215309143,-0.1676829308271408,0.0318603515625,-0.00732421875,1.0283203125,0.5335366129875183,0.2591463327407837,0.1067073196172714,0.9999989867210388,-0.0007785292691551,0.0012153033167123,5.5181317293317995e-08,0.9999441504478456,0.0035882778465747,-0.0099466694518923,2.102631242451025e-06,0.9999797344207764,-0.0040251198224723,-0.004932421259582,-1.423174182946241e-07
1900-01-01 11:21:09.535294,-0.0294189453125,-0.0660400390625,-0.999755859375,0.2591463327407837,0.5792682766914368,-0.0152439028024673,-0.0343017578125,-0.109130859375,1.011962890625,0.1067073196172714,-0.1981707364320755,-0.091463416814804,0.03125,-0.007568359375,1.027099609375,0.4878048896789551,0.5030487775802612,0.4573170840740204,0.9999989867210388,-0.0007785292691551,0.0012153033167123,5.5181317293317995e-08,0.9999441504478456,0.0035882778465747,-0.0099466694518923,2.102631242451025e-06,0.9999797344207764,-0.0040251198224723,-0.004932421259582,-1.423174182946241e-07
1900-01-01 11:21:09.535411,-0.0308837890625,-0.0650634765625,-0.995361328125,-0.1067073196172714,0.4268292784690857,0.0,-0.0343017578125,-0.109130859375,1.011962890625,0.1067073196172714,-0.1981707364320755,-0.091463416814804,0.03125,-0.007568359375,1.027099609375,0.4878048896789551,0.5030487775802612,0.4573170840740204,0.9999989867210388,-0.0007785292691551,0.0012153033167123,5.5181317293317995e-08,0.9999441504478456,0.0035882778465747,-0.0099466694518923,2.102631242451025e-06,0.9999797344207764,-0.0040251198224723,-0.004932421259582,-1.423174182946241e-07
1900-01-01 11:21:09.548713,-0.0279541015625,-0.0614013671875,-0.9932861328125,0.1219512224197387,0.3201219439506531,0.2286585420370102,-0.0343017578125,-0.109130859375,1.011962890625,0.1067073196172714,-0.1981707364320755,-0.091463416814804,0.0294189453125,-0.0072021484375,1.02587890625,0.4878048896789551,0.5030487775802612,0.4573170840740204,0.9999989867210388,-0.0007785292691551,0.0012153033167123,5.5181317293317995e-08,0.9999441504478456,0.0035882778465747,-0.0099466694518923,2.102631242451025e-06,0.9999797344207764,-0.0040251198224723,-0.004932421259582,-1.423174182946241e-07
1900-01-01 11:21:09.570973,-0.0260009765625,-0.063232421875,-0.9976806640625,0.1371951252222061,0.4725609719753265,-0.1524390280246734,-0.033447265625,-0.1097412109375,1.0091552734375,0.0152439028024673,0.960365891456604,-0.1524390280246734,0.0294189453125,-0.0072021484375,1.02587890625,0.5030487775802612,0.2896341383457184,0.1219512224197387,0.9999989867210388,-0.0007785292691551,0.0012153033167123,5.5181317293317995e-08,0.9999441504478456,0.0035882778465747,-0.0099466694518923,2.102631242451025e-06,0.9999797344207764,-0.0040251198224723,-0.004932421259582,-1.423174182946241e-07
1900-01-01 11:21:09.587653,-0.025634765625,-0.06591796875,-0.996826171875,0.1067073196172714,0.4420731663703918,0.1981707364320755,-0.034423828125,-0.10888671875,1.0050048828125,0.1067073196172714,0.3048780560493469,-0.1981707364320755,0.031494140625,-0.0078125,1.030029296875,0.6707317233085632,0.1371951252222061,0.0609756112098693,0.9999989867210388,-0.0007785292691551,0.0012153033167123,5.5181317293317995e-08,0.9999441504478456,0.0035877542104572,-0.009946858510375,5.47393319720868e-05,0.9999797344207764,-0.0040251198224723,-0.004932421259582,-1.423174182946241e-07
1900-01-01 11:21:09.593167,-0.0286865234375,-0.0667724609375,-0.995849609375,0.1067073196172714,0.6707317233085632,-0.2591463327407837,-0.03466796875,-0.1070556640625,1.0074462890625,0.1067073196172714,0.3048780560493469,-0.1981707364320755,0.031005859375,-0.0087890625,1.0277099609375,0.4878048896789551,0.1981707364320755,0.4420731663703918,0.9999989867210388,-0.0007785292691551,0.0012153033167123,5.5181317293317995e-08,0.9999441504478456,0.0035877542104572,-0.009946858510375,5.47393319720868e-05,0.9999797344207764,-0.0040251198224723,-0.004932421259582,-1.423174182946241e-07
1900-01-01 11:21:09.598883,-0.02978515625,-0.065673828125,-0.996826171875,-0.045731708407402,0.4573170840740204,-0.1524390280246734,-0.03466796875,-0.1070556640625,1.0074462890625,0.2134146392345428,-0.8079268336296082,-0.2743902504444122,0.031005859375,-0.0087890625,1.0277099609375,0.4878048896789551,0.1981707364320755,0.4420731663703918,0.9999989867210388,-0.0007785292691551,0.0012153033167123,5.5181317293317995e-08,0.9999441504478456,0.0035877542104572,-0.009946858510375,5.47393319720868e-05,0.9999797344207764,-0.0040251198224723,-0.004932421259582,-1.423174182946241e-07
1900-01-01 11:21:09.614472,-0.0281982421875,-0.063720703125,-0.9952392578125,0.1067073196172714,0.3506097495555877,-0.0152439028024673,-0.0318603515625,-0.1070556640625,1.0118408203125,0.2134146392345428,-0.8079268336296082,-0.2743902504444122,0.031005859375,-0.0087890625,1.0277099609375,0.4878048896789551,0.1981707364320755,0.4420731663703918,0.9999989867210388,-0.0007785292691551,0.0012153033167123,5.5181317293317995e-08,0.9999441504478456,0.0035877542104572,-0.009946858510375,5.47393319720868e-05,0.9999797344207764,-0.0040251198224723,-0.004932421259582,-1.423174182946241e-07
1900-01-01 11:21:09.630586,-0.0279541015625,-0.06396484375,-0.9949951171875,-0.2743902504444122,0.5182926654815674,-0.0152439028024673,-0.033935546875,-0.10888671875,1.0086669921875,0.396341472864151,0.7621951103210449,-0.1219512224197387,0.031982421875,-0.0068359375,1.0250244140625,0.4878048896789551,0.1981707364320755,0.4420731663703918,0.9999989867210388,-0.0007785292691551,0.0012153033167123,5.5181317293317995e-08,0.9999441504478456,0.0035877542104572,-0.009946858510375,5.47393319720868e-05,0.9999797344207764,-0.0040251198224723,-0.004932421259582,-1.423174182946241e-07
1900-01-01 11:21:09.689935,-0.0294189453125,-0.0628662109375,-0.995361328125,0.1219512224197387,0.6402438879013062,0.045731708407402,-0.0343017578125,-0.1104736328125,1.004638671875,0.0762195140123367,0.3658536672592163,-0.0152439028024673,0.031494140625,-0.007568359375,1.0269775390625,0.3810975551605224,0.1981707364320755,0.2896341383457184,0.9999989867210388,-0.0007785292691551,0.0012153033167123,5.5181317293317995e-08,0.9999441504478456,0.0035877542104572,-0.009946858510375,5.47393319720868e-05,0.9999797344207764,-0.0040251198224723,-0.004932421259582,-1.423174182946241e-07
1900-01-01 11:21:09.716897,-0.02978515625,-0.063232421875,-0.9954833984375,0.0609756112098693,0.4420731663703918,0.1829268336296081,-0.0350341796875,-0.1094970703125,1.00341796875,0.0762195140123367,0.3658536672592163,-0.0152439028024673,0.0306396484375,-0.0079345703125,1.02490234375,0.3810975551605224,0.1981707364320755,0.2896341383457184,0.9999989867210388,-0.0007785292691551,0.0012153033167123,5.5181317293317995e-08,0.9999441504478456,0.0035877542104572,-0.009946858510375,5.47393319720868e-05,0.9999797344207764,-0.0040251198224723,-0.004932421259582,-1.423174182946241e-07
1900-01-01 11:21:09.739917,-0.0286865234375,-0.0640869140625,-0.9949951171875,-0.1067073196172714,0.2134146392345428,-0.0152439028024673,-0.0311279296875,-0.1094970703125,1.009033203125,0.2743902504444122,-0.5030487775802612,0.0,0.0301513671875,-0.0040283203125,1.02734375,0.5030487775802612,0.4115853607654571,0.3201219439506531,0.9999989867210388,-0.0007785292691551,0.0012153033167123,5.5181317293317995e-08,0.9999441504478456,0.0035877542104572,-0.009946858510375,5.47393319720868e-05,0.9999797344207764,-0.0040251198224723,-0.004932421259582,-1.423174182946241e-07
1900-01-01 11:21:09.798902,-0.0277099609375,-0.06494140625,-0.9971923828125,0.091463416814804,0.5182926654815674,0.0,-0.0311279296875,-0.1094970703125,1.009033203125,0.2743902504444122,-0.1676829308271408,0.0304878056049346,0.03076171875,-0.0057373046875,1.025634765625,0.625,0.2134146392345428,0.2896341383457184,0.9999989867210388,-0.0007785292691551,0.0012153033167123,5.5181317293317995e-08,0.9999441504478456,0.0035877542104572,-0.009946858510375,5.47393319720868e-05,0.9999797344207764,-0.0040251198224723,-0.004932421259582,-1.423174182946241e-07
1900-01-01 11:21:09.820617,-0.0279541015625,-0.0640869140625,-0.996826171875,0.1981707364320755,0.4878048896789551,0.0152439028024673,-0.0322265625,-0.10888671875,1.009765625,0.2591463327407837,0.4115853607654571,0.0,0.03076171875,-0.0057373046875,1.025634765625,0.5182926654815674,0.2134146392345428,0.1981707364320755,0.9999989867210388,-0.0007785292691551,0.0012153033167123,5.5181317293317995e-08,0.9999441504478456,0.0035877542104572,-0.009946858510375,5.47393319720868e-05,0.9999797344207764,-0.0040251198224723,-0.004932421259582,-1.423174182946241e-07
1900-01-01 11:21:09.853261,-0.02587890625,-0.0648193359375,-0.9954833984375,0.0609756112098693,0.4573170840740204,-0.0152439028024673,-0.0333251953125,-0.10791015625,1.0047607421875,0.4115853607654571,-0.7012194991111755,-0.091463416814804,0.0306396484375,-0.0062255859375,1.0257568359375,0.6097561120986938,0.3810975551605224,0.1371951252222061,0.9999989867210388,-0.0007785292691551,0.0012153033167123,5.5181317293317995e-08,0.9999441504478456,0.0035877542104572,-0.009946858510375,5.47393319720868e-05,0.9999797344207764,-0.0040251198224723,-0.004932421259582,-1.423174182946241e-07
1900-01-01 11:21:09.905438,-0.02783203125,-0.0655517578125,-0.9964599609375,0.3353658616542816,0.3201219439506531,0.2286585420370102,-0.032470703125,-0.1082763671875,1.010498046875,0.4115853607654571,-0.7012194991111755,-0.091463416814804,0.03173828125,-0.0062255859375,1.02734375,0.6097561120986938,0.3810975551605224,0.1371951252222061,0.9999989867210388,-0.0007785292691551,0.0012153033167123,5.5181317293317995e-08,0.9999441504478456,0.0035877542104572,-0.009946858510375,5.47393319720868e-05,0.9999797344207764,-0.0040251198224723,-0.004932421259582,-1.423174182946241e-07
1900-01-01 11:21:09.918214,-0.0272216796875,-0.0655517578125,-0.998291015625,0.0304878056049346,0.4878048896789551,-0.0762195140123367,-0.03369140625,-0.1085205078125,1.0111083984375,0.2134146392345428,0.396341472864151,-0.1219512224197387,0.031494140625,-0.00830078125,1.0260009765625,0.6554878354072571,0.3353658616542816,0.3048780560493469,0.9999989867210388,-0.0007785292691551,0.0012153033167123,5.5181317293317995e-08,0.9999441504478456,0.0035877542104572,-0.009946858510375,5.47393319720868e-05,0.9999797344207764,-0.0040251198224723,-0.004932421259582,-1.423174182946241e-07
1900-01-01 11:21:09.919010,-0.0283203125,-0.0670166015625,-0.9959716796875,0.0762195140123367,0.3353658616542816,0.091463416814804,-0.035400390625,-0.1058349609375,1.0074462890625,0.2591463327407837,-0.2591463327407837,-0.2591463327407837,0.0294189453125,-0.0076904296875,1.0284423828125,0.4115853607654571,0.3353658616542816,0.0762195140123367,0.9999989867210388,-0.0007785292691551,0.0012153033167123,5.5181317293317995e-08,0.9999441504478456,0.0035877542104572,-0.009946858510375,5.47393319720868e-05,0.9999797344207764,-0.0040251198224723,-0.004932421259582,-1.423174182946241e-07
1900-01-01 11:21:09.919275,-0.0269775390625,-0.0679931640625,-0.9976806640625,0.1371951252222061,0.4725609719753265,0.0762195140123367,-0.035400390625,-0.1058349609375,1.0074462890625,0.3810975551605224,-0.5182926654815674,-0.1067073196172714,0.0294189453125,-0.0076904296875,1.0284423828125,0.4115853607654571,0.3353658616542816,0.0762195140123367,0.9999989867210388,-0.0007785292691551,0.0012153033167123,5.5181317293317995e-08,0.9999441504478456,0.0035877542104572,-0.009946858510375,5.47393319720868e-05,0.9999797344207764,-0.0040251198224723,-0.004932421259582,-1.423174182946241e-07
1900-01-01 11:21:09.920393,-0.026611328125,-0.0665283203125,-0.9990234375,0.396341472864151,0.4420731663703918,0.0304878056049346,-0.031982421875,-0.107177734375,1.0093994140625,0.0152439028024673,0.625,-0.1371951252222061,0.0323486328125,-0.0081787109375,1.0274658203125,0.4420731663703918,0.1981707364320755,0.045731708407402,0.9999989867210388,-0.0007785292691551,0.0012153033167123,5.5181317293317995e-08,0.9999441504478456,0.0035877542104572,-0.009946858510375,5.47393319720868e-05,0.9999797344207764,-0.0040251198224723,-0.004932421259582,-1.423174182946241e-07
1900-01-01 11:21:09.920897,-0.02783203125,-0.0660400390625,-0.9959716796875,0.091463416814804,0.3506097495555877,-0.0762195140123367,-0.0335693359375,-0.109619140625,1.0052490234375,0.3048780560493469,-0.5030487775802612,-0.0762195140123367,0.0313720703125,-0.0087890625,1.0283203125,0.4268292784690857,0.2896341383457184,0.2134146392345428,0.9999989867210388,-0.0007785292691551,0.0012153033167123,5.5181317293317995e-08,0.9999441504478456,0.0035877542104572,-0.009946858510375,5.47393319720868e-05,0.9999797344207764,-0.0040251198224723,-0.004932421259582,-1.423174182946241e-07
1900-01-01 11:21:09.921048,-0.0286865234375,-0.0643310546875,-0.9942626953125,0.1067073196172714,0.3201219439506531,0.0304878056049346,-0.0323486328125,-0.109375,1.0101318359375,0.3048780560493469,-0.5030487775802612,-0.0762195140123367,0.0313720703125,-0.0087890625,1.0283203125,0.4268292784690857,0.2896341383457184,0.2134146392345428,0.9999989867210388,-0.0007785292691551,0.0012153033167123,5.5181317293317995e-08,0.9999441504478456,0.0035877542104572,-0.009946858510375,5.47393319720868e-05,0.9999797344207764,-0.0040251198224723,-0.004932421259582,-1.423174182946241e-07
1900-01-01 11:21:09.921362,-0.029296875,-0.063720703125,-0.9947509765625,-0.1676829308271408,0.8079268336296082,-0.1981707364320755,-0.0323486328125,-0.109375,1.0101318359375,0.2286585420370102,0.0609756112098693,-0.1829268336296081,0.0313720703125,-0.0089111328125,1.0289306640625,0.4420731663703918,0.396341472864151,0.3201219439506531,0.9999989867210388,-0.0007785292691551,0.0012153033167123,5.5181317293317995e-08,0.9999441504478456,0.0035877542104572,-0.009946858510375,5.47393319720868e-05,0.9999797344207764,-0.0040251198224723,-0.004932421259582,-1.423174182946241e-07
1900-01-01 11:21:09.921671,-0.030517578125,-0.062744140625,-0.9952392578125,0.1067073196172714,0.3353658616542816,-0.1981707364320755,-0.0335693359375,-0.10986328125,1.0068359375,0.1219512224197387,0.4268292784690857,-0.091463416814804,0.0311279296875,-0.00634765625,1.026611328125,0.4420731663703918,0.396341472864151,0.3201219439506531,0.9999989867210388,-0.0007785292691551,0.0012153033167123,5.5181317293317995e-08,0.9999441504478456,0.0035877542104572,-0.009946858510375,5.47393319720868e-05,0.9999797344207764,-0.0040251198224723,-0.004932421259582,-1.423174182946241e-07
1900-01-01 11:21:09.921967,-0.0294189453125,-0.063232421875,-0.9937744140625,0.2134146392345428,0.3201219439506531,-0.1829268336296081,-0.0335693359375,-0.10986328125,1.0068359375,0.1219512224197387,0.4268292784690857,-0.091463416814804,0.0311279296875,-0.00634765625,1.026611328125,0.4878048896789551,0.2896341383457184,0.1981707364320755,0.9999989867210388,-0.0007785292691551,0.0012153033167123,5.5181317293317995e-08,0.9999441504478456,0.0035877542104572,-0.009946858510375,5.47393319720868e-05,0.9999797344207764,-0.0040251198224723,-0.004932421259582,-1.423174182946241e-07
1900-01-01 11:21:09.922510,-0.029052734375,-0.063720703125,-0.99560546875,0.0762195140123367,0.625,0.0304878056049346,-0.034423828125,-0.1087646484375,1.0091552734375,0.2134146392345428,-0.4420731663703918,-0.0152439028024673,0.0313720703125,-0.0069580078125,1.0262451171875,0.5487805008888245,0.2743902504444122,0.2591463327407837,0.9999989867210388,-0.0007785292691551,0.0012153033167123,5.5181317293317995e-08,0.9999441504478456,0.0035877542104572,-0.009946858510375,5.47393319720868e-05,0.9999797344207764,-0.0040251198224723,-0.004932421259582,-1.423174182946241e-07
1900-01-01 11:21:09.922924,-0.0291748046875,-0.064453125,-0.997314453125,0.1219512224197387,0.2896341383457184,0.0,-0.0367431640625,-0.10791015625,1.0084228515625,0.2896341383457184,0.1524390280246734,0.0152439028024673,0.03076171875,-0.0057373046875,1.025146484375,0.7012194991111755,0.2591463327407837,0.1829268336296081,0.9999989867210388,-0.0007785292691551,0.0012153033167123,5.5181317293317995e-08,0.9999441504478456,0.0035877542104572,-0.009946858510375,5.47393319720868e-05,0.9999797344207764,-0.0040251198224723,-0.004932421259582,-1.423174182946241e-07
1900-01-01 11:21:09.923181,-0.0277099609375,-0.0662841796875,-0.9971923828125,0.2591463327407837,0.4878048896789551,0.091463416814804,-0.034912109375,-0.1065673828125,1.0069580078125,0.1676829308271408,-0.1067073196172714,-0.0304878056049346,0.029296875,-0.005859375,1.024658203125,0.7012194991111755,0.2591463327407837,0.1829268336296081,0.9999989867210388,-0.0007785292691551,0.0012153033167123,5.5181317293317995e-08,0.9999441504478456,0.0035877542104572,-0.009946858510375,5.47393319720868e-05,0.9999797344207764,-0.0040251198224723,-0.004932421259582,-1.423174182946241e-07
1900-01-01 11:21:09.924810,-0.028076171875,-0.066650390625,-0.9976806640625,0.3201219439506531,0.3201219439506531,-0.1981707364320755,-0.031982421875,-0.1109619140625,1.0087890625,0.1524390280246734,-0.3506097495555877,-0.1219512224197387,0.0313720703125,-0.0072021484375,1.0269775390625,0.8384146690368652,0.4878048896789551,0.1676829308271408,0.9999989867210388,-0.0007785292691551,0.0012153033167123,5.5181317293317995e-08,0.9999441504478456,0.0035877542104572,-0.009946858510375,5.47393319720868e-05,0.9999797344207764,-0.0040251198224723,-0.004932421259582,-1.423174182946241e-07
1900-01-01 11:21:09.925334,-0.02685546875,-0.065185546875,-0.9976806640625,0.1829268336296081,0.7164634466171265,0.045731708407402,-0.034912109375,-0.109130859375,1.0047607421875,0.0609756112098693,0.4878048896789551,-0.0762195140123367,0.0313720703125,-0.0040283203125,1.025390625,0.3201219439506531,0.396341472864151,0.3048780560493469,0.9999989867210388,-0.0007785292691551,0.0012153033167123,5.5181317293317995e-08,0.9999441504478456,0.0035877542104572,-0.009946858510375,5.47393319720868e-05,0.9999797344207764,-0.0040251198224723,-0.004932421259582,-1.423174182946241e-07
1900-01-01 11:21:09.925591,-0.0244140625,-0.0640869140625,-0.9976806640625,-0.091463416814804,0.4573170840740204,-0.1371951252222061,-0.034912109375,-0.109130859375,1.0047607421875,0.045731708407402,-0.2896341383457184,-0.0304878056049346,0.031494140625,-0.006591796875,1.0240478515625,0.625,0.2134146392345428,0.396341472864151,0.9999989867210388,-0.0007785292691551,0.0012153033167123,5.5181317293317995e-08,0.9999441504478456,0.0035877542104572,-0.009946858510375,5.47393319720868e-05,0.9999797344207764,-0.0040251198224723,-0.004932421259582,-1.423174182946241e-07
1900-01-01 11:21:09.925665,-0.0260009765625,-0.0675048828125,-0.9971923828125,-0.045731708407402,0.6097561120986938,-0.1829268336296081,-0.034912109375,-0.109130859375,1.0047607421875,0.045731708407402,-0.2896341383457184,-0.0304878056049346,0.031494140625,-0.006591796875,1.0240478515625,0.625,0.2134146392345428,0.396341472864151,0.9999989867210388,-0.0007785292691551,0.0012153033167123,5.5181317293317995e-08,0.9999441504478456,0.0035877542104572,-0.009946858510375,5.47393319720868e-05,0.9999797344207764,-0.0040251198224723,-0.004932421259582,-1.423174182946241e-07
1900-01-01 11:21:09.925742,-0.027099609375,-0.0679931640625,-0.995849609375,0.0152439028024673,0.5640243887901306,-0.091463416814804,-0.034912109375,-0.109130859375,1.0047607421875,0.045731708407402,-0.2896341383457184,-0.0304878056049346,0.031494140625,-0.006591796875,1.0240478515625,0.625,0.2134146392345428,0.396341472864151,0.9999989867210388,-0.0007785292691551,0.0012153033167123,5.5181317293317995e-08,0.9999441504478456,0.0035877542104572,-0.009946858510375,5.47393319720868e-05,0.9999797344207764,-0.0040251198224723,-0.004932421259582,-1.423174182946241e-07
1900-01-01 11:21:09.925810,-0.0267333984375,-0.0662841796875,-0.99755859375,0.2134146392345428,0.4573170840740204,0.1067073196172714,-0.034912109375,-0.109130859375,1.0047607421875,0.045731708407402,-0.2896341383457184,-0.0304878056049346,0.031494140625,-0.006591796875,1.0240478515625,0.625,0.2134146392345428,0.396341472864151,0.9999989867210388,-0.0007785292691551,0.0012153033167123,5.5181317293317995e-08,0.9999441504478456,0.0035877542104572,-0.009946858510375,5.47393319720868e-05,0.9999797344207764,-0.0040251198224723,-0.004932421259582,-1.423174182946241e-07
1900-01-01 11:21:09.925878,-0.0283203125,-0.0655517578125,-0.996826171875,-0.1371951252222061,0.6707317233085632,-0.1829268336296081,-0.034912109375,-0.109130859375,1.0047607421875,0.045731708407402,-0.2896341383457184,-0.0304878056049346,0.031494140625,-0.006591796875,1.0240478515625,0.625,0.2134146392345428,0.396341472864151,0.9999989867210388,-0.0007785292691551,0.0012153033167123,5.5181317293317995e-08,0.9999441504478456,0.0035877542104572,-0.009946858510375,5.47393319720868e-05,0.9999797344207764,-0.0040251198224723,-0.004932421259582,-1.423174182946241e-07
1900-01-01 11:21:09.925952,-0.029541015625,-0.0631103515625,-0.99462890625,0.1981707364320755,0.4115853607654571,-0.0762195140123367,-0.034912109375,-0.109130859375,1.0047607421875,0.045731708407402,-0.2896341383457184,-0.0304878056049346,0.031494140625,-0.006591796875,1.0240478515625,0.625,0.2134146392345428,0.396341472864151,0.9999989867210388,-0.0007785292691551,0.0012153033167123,5.5181317293317995e-08,0.9999441504478456,0.0035877542104572,-0.009946858510375,5.47393319720868e-05,0.9999797344207764,-0.0040251198224723,-0.004932421259582,-1.423174182946241e-07
1900-01-01 11:21:09.926025,-0.03125,-0.0623779296875,-0.9931640625,-0.0152439028024673,0.4420731663703918,0.0304878056049346,-0.034912109375,-0.109130859375,1.0047607421875,0.045731708407402,-0.2896341383457184,-0.0304878056049346,0.031494140625,-0.006591796875,1.0240478515625,0.625,0.2134146392345428,0.396341472864151,0.9999989867210388,-0.0007785292691551,0.0012153033167123,5.5181317293317995e-08,0.9999441504478456,0.0035877542104572,-0.009946858510375,5.47393319720868e-05,0.9999797344207764,-0.0040251198224723,-0.004932421259582,-1.423174182946241e-07
1900-01-01 11:21:09.926093,-0.029541015625,-0.0623779296875,-0.994873046875,0.091463416814804,0.5487805008888245,-0.091463416814804,-0.034912109375,-0.109130859375,1.0047607421875,0.045731708407402,-0.2896341383457184,-0.0304878056049346,0.031494140625,-0.006591796875,1.0240478515625,0.625,0.2134146392345428,0.396341472864151,0.9999989867210388,-0.0007785292691551,0.0012153033167123,5.5181317293317995e-08,0.9999441504478456,0.0035877542104572,-0.009946858510375,5.47393319720868e-05,0.9999797344207764,-0.0040251198224723,-0.004932421259582,-1.423174182946241e-07
1900-01-01 11:21:09.926165,-0.0291748046875,-0.0634765625,-0.9959716796875,0.3048780560493469,0.7621951103210449,-0.1219512224197387,-0.034912109375,-0.109130859375,1.0047607421875,0.045731708407402,-0.2896341383457184,-0.0304878056049346,0.031494140625,-0.006591796875,1.0240478515625,0.625,0.2134146392345428,0.396341472864151,0.9999989867210388,-0.0007785292691551,0.0012153033167123,5.5181317293317995e-08,0.9999441504478456,0.0035877542104572,-0.009946858510375,5.47393319720868e-05,0.9999797344207764,-0.0040251198224723,-0.004932421259582,-1.423174182946241e-07
1900-01-01 11:21:09.926233,-0.02783203125,-0.063720703125,-0.994140625,0.045731708407402,0.4725609719753265,0.0152439028024673,-0.034912109375,-0.109130859375,1.0047607421875,0.045731708407402,-0.2896341383457184,-0.0304878056049346,0.031494140625,-0.006591796875,1.0240478515625,0.625,0.2134146392345428,0.396341472864151,0.9999989867210388,-0.0007785292691551,0.0012153033167123,5.5181317293317995e-08,0.9999441504478456,0.0035877542104572,-0.009946858510375,5.47393319720868e-05,0.9999797344207764,-0.0040251198224723,-0.004932421259582,-1.423174182946241e-07
1900-01-01 11:21:09.926431,-0.0272216796875,-0.064697265625,-0.9942626953125,0.1829268336296081,0.396341472864151,0.091463416814804,-0.034912109375,-0.109130859375,1.0047607421875,0.045731708407402,-0.2896341383457184,-0.0304878056049346,0.031494140625,-0.006591796875,1.0240478515625,0.625,0.2134146392345428,0.396341472864151,0.9999989867210388,-0.0007785292691551,0.0012153033167123,5.5181317293317995e-08,0.9999441504478456,0.0035877542104572,-0.009946858510375,5.47393319720868e-05,0.9999797344207764,-0.0040251198224723,-0.004932421259582,-1.423174182946241e-07
1900-01-01 11:21:09.938328,-0.026611328125,-0.0670166015625,-0.998779296875,0.045731708407402,0.6707317233085632,-0.1067073196172714,-0.0340576171875,-0.107421875,1.009765625,0.3810975551605224,-0.6707317233085632,-0.5487805008888245,0.03173828125,-0.0084228515625,1.0284423828125,0.4573170840740204,0.2439024448394775,0.2439024448394775,0.9999989867210388,-0.0007785292691551,0.0012153033167123,5.5181317293317995e-08,0.9999441504478456,0.0035877542104572,-0.009946858510375,5.47393319720868e-05,0.9999797344207764,-0.0040251198224723,-0.004932421259582,-1.423174182946241e-07
1900-01-01 11:21:09.955317,-0.025390625,-0.0660400390625,-0.9949951171875,0.1371951252222061,0.4420731663703918,-0.091463416814804,-0.0318603515625,-0.1058349609375,1.00830078125,0.1371951252222061,0.2896341383457184,0.0762195140123367,0.031982421875,-0.00927734375,1.0255126953125,0.3810975551605224,0.2286585420370102,0.1219512224197387,0.9999989867210388,-0.0007785292691551,0.0012153033167123,5.5181317293317995e-08,0.9999441504478456,0.0035877542104572,-0.009946858510375,5.47393319720868e-05,0.9999797344207764,-0.0040251198224723,-0.004932421259582,-1.423174182946241e-07
1900-01-01 11:21:09.955598,-0.0264892578125,-0.064453125,-0.994873046875,0.3353658616542816,0.4573170840740204,-0.1067073196172714,-0.0318603515625,-0.1058349609375,1.00830078125,0.1371951252222061,0.2896341383457184,0.0762195140123367,0.031982421875,-0.00927734375,1.0255126953125,0.3810975551605224,0.2286585420370102,0.1219512224197387,0.9999989867210388,-0.0007785292691551,0.0012153033167123,5.5181317293317995e-08,0.9999441504478456,0.0035877542104572,-0.009946858510375,5.47393319720868e-05,0.9999797344207764,-0.0040251198224723,-0.004932421259582,-1.423174182946241e-07
1900-01-01 11:21:09.964397,-0.02734375,-0.06494140625,-0.996826171875,0.2134146392345428,0.3658536672592163,0.0152439028024673,-0.0325927734375,-0.106689453125,1.0074462890625,0.1371951252222061,0.2896341383457184,0.0762195140123367,0.029052734375,-0.0091552734375,1.028076171875,0.5487805008888245,0.4725609719753265,0.2591463327407837,0.9999989867210388,-0.0007785292691551,0.0012153033167123,5.5181317293317995e-08,0.9999441504478456,0.0035877542104572,-0.009946858510375,5.47393319720868e-05,0.9999797344207764,-0.0040251198224723,-0.004932421259582,-1.423174182946241e-07
1900-01-01 11:21:09.973794,-0.0289306640625,-0.0665283203125,-0.996337890625,-0.0609756112098693,0.4878048896789551,-0.1676829308271408,-0.03173828125,-0.1083984375,1.0091552734375,0.3810975551605224,0.0152439028024673,-0.0609756112098693,0.0302734375,-0.0072021484375,1.0274658203125,0.4115853607654571,0.3048780560493469,0.1981707364320755,0.9999989867210388,-0.0007785292691551,0.0012153033167123,5.5181317293317995e-08,0.9999441504478456,0.0035877542104572,-0.009946858510375,5.47393319720868e-05,0.9999797344207764,-0.0040251198224723,-0.004932421259582,-1.423174182946241e-07
1900-01-01 11:21:09.981358,-0.0263671875,-0.0634765625,-0.9942626953125,0.0,0.5487805008888245,-0.1371951252222061,-0.03173828125,-0.1083984375,1.0091552734375,0.3810975551605224,0.0152439028024673,-0.0609756112098693,0.0302734375,-0.0072021484375,1.0274658203125,0.5945122241973877,0.1676829308271408,0.091463416814804,0.9999989867210388,-0.0007785292691551,0.0012153033167123,5.5181317293317995e-08,0.9999441504478456,0.0035877542104572,-0.009946858510375,5.47393319720868e-05,0.9999797344207764,-0.0040251198224723,-0.004932421259582,-1.423174182946241e-07
1900-01-01 11:21:09.990302,-0.02783203125,-0.0635986328125,-0.9951171875,0.091463416814804,0.3353658616542816,-0.091463416814804,-0.03271484375,-0.1083984375,1.0081787109375,0.045731708407402,0.2134146392345428,-0.2286585420370102,0.0308837890625,-0.006591796875,1.026123046875,0.5945122241973877,0.3506097495555877,0.0152439028024673,0.9999989867210388,-0.0007785292691551,0.0012153033167123,5.5181317293317995e-08,0.9999441504478456,0.0035877542104572,-0.009946858510375,5.47393319720868e-05,0.9999797344207764,-0.0040251198224723,-0.004932421259582,-1.423174182946241e-07
1900-01-01 11:21:10.007324,-0.029052734375,-0.064208984375,-1.0008544921875,-0.0152439028024673,0.5182926654815674,-0.1219512224197387,-0.0350341796875,-0.108154296875,1.008544921875,0.2743902504444122,-0.5792682766914368,-0.2439024448394775,0.0328369140625,-0.00634765625,1.0279541015625,0.4878048896789551,0.4115853607654571,0.2591463327407837,0.9999989867210388,-0.0007785292691551,0.0012153033167123,5.5181317293317995e-08,0.9999441504478456,0.0035877542104572,-0.009946858510375,5.47393319720868e-05,0.9999797344207764,-0.0040251198224723,-0.004932421259582,-1.423174182946241e-07
1900-01-01 11:21:10.028530,-0.0291748046875,-0.0645751953125,-0.993896484375,0.2134146392345428,0.3201219439506531,0.1067073196172714,-0.0343017578125,-0.1092529296875,1.0089111328125,0.045731708407402,0.0304878056049346,0.3506097495555877,0.0318603515625,-0.005859375,1.0244140625,0.5335366129875183,0.5182926654815674,0.0762195140123367,0.9999989867210388,-0.0007785292691551,0.0012153033167123,5.5181317293317995e-08,0.9999441504478456,0.0035877542104572,-0.009946858510375,5.47393319720868e-05,0.9999797344207764,-0.0040251198224723,-0.004932421259582,-1.423174182946241e-07
1900-01-01 11:21:10.028844,-0.028564453125,-0.0654296875,-0.9906005859375,0.0304878056049346,0.5335366129875183,0.0609756112098693,-0.0343017578125,-0.1092529296875,1.0089111328125,0.045731708407402,0.0304878056049346,0.3506097495555877,0.0301513671875,-0.0052490234375,1.0244140625,0.4268292784690857,0.2743902504444122,0.1981707364320755,0.9999989867210388,-0.0007785292691551,0.0012153033167123,5.5181317293317995e-08,0.9999441504478456,0.0035877542104572,-0.009946858510375,5.47393319720868e-05,0.9999797344207764,-0.0040251198224723,-0.004932421259582,-1.423174182946241e-07
1900-01-01 11:21:10.044521,-0.0279541015625,-0.06298828125,-0.9949951171875,0.3201219439506531,0.5182926654815674,-0.2286585420370102,-0.0343017578125,-0.1092529296875,1.0089111328125,0.045731708407402,0.0304878056049346,0.3506097495555877,0.0301513671875,-0.0052490234375,1.0244140625,0.4268292784690857,0.2743902504444122,0.1981707364320755,0.9999989867210388,-0.0007785292691551,0.0012153033167123,5.5181317293317995e-08,0.9999441504478456,0.0035877542104572,-0.009946858510375,5.47393319720868e-05,0.9999797344207764,-0.0040251198224723,-0.004932421259582,-1.423174182946241e-07
1900-01-01 11:21:10.055609,-0.02734375,-0.062744140625,-0.9952392578125,0.3048780560493469,0.5335366129875183,0.091463416814804,-0.0330810546875,-0.110107421875,1.004638671875,-0.0152439028024673,0.8536585569381714,-0.1676829308271408,0.0302734375,-0.0064697265625,1.026611328125,0.4268292784690857,0.2743902504444122,0.1981707364320755,0.9999989867210388,-0.0007785292691551,0.0012153033167123,5.5181317293317995e-08,0.9999441504478456,0.0035877542104572,-0.009946858510375,5.47393319720868e-05,0.9999797344207764,-0.0040251198224723,-0.004932421259582,-1.423174182946241e-07
1900-01-01 11:21:10.061018,-0.0269775390625,-0.0633544921875,-0.994873046875,-0.0304878056049346,0.4268292784690857,0.2134146392345428,-0.0330810546875,-0.110107421875,1.004638671875,-0.0152439028024673,0.8536585569381714,-0.1676829308271408,0.0302734375,-0.0064697265625,1.026611328125,0.4268292784690857,0.2743902504444122,0.1981707364320755,0.9999989867210388,-0.0007785292691551,0.0012153033167123,5.5181317293317995e-08,0.9999441504478456,0.0035877542104572,-0.009946858510375,5.47393319720868e-05,0.9999797344207764,-0.0040251198224723,-0.004932421259582,-1.423174182946241e-07
1900-01-01 11:21:10.093443,-0.0308837890625,-0.067626953125,-0.997314453125,-0.0762195140123367,0.8384146690368652,0.0609756112098693,-0.0347900390625,-0.111328125,1.0040283203125,0.1829268336296081,-0.5792682766914368,0.1219512224197387,0.03076171875,-0.0079345703125,1.0260009765625,0.6859756112098694,0.0762195140123367,0.2591463327407837,0.9999989867210388,-0.0007785292691551,0.0012153033167123,5.5181317293317995e-08,0.9999441504478456,0.0035877542104572,-0.009946858510375,5.47393319720868e-05,0.9999797344207764,-0.0040251198224723,-0.004932421259582,-1.423174182946241e-07
1900-01-01 11:21:10.109302,-0.0283203125,-0.069091796875,-0.999267578125,-0.1219512224197387,0.5792682766914368,-0.0304878056049346,-0.0347900390625,-0.111328125,1.0040283203125,0.1829268336296081,-0.5792682766914368,0.1219512224197387,0.0325927734375,-0.0078125,1.0269775390625,0.396341472864151,0.2743902504444122,-0.045731708407402,0.9999989867210388,-0.0007785292691551,0.0012153033167123,5.5181317293317995e-08,0.9999441504478456,0.0035877542104572,-0.009946858510375,5.47393319720868e-05,0.9999797344207764,-0.0040251198224723,-0.004932421259582,-1.423174182946241e-07
1900-01-01 11:21:10.152787,-0.02734375,-0.0682373046875,-0.996337890625,0.1829268336296081,0.3353658616542816,0.0304878056049346,-0.033203125,-0.1090087890625,1.0059814453125,0.3048780560493469,-0.5487805008888245,0.0304878056049346,0.0335693359375,-0.0093994140625,1.02880859375,0.2743902504444122,0.3048780560493469,0.1981707364320755,0.9999989867210388,-0.0007785292691551,0.0012153033167123,5.5181317293317995e-08,0.9999441504478456,0.0035877542104572,-0.009946858510375,5.47393319720868e-05,0.9999797344207764,-0.0040251198224723,-0.004932421259582,-1.423174182946241e-07
1900-01-01 11:21:10.208363,-0.0264892578125,-0.064697265625,-0.99658203125,0.1067073196172714,0.396341472864151,-0.1067073196172714,-0.0352783203125,-0.1080322265625,1.009033203125,0.1524390280246734,0.2743902504444122,0.0609756112098693,0.0333251953125,-0.00732421875,1.0274658203125,0.4725609719753265,0.3353658616542816,0.1219512224197387,0.9999989867210388,-0.0007785292691551,0.0012153033167123,5.5181317293317995e-08,0.9999441504478456,0.0035877542104572,-0.009946858510375,5.47393319720868e-05,0.9999797344207764,-0.0040251198224723,-0.004932421259582,-1.423174182946241e-07
1900-01-01 11:21:10.257839,-0.0281982421875,-0.0631103515625,-0.99755859375,0.1524390280246734,0.792682945728302,0.0762195140123367,-0.0386962890625,-0.107421875,1.0101318359375,0.1524390280246734,0.2743902504444122,0.0609756112098693,0.0299072265625,-0.0072021484375,1.0277099609375,0.7317073345184326,0.5792682766914368,0.3506097495555877,0.9999989867210388,-0.0007785292691551,0.0012153033167123,5.5181317293317995e-08,0.9999441504478456,0.0035877542104572,-0.009946858510375,5.47393319720868e-05,0.9999797344207764,-0.0040251198224723,-0.004932421259582,-1.423174182946241e-07
1900-01-01 11:21:10.273803,-0.0279541015625,-0.0648193359375,-0.9931640625,-0.0762195140123367,0.7317073345184326,0.1371951252222061,-0.0386962890625,-0.107421875,1.0101318359375,0.3048780560493469,-0.6402438879013062,-0.1981707364320755,0.0299072265625,-0.0072021484375,1.0277099609375,0.7317073345184326,0.5792682766914368,0.3506097495555877,0.9999989867210388,-0.0007785292691551,0.0012153033167123,5.5181317293317995e-08,0.9999441504478456,0.0035877542104572,-0.009946858510375,5.47393319720868e-05,0.9999797344207764,-0.0040251198224723,-0.004932421259582,-1.423174182946241e-07
1900-01-01 11:21:10.293345,-0.0286865234375,-0.0675048828125,-0.99853515625,0.3353658616542816,0.3658536672592163,0.1371951252222061,-0.0343017578125,-0.1060791015625,1.010498046875,0.3048780560493469,-0.6402438879013062,-0.1981707364320755,0.0299072265625,-0.0072021484375,1.0277099609375,0.7317073345184326,0.1524390280246734,0.3201219439506531,0.9999989867210388,-0.0007785292691551,0.0012153033167123,5.5181317293317995e-08,0.9999441504478456,0.0035877542104572,-0.009946858510375,5.47393319720868e-05,0.9999797344207764,-0.0040251198224723,-0.004932421259582,-1.423174182946241e-07
1900-01-01 11:21:10.299774,-0.030029296875,-0.068115234375,-0.99853515625,0.045731708407402,0.4268292784690857,-0.3810975551605224,-0.0313720703125,-0.107421875,1.0115966796875,0.2134146392345428,0.1524390280246734,-0.1371951252222061,0.0302734375,-0.006103515625,1.0238037109375,0.2286585420370102,0.4573170840740204,0.0152439028024673,0.9999989867210388,-0.0007785292691551,0.0012153033167123,5.5181317293317995e-08,0.9999446868896484,0.003445659764111,-0.0099468659609556,5.332585715223104e-05,0.9999797344207764,-0.0040251198224723,-0.004932421259582,-1.423174182946241e-07
1900-01-01 11:21:10.321600,-0.027587890625,-0.0650634765625,-0.9942626953125,0.1371951252222061,0.4573170840740204,-0.2286585420370102,-0.0318603515625,-0.109375,1.0086669921875,0.1829268336296081,0.6402438879013062,-0.0152439028024673,0.0302734375,-0.006591796875,1.0283203125,0.6707317233085632,0.1524390280246734,0.2439024448394775,0.9999989867210388,-0.0007785292691551,0.0012153033167123,5.5181317293317995e-08,0.9999443292617798,0.0035456793848425,-0.0099468603730201,5.432079342426732e-05,0.9999797344207764,-0.0040251198224723,-0.004932421259582,-1.423174182946241e-07
1900-01-01 11:21:10.353640,-0.0274658203125,-0.0635986328125,-0.99755859375,-0.091463416814804,0.5182926654815674,-0.045731708407402,-0.0341796875,-0.1080322265625,1.005615234375,0.045731708407402,-0.1067073196172714,-0.2134146392345428,0.0311279296875,-0.008544921875,1.0245361328125,0.7012194991111755,0.2743902504444122,-0.0609756112098693,0.9999989867210388,-0.0007785292691551,0.0012153033167123,5.5181317293317995e-08,0.9999439716339112,0.0036200783215463,-0.0099466079846024,-1.336624518444296e-05,0.9999797344207764,-0.0040251198224723,-0.004932421259582,-1.423174182946241e-07
1900-01-01 11:21:10.370933,-0.0301513671875,-0.0634765625,-0.9954833984375,0.2743902504444122,0.5030487775802612,-0.1067073196172714,-0.034423828125,-0.1075439453125,1.0107421875,0.0,0.2896341383457184,-0.3353658616542816,0.0306396484375,-0.009033203125,1.025390625,0.4725609719753265,0.1981707364320755,0.1524390280246734,0.9999989867210388,-0.0007785292691551,0.0012153033167123,5.5181317293317995e-08,0.999943733215332,0.0037061059847474,-0.009946372359991,-7.635871588718146e-05,0.9999794960021972,-0.0040783770382404,-0.004932421259582,-4.050108373121475e-07
1900-01-01 11:21:10.414475,-0.030029296875,-0.0611572265625,-0.9921875,0.0304878056049346,0.6097561120986938,0.0762195140123367,-0.0362548828125,-0.106689453125,1.005859375,0.1981707364320755,0.2439024448394775,0.1524390280246734,0.0311279296875,-0.0074462890625,1.0289306640625,0.5030487775802612,0.3201219439506531,0.045731708407402,0.9999989867210388,-0.0007785292691551,0.0012153033167123,5.5181317293317995e-08,0.9999431371688844,0.0038473247550427,-0.0099460761994123,-0.0001605491561349,0.9999794960021972,-0.0040783770382404,-0.004932421259582,-4.050108373121475e-07
1900-01-01 11:21:10.414972,-0.0284423828125,-0.0609130859375,-0.99365234375,0.2591463327407837,0.4115853607654571,0.0152439028024673,-0.0362548828125,-0.106689453125,1.005859375,0.1371951252222061,0.0152439028024673,-0.3048780560493469,0.030517578125,-0.00732421875,1.02490234375,0.5030487775802612,0.3201219439506531,0.045731708407402,0.9999989867210388,-0.0007785292691551,0.0012153033167123,5.5181317293317995e-08,0.9999431371688844,0.0038473247550427,-0.0099460761994123,-0.0001605491561349,0.9999794960021972,-0.0040783770382404,-0.004932421259582,-4.050108373121475e-07
1900-01-01 11:21:10.415508,-0.02783203125,-0.064453125,-0.9970703125,0.1219512224197387,0.625,-0.0304878056049346,-0.031494140625,-0.1080322265625,1.0067138671875,0.1371951252222061,0.0152439028024673,-0.3048780560493469,0.030517578125,-0.00732421875,1.02490234375,0.396341472864151,0.2134146392345428,0.0304878056049346,0.9999989867210388,-0.0007785292691551,0.0012153033167123,5.5181317293317995e-08,0.9999431371688844,0.0038473247550427,-0.0099460761994123,-0.0001605491561349,0.9999794960021972,-0.0040783770382404,-0.004932421259582,-4.050108373121475e-07
1900-01-01 11:21:10.416094,-0.027099609375,-0.0643310546875,-0.99560546875,0.1219512224197387,0.5792682766914368,0.1524390280246734,-0.0321044921875,-0.109375,1.0098876953125,0.396341472864151,-0.1981707364320755,-0.1829268336296081,0.0294189453125,-0.00537109375,1.023681640625,0.2439024448394775,0.1371951252222061,0.091463416814804,0.9999989867210388,-0.0007785292691551,0.0012153033167123,5.5181317293317995e-08,0.9999431371688844,0.0038473247550427,-0.0099460761994123,-0.0001605491561349,0.9999794960021972,-0.0040783770382404,-0.004932421259582,-4.050108373121475e-07
1900-01-01 11:21:10.416946,-0.0274658203125,-0.0653076171875,-0.9954833984375,0.1981707364320755,0.7164634466171265,0.1676829308271408,-0.03515625,-0.109619140625,1.0074462890625,0.1829268336296081,0.2134146392345428,-0.2134146392345428,0.0350341796875,-0.00927734375,1.025146484375,0.625,0.0609756112098693,0.1676829308271408,0.9999989867210388,-0.0007785292691551,0.0012153033167123,5.5181317293317995e-08,0.9999431371688844,0.0038473247550427,-0.0099460761994123,-0.0001605491561349,0.9999794960021972,-0.0040783770382404,-0.004932421259582,-4.050108373121475e-07
1900-01-01 11:21:10.417329,-0.0277099609375,-0.0633544921875,-0.996826171875,0.1676829308271408,0.6097561120986938,0.1371951252222061,-0.0323486328125,-0.1087646484375,1.009521484375,0.091463416814804,0.1524390280246734,-0.1371951252222061,0.0350341796875,-0.00927734375,1.025146484375,0.625,0.1219512224197387,0.4573170840740204,0.9999989867210388,-0.0007785292691551,0.0012153033167123,5.5181317293317995e-08,0.9999431371688844,0.0038473247550427,-0.0099460761994123,-0.0001605491561349,0.9999794960021972,-0.0040783770382404,-0.004932421259582,-4.050108373121475e-07
1900-01-01 11:21:10.417843,-0.02685546875,-0.062744140625,-0.99853515625,0.2286585420370102,0.4115853607654571,-0.0762195140123367,-0.031982421875,-0.107666015625,1.0068359375,0.091463416814804,0.1524390280246734,-0.1371951252222061,0.0302734375,-0.008056640625,1.034423828125,0.1981707364320755,0.1524390280246734,0.0304878056049346,0.9999989867210388,-0.0007785292691551,0.0012153033167123,5.5181317293317995e-08,0.9999431371688844,0.0038473247550427,-0.0099460761994123,-0.0001605491561349,0.9999794960021972,-0.0040783770382404,-0.004932421259582,-4.050108373121475e-07
1900-01-01 11:21:10.418294,-0.028076171875,-0.06396484375,-0.9947509765625,-0.0152439028024673,0.960365891456604,-0.3201219439506531,-0.031982421875,-0.107666015625,1.0068359375,0.396341472864151,0.9451219439506532,-0.3201219439506531,0.0277099609375,-0.0086669921875,1.02490234375,0.4725609719753265,0.1829268336296081,0.2743902504444122,0.9999989867210388,-0.0007785292691551,0.0012153033167123,5.5181317293317995e-08,0.9999431371688844,0.0038473247550427,-0.0099460761994123,-0.0001605491561349,0.9999794960021972,-0.0040783770382404,-0.004932421259582,-4.050108373121475e-07
1900-01-01 11:21:10.418905,-0.0291748046875,-0.0628662109375,-0.9853515625,0.2286585420370102,0.3810975551605224,-0.0609756112098693,-0.036865234375,-0.107421875,1.0048828125,0.2134146392345428,-0.4725609719753265,-0.3353658616542816,0.0289306640625,-0.00439453125,1.0302734375,0.1524390280246734,0.1829268336296081,0.2743902504444122,0.9999989867210388,-0.0007785292691551,0.0012153033167123,5.5181317293317995e-08,0.9999431371688844,0.0038473247550427,-0.0099460761994123,-0.0001605491561349,0.9999794960021972,-0.0040783770382404,-0.004932421259582,-4.050108373121475e-07
1900-01-01 11:21:10.419175,-0.02685546875,-0.060302734375,-1.005859375,0.2439024448394775,0.6859756112098694,0.0,-0.033935546875,-0.1075439453125,1.0091552734375,0.2134146392345428,-0.4725609719753265,-0.3353658616542816,0.0289306640625,-0.00439453125,1.0302734375,0.0304878056049346,0.091463416814804,0.1067073196172714,0.9999989867210388,-0.0007785292691551,0.0012153033167123,5.5181317293317995e-08,0.9999431371688844,0.0038473247550427,-0.0099460761994123,-0.0001605491561349,0.9999794960021972,-0.0040783770382404,-0.004932421259582,-4.050108373121475e-07
1900-01-01 11:21:10.419452,-0.0279541015625,-0.0660400390625,-1.006591796875,0.1371951252222061,0.4878048896789551,0.0609756112098693,-0.033935546875,-0.1075439453125,1.0091552734375,0.2134146392345428,-0.4878048896789551,-0.0609756112098693,0.0322265625,-0.0048828125,1.055908203125,0.0304878056049346,0.091463416814804,0.1067073196172714,0.9999989867210388,-0.0007785292691551,0.0012153033167123,5.5181317293317995e-08,0.9999431371688844,0.0038473247550427,-0.0099460761994123,-0.0001605491561349,0.9999794960021972,-0.0040783770382404,-0.004932421259582,-4.050108373121475e-07
1900-01-01 11:21:10.419708,-0.0296630859375,-0.0704345703125,-0.98583984375,-0.1524390280246734,0.4268292784690857,-0.1676829308271408,-0.0321044921875,-0.1083984375,1.0111083984375,0.2134146392345428,-0.4878048896789551,-0.0609756112098693,0.0322265625,-0.0048828125,1.055908203125,0.8841463327407837,0.3048780560493469,0.1829268336296081,0.9999989867210388,-0.0007785292691551,0.0012153033167123,5.5181317293317995e-08,0.9999431371688844,0.0038473247550427,-0.0099460761994123,-0.0001605491561349,0.9999794960021972,-0.0040783770382404,-0.004932421259582,-4.050108373121475e-07
1900-01-01 11:21:10.419890,-0.028564453125,-0.0660400390625,-0.9974365234375,0.2439024448394775,0.7012194991111755,-0.1219512224197387,-0.033203125,-0.1083984375,0.99755859375,0.2591463327407837,0.7469512224197388,0.0,0.0322265625,-0.0048828125,1.055908203125,0.8841463327407837,0.3048780560493469,0.1829268336296081,0.9999989867210388,-0.0007785292691551,0.0012153033167123,5.5181317293317995e-08,0.9999431371688844,0.0038473247550427,-0.0099460761994123,-0.0001605491561349,0.9999794960021972,-0.0040783770382404,-0.004932421259582,-4.050108373121475e-07
1900-01-01 11:21:10.420029,-0.0260009765625,-0.062255859375,-1.00146484375,0.045731708407402,0.7317073345184326,0.0,-0.0335693359375,-0.109375,1.0006103515625,1.1280487775802612,1.6158536672592163,0.1676829308271408,0.0322265625,-0.0048828125,1.055908203125,0.8841463327407837,0.3048780560493469,0.1829268336296081,0.9999989867210388,-0.0007785292691551,0.0012153033167123,5.5181317293317995e-08,0.9999431371688844,0.0038473247550427,-0.0099460761994123,-0.0001605491561349,0.9999794960021972,-0.0040783770382404,-0.004932421259582,-4.050108373121475e-07
1900-01-01 11:21:10.420167,-0.0263671875,-0.06005859375,-0.9842529296875,-0.0152439028024673,0.5792682766914368,0.1371951252222061,-0.032470703125,-0.1107177734375,1.0216064453125,2.515244007110596,1.783536672592163,-0.4878048896789551,0.0322265625,-0.0048828125,1.055908203125,0.8841463327407837,0.3048780560493469,0.1829268336296081,0.9999989867210388,-0.0007785292691551,0.0012153033167123,5.5181317293317995e-08,0.9999431371688844,0.0038473247550427,-0.0099460761994123,-0.0001605491561349,0.9999794960021972,-0.0040783770382404,-0.004932421259582,-4.050108373121475e-07
1900-01-01 11:21:10.420459,-0.0255126953125,-0.0609130859375,-0.98095703125,0.2896341383457184,0.625,-0.0762195140123367,-0.0318603515625,-0.103515625,1.01416015625,0.1524390280246734,-0.7774390578269958,-0.1676829308271408,0.0452880859375,-0.009765625,1.0299072265625,0.8841463327407837,0.3048780560493469,0.1829268336296081,0.9999989867210388,-0.0007785292691551,0.0012153033167123,5.5181317293317995e-08,0.9999431371688844,0.0038473247550427,-0.0099460761994123,-0.0001605491561349,0.9999794960021972,-0.0040783770382404,-0.004932421259582,-4.050108373121475e-07
1900-01-01 11:21:10.420614,-0.029296875,-0.059326171875,-1.0146484375,0.5030487775802612,0.7317073345184326,-0.091463416814804,-0.0318603515625,-0.103515625,1.01416015625,0.1524390280246734,-0.7774390578269958,-0.1676829308271408,0.0411376953125,-0.007568359375,1.01171875,0.7164634466171265,0.5335366129875183,0.1676829308271408,0.9999989867210388,-0.0007785292691551,0.0012153033167123,5.5181317293317995e-08,0.9999431371688844,0.0038473247550427,-0.0099460761994123,-0.0001605491561349,0.9999794960021972,-0.0040783770382404,-0.004932421259582,-4.050108373121475e-07
1900-01-01 11:21:10.420740,-0.0325927734375,-0.0709228515625,-1.020751953125,-0.0152439028024673,0.2896341383457184,-0.1067073196172714,-0.0318603515625,-0.103515625,1.01416015625,0.1524390280246734,-0.7774390578269958,-0.1676829308271408,0.0411376953125,-0.007568359375,1.01171875,0.3658536672592163,0.4420731663703918,0.2439024448394775,0.9999989867210388,-0.0007785292691551,0.0012153033167123,5.5181317293317995e-08,0.9999431371688844,0.0038473247550427,-0.0099460761994123,-0.0001605491561349,0.9999794960021972,-0.0040783770382404,-0.004932421259582,-4.050108373121475e-07
1900-01-01 11:21:10.420879,-0.0318603515625,-0.08056640625,-0.9808349609375,-0.3353658616542816,0.2743902504444122,-0.0304878056049346,-0.0318603515625,-0.103515625,1.01416015625,0.1524390280246734,-0.7774390578269958,-0.1676829308271408,0.0255126953125,-0.0069580078125,1.0340576171875,0.4725609719753265,0.3506097495555877,0.1829268336296081,0.9999989867210388,-0.0007785292691551,0.0012153033167123,5.5181317293317995e-08,0.9999431371688844,0.0038473247550427,-0.0099460761994123,-0.0001605491561349,0.9999794960021972,-0.0040783770382404,-0.004932421259582,-4.050108373121475e-07
1900-01-01 11:21:10.421028,-0.0296630859375,-0.06640625,-0.98828125,-0.091463416814804,0.625,-0.091463416814804,-0.0318603515625,-0.103515625,1.01416015625,0.1524390280246734,-0.7774390578269958,-0.1676829308271408,0.0269775390625,-0.010986328125,1.0343017578125,0.625,0.3658536672592163,0.0609756112098693,0.9999989867210388,-0.0007785292691551,0.0012153033167123,5.5181317293317995e-08,0.9999431371688844,0.0038473247550427,-0.0099460761994123,-0.0001605491561349,0.9999794960021972,-0.0040783770382404,-0.004932421259582,-4.050108373121475e-07
1900-01-01 11:21:10.421265,-0.021240234375,-0.0577392578125,-1.009765625,-0.1067073196172714,0.1676829308271408,0.0609756112098693,-0.0318603515625,-0.103515625,1.01416015625,1.1737805604934692,0.1219512224197387,-0.5945122241973877,0.031005859375,-0.006103515625,1.0147705078125,0.625,0.3658536672592163,0.0609756112098693,0.9999989867210388,-0.0007785292691551,0.0012153033167123,5.5181317293317995e-08,0.9999431371688844,0.0038473247550427,-0.0099460761994123,-0.0001605491561349,0.9999794960021972,-0.0040783770382404,-0.004932421259582,-4.050108373121475e-07
1900-01-01 11:21:10.421712,-0.02490234375,-0.0640869140625,-0.99267578125,-0.1371951252222061,0.3353658616542816,0.0,-0.0355224609375,-0.10595703125,1.0003662109375,0.6554878354072571,1.5091463327407837,-0.2134146392345428,0.0299072265625,-0.00537109375,1.03173828125,0.1829268336296081,0.3810975551605224,0.0152439028024673,0.9999989867210388,-0.0007785292691551,0.0012153033167123,5.5181317293317995e-08,0.9999431371688844,0.0038473247550427,-0.0099460761994123,-0.0001605491561349,0.9999794960021972,-0.0040783770382404,-0.004932421259582,-4.050108373121475e-07
1900-01-01 11:21:10.421934,-0.0333251953125,-0.0650634765625,-0.9869384765625,0.0609756112098693,0.5487805008888245,0.1371951252222061,-0.044921875,-0.10888671875,1.0029296875,0.6554878354072571,1.5091463327407837,-0.2134146392345428,0.0299072265625,-0.00537109375,1.03173828125,0.5182926654815674,0.4115853607654571,0.1371951252222061,0.9999989867210388,-0.0007785292691551,0.0012153033167123,5.5181317293317995e-08,0.9999431371688844,0.0038473247550427,-0.0099460761994123,-0.0001605491561349,0.9999794960021972,-0.0040783770382404,-0.004932421259582,-4.050108373121475e-07
1900-01-01 11:21:10.422133,-0.0328369140625,-0.061767578125,-0.996337890625,0.0304878056049346,0.7164634466171265,0.0,-0.02685546875,-0.1083984375,1.014892578125,0.4420731663703918,-2.9725611209869385,-0.3201219439506531,0.0299072265625,-0.00537109375,1.03173828125,0.5182926654815674,0.4115853607654571,0.1371951252222061,0.9999989867210388,-0.0007785292691551,0.0012153033167123,5.5181317293317995e-08,0.9999431371688844,0.0038473247550427,-0.0099460761994123,-0.0001605491561349,0.9999794960021972,-0.0040783770382404,-0.004932421259582,-4.050108373121475e-07
1900-01-01 11:21:10.422328,-0.025634765625,-0.0635986328125,-0.999755859375,-0.0304878056049346,0.3810975551605224,-0.2134146392345428,-0.0250244140625,-0.1085205078125,0.9954833984375,0.3506097495555877,1.6463414430618286,-0.1067073196172714,0.0299072265625,-0.00537109375,1.03173828125,0.5182926654815674,0.4115853607654571,0.1371951252222061,0.9999989867210388,-0.0007785292691551,0.0012153033167123,5.5181317293317995e-08,0.9999431371688844,0.0038473247550427,-0.0099460761994123,-0.0001605491561349,0.9999794960021972,-0.0040783770382404,-0.004932421259582,-4.050108373121475e-07
1900-01-01 11:21:10.422472,-0.023681640625,-0.0692138671875,-0.9927978515625,0.1524390280246734,0.5182926654815674,0.091463416814804,-0.0250244140625,-0.1085205078125,0.9954833984375,0.4268292784690857,2.454268455505371,-0.2286585420370102,0.0299072265625,-0.00537109375,1.03173828125,0.5182926654815674,0.4115853607654571,0.1371951252222061,0.9999989867210388,-0.0007785292691551,0.0012153033167123,5.5181317293317995e-08,0.9999431371688844,0.0038473247550427,-0.0099460761994123,-0.0001605491561349,0.9999794960021972,-0.0040783770382404,-0.004932421259582,-4.050108373121475e-07
1900-01-01 11:21:10.445309,-0.0277099609375,-0.0660400390625,-0.994140625,0.3201219439506531,0.5182926654815674,-0.3658536672592163,-0.033447265625,-0.10888671875,1.0057373046875,0.3658536672592163,1.6920732259750366,-0.091463416814804,0.033447265625,-0.01171875,1.0235595703125,0.2743902504444122,0.3201219439506531,0.0304878056049346,0.9999989867210388,-0.0007785292691551,0.0012153033167123,5.5181317293317995e-08,0.999943733215332,0.0036818135995417,-0.0099464654922485,-5.5657801567576826e-05,0.9999794960021972,-0.0040783770382404,-0.004932421259582,-4.050108373121475e-07
1900-01-01 11:21:10.445803,-0.0301513671875,-0.059326171875,-0.9998779296875,-0.0762195140123367,0.5945122241973877,-0.091463416814804,-0.033447265625,-0.10888671875,1.0057373046875,0.3658536672592163,1.6920732259750366,-0.091463416814804,0.028564453125,-0.0040283203125,1.028564453125,0.4878048896789551,0.3201219439506531,-0.0152439028024673,0.9999989867210388,-0.0007785292691551,0.0012153033167123,5.5181317293317995e-08,0.999943733215332,0.0036818135995417,-0.0099464654922485,-5.5657801567576826e-05,0.9999794960021972,-0.0040783770382404,-0.004932421259582,-4.050108373121475e-07
1900-01-01 11:21:10.455315,-0.0316162109375,-0.0631103515625,-0.995361328125,0.1829268336296081,0.5335366129875183,-0.1676829308271408,-0.033447265625,-0.10888671875,1.0057373046875,0.3658536672592163,1.6920732259750366,-0.091463416814804,0.028564453125,-0.0040283203125,1.028564453125,0.5030487775802612,0.1676829308271408,0.1371951252222061,0.9999989867210388,-0.0007785292691551,0.0012153033167123,5.5181317293317995e-08,0.9999432563781738,0.0038149845786392,-0.0099464729428291,-5.43331443623174e-05,0.9999794960021972,-0.0040783770382404,-0.004932421259582,-4.050108373121475e-07
1900-01-01 11:21:10.463539,-0.03271484375,-0.0643310546875,-0.9918212890625,0.2286585420370102,0.4268292784690857,0.1676829308271408,-0.0269775390625,-0.1107177734375,1.0146484375,0.2134146392345428,1.387195110321045,0.2286585420370102,0.0325927734375,-0.002197265625,1.0230712890625,0.4878048896789551,0.3506097495555877,0.3048780560493469,0.9999989867210388,-0.0007785292691551,0.0012153033167123,5.5181317293317995e-08,0.9999432563781738,0.0038149845786392,-0.0099464729428291,-5.43331443623174e-05,0.9999794960021972,-0.0040783770382404,-0.004932421259582,-4.050108373121475e-07
1900-01-01 11:21:10.471294,-0.031005859375,-0.06396484375,-0.9957275390625,0.2743902504444122,0.7317073345184326,0.1371951252222061,-0.0284423828125,-0.1103515625,1.015380859375,-0.4878048896789551,4.618902683258057,0.5030487775802612,0.031982421875,-0.001708984375,1.0244140625,0.5182926654815674,0.3048780560493469,0.1829268336296081,0.9999989867210388,-0.0007785292691551,0.0012153033167123,5.5181317293317995e-08,0.9999432563781738,0.0038149845786392,-0.0099464729428291,-5.43331443623174e-05,0.9999794960021972,-0.0040783770382404,-0.004932421259582,-4.050108373121475e-07
1900-01-01 11:21:10.480305,-0.0255126953125,-0.0673828125,-0.9979248046875,0.091463416814804,0.625,0.0304878056049346,-0.036865234375,-0.1080322265625,1.006591796875,-0.6707317233085632,2.8353660106658936,0.3201219439506531,0.029541015625,-0.0089111328125,1.0267333984375,0.5182926654815674,0.3048780560493469,0.1829268336296081,0.9999989867210388,-0.0007785292691551,0.0012153033167123,5.5181317293317995e-08,0.9999443292617798,0.0035239825956523,-0.0099467430263757,1.646955934120342e-05,0.9999794960021972,-0.0040783770382404,-0.004932421259582,-4.050108373121475e-07
1900-01-01 11:21:10.489335,-0.0216064453125,-0.0673828125,-0.997314453125,0.1371951252222061,0.4420731663703918,0.1067073196172714,-0.04150390625,-0.1026611328125,0.9971923828125,-0.6097561120986938,-0.8231707215309143,-0.0609756112098693,0.029541015625,-0.0089111328125,1.0267333984375,0.5182926654815674,0.3048780560493469,0.1829268336296081,0.9999989867210388,-0.0007785292691551,0.0012153033167123,5.5181317293317995e-08,0.9999443292617798,0.0035239825956523,-0.0099467430263757,1.646955934120342e-05,0.9999794960021972,-0.0040783770382404,-0.004932421259582,-4.050108373121475e-07
1900-01-01 11:21:10.515327,-0.0272216796875,-0.064208984375,-0.9945068359375,0.091463416814804,0.5640243887901306,0.0762195140123367,-0.01513671875,-0.1075439453125,1.03369140625,-0.091463416814804,2.728658676147461,0.4115853607654571,0.0318603515625,-0.0068359375,1.0267333984375,0.5030487775802612,0.1676829308271408,0.1676829308271408,0.9999989867210388,-0.0007785292691551,0.0012153033167123,5.5181317293317995e-08,0.9999436736106871,0.0037195440381765,-0.0099464580416679,-6.053681863704696e-05,0.9999794960021972,-0.0040783770382404,-0.004932421259582,-4.050108373121475e-07
1900-01-01 11:21:10.515451,-0.0294189453125,-0.0648193359375,-0.99609375,-0.045731708407402,0.5640243887901306,-0.0762195140123367,-0.01513671875,-0.1075439453125,1.03369140625,-0.091463416814804,2.728658676147461,0.4115853607654571,0.0318603515625,-0.0068359375,1.0267333984375,0.5030487775802612,0.1676829308271408,0.1676829308271408,0.9999989867210388,-0.0007785292691551,0.0012153033167123,5.5181317293317995e-08,0.9999436736106871,0.0037195440381765,-0.0099464580416679,-6.053681863704696e-05,0.9999794960021972,-0.0040783770382404,-0.004932421259582,-4.050108373121475e-07
1900-01-01 11:21:10.534765,-0.0279541015625,-0.0633544921875,-0.999267578125,0.2134146392345428,0.5792682766914368,-0.0152439028024673,-0.01513671875,-0.1075439453125,1.03369140625,-0.091463416814804,2.728658676147461,0.4115853607654571,0.0318603515625,-0.0068359375,1.0267333984375,0.5030487775802612,0.1676829308271408,0.1676829308271408,0.9999989867210388,-0.0007785292691551,0.0012153033167123,5.5181317293317995e-08,0.9999445676803588,0.003481819294393,-0.0099467765539884,2.658748417161405e-05,0.9999794960021972,-0.0040783770382404,-0.004932421259582,-4.050108373121475e-07
1900-01-01 11:21:10.540610,-0.0272216796875,-0.0626220703125,-0.9957275390625,-0.1829268336296081,0.5335366129875183,-0.0152439028024673,-0.02685546875,-0.1097412109375,1.0194091796875,-0.091463416814804,2.728658676147461,0.4115853607654571,0.0306396484375,-0.00634765625,1.027587890625,0.5030487775802612,0.1676829308271408,0.1676829308271408,0.9999989867210388,-0.0007785292691551,0.0012153033167123,5.5181317293317995e-08,0.9999441504478456,0.0035976290237158,-0.0099467737600207,2.7739481083699505e-05,0.9999794960021972,-0.0040783770382404,-0.004932421259582,-4.050108373121475e-07
1900-01-01 11:21:10.566909,-0.0250244140625,-0.063232421875,-0.9976806640625,0.1829268336296081,0.6859756112098694,0.045731708407402,-0.02685546875,-0.1097412109375,1.0194091796875,-0.091463416814804,2.728658676147461,0.4115853607654571,0.030029296875,-0.0081787109375,1.0283203125,0.396341472864151,0.2743902504444122,0.1067073196172714,0.9999989867210388,-0.0007785292691551,0.0012153033167123,5.5181317293317995e-08,0.9999441504478456,0.0035976290237158,-0.0099467737600207,2.7739481083699505e-05,0.9999794960021972,-0.0040783770382404,-0.004932421259582,-4.050108373121475e-07
1900-01-01 11:21:10.604403,-0.026611328125,-0.0660400390625,-0.99755859375,0.4268292784690857,0.4420731663703918,0.0762195140123367,-0.0462646484375,-0.109130859375,0.990234375,-0.6859756112098694,5.945122241973877,0.3506097495555877,0.0296630859375,-0.0076904296875,1.0250244140625,0.4115853607654571,0.2591463327407837,0.2591463327407837,0.9999989867210388,-0.0007785292691551,0.0012153033167123,5.5181317293317995e-08,0.999943733215332,0.0036828638985753,-0.0099467700347304,2.858734114852268e-05,0.9999794960021972,-0.0040783770382404,-0.004932421259582,-4.050108373121475e-07
1900-01-01 11:21:10.620220,-0.0277099609375,-0.0682373046875,-0.9940185546875,-0.0304878056049346,0.7621951103210449,0.1067073196172714,-0.0462646484375,-0.109130859375,0.990234375,-0.6859756112098694,5.945122241973877,0.3506097495555877,0.0296630859375,-0.0076904296875,1.0250244140625,0.5640243887901306,0.2439024448394775,0.2591463327407837,0.9999989867210388,-0.0007785292691551,0.0012153033167123,5.5181317293317995e-08,0.999943733215332,0.0036828638985753,-0.0099467700347304,2.858734114852268e-05,0.9999794960021972,-0.0040783770382404,-0.004932421259582,-4.050108373121475e-07
1900-01-01 11:21:10.646746,-0.0289306640625,-0.0662841796875,-0.9962158203125,0.0762195140123367,0.6097561120986938,-0.045731708407402,-0.0462646484375,-0.109130859375,0.990234375,-0.0609756112098693,-3.414634227752685,-0.4573170840740204,0.0296630859375,-0.0076904296875,1.0250244140625,0.5640243887901306,0.2439024448394775,0.2591463327407837,0.9999989867210388,-0.0007785292691551,0.0012153033167123,5.5181317293317995e-08,0.9999441504478456,0.0035770367830991,-0.0099469861015677,8.544039883418009e-05,0.9999794960021972,-0.0040783770382404,-0.004932421259582,-4.050108373121475e-07
1900-01-01 11:21:10.674142,-0.0291748046875,-0.0635986328125,-0.99560546875,0.045731708407402,0.5792682766914368,0.045731708407402,-0.0362548828125,-0.1070556640625,1.0003662109375,1.0823171138763428,-3.567073345184326,-0.5945122241973877,0.0308837890625,-0.008056640625,1.0296630859375,0.5640243887901306,0.2439024448394775,0.2591463327407837,0.9999989867210388,-0.0007785292691551,0.0012153033167123,5.5181317293317995e-08,0.9999433159828186,0.0037941860500723,-0.0099469674751162,8.760049968259409e-05,0.9999794960021972,-0.0040783770382404,-0.004932421259582,-4.050108373121475e-07
1900-01-01 11:21:10.726754,-0.0279541015625,-0.0621337890625,-0.994140625,-0.045731708407402,0.3048780560493469,0.091463416814804,-0.03076171875,-0.107421875,1.016357421875,-0.045731708407402,0.4420731663703918,-0.1676829308271408,0.03271484375,-0.0078125,1.0277099609375,0.4878048896789551,0.1524390280246734,0.3048780560493469,0.9999989867210388,-0.0007785292691551,0.0012153033167123,5.5181317293317995e-08,0.9999435544013976,0.0037302877753973,-0.0099469730630517,8.696487202541903e-05,0.9999794960021972,-0.0040783770382404,-0.004932421259582,-4.050108373121475e-07
1900-01-01 11:21:10.727423,-0.0303955078125,-0.06201171875,-0.9951171875,-0.045731708407402,0.5182926654815674,0.0304878056049346,-0.03076171875,-0.107421875,1.016357421875,-0.2134146392345428,2.637195110321045,0.1067073196172714,0.03271484375,-0.0078125,1.0277099609375,0.4878048896789551,0.1524390280246734,0.3048780560493469,0.9999989867210388,-0.0007785292691551,0.0012153033167123,5.5181317293317995e-08,0.9999435544013976,0.0037302877753973,-0.0099469730630517,8.696487202541903e-05,0.9999794960021972,-0.0040783770382404,-0.004932421259582,-4.050108373121475e-07
1900-01-01 11:21:10.728046,-0.0299072265625,-0.0650634765625,-0.996826171875,0.0609756112098693,0.4878048896789551,-0.0152439028024673,-0.03076171875,-0.107421875,1.016357421875,-0.2134146392345428,2.637195110321045,0.1067073196172714,0.0316162109375,-0.007568359375,1.025634765625,0.5487805008888245,0.2896341383457184,0.1524390280246734,0.9999989867210388,-0.0007785292691551,0.0012153033167123,5.5181317293317995e-08,0.9999435544013976,0.0037302877753973,-0.0099469730630517,8.696487202541903e-05,0.9999794960021972,-0.0040783770382404,-0.004932421259582,-4.050108373121475e-07
1900-01-01 11:21:10.743293,-0.02880859375,-0.06689453125,-0.9989013671875,0.4115853607654571,0.5487805008888245,0.3201219439506531,-0.03076171875,-0.107421875,1.016357421875,-0.2134146392345428,2.637195110321045,0.1067073196172714,0.030029296875,-0.00634765625,1.026611328125,0.5487805008888245,0.2896341383457184,0.1524390280246734,0.9999989867210388,-0.0007785292691551,0.0012153033167123,5.5181317293317995e-08,0.9999435544013976,0.0037302877753973,-0.0099469730630517,8.696487202541903e-05,0.9999794960021972,-0.0040783770382404,-0.004932421259582,-4.050108373121475e-07
1900-01-01 11:21:10.764349,-0.0263671875,-0.0684814453125,-0.998779296875,0.045731708407402,0.2896341383457184,-0.0609756112098693,-0.0399169921875,-0.107421875,1.002197265625,-0.2134146392345428,2.637195110321045,0.1067073196172714,0.030029296875,-0.00634765625,1.026611328125,0.3506097495555877,0.2896341383457184,0.0762195140123367,0.9999989867210388,-0.0007785292691551,0.0012153033167123,5.5181317293317995e-08,0.9999435544013976,0.0037302877753973,-0.0099469730630517,8.696487202541903e-05,0.9999794960021972,-0.0040783770382404,-0.004932421259582,-4.050108373121475e-07
1900-01-01 11:21:10.801497,-0.0242919921875,-0.067138671875,-0.9998779296875,0.2134146392345428,0.5335366129875183,-0.1067073196172714,-0.0413818359375,-0.1092529296875,0.9998779296875,1.2042683362960815,-2.271341562271118,-0.6707317233085632,0.02978515625,-0.004638671875,1.0260009765625,0.7164634466171265,0.3810975551605224,0.3658536672592163,0.9999989867210388,-0.0007785292691551,0.0012153033167123,5.5181317293317995e-08,0.9999435544013976,0.0037302877753973,-0.0099469730630517,8.696487202541903e-05,0.9999794960021972,-0.0040783770382404,-0.004932421259582,-4.050108373121475e-07
1900-01-01 11:21:10.823125,-0.0267333984375,-0.06396484375,-0.9976806640625,0.1981707364320755,0.4573170840740204,-0.045731708407402,-0.0289306640625,-0.109619140625,1.0140380859375,1.2042683362960815,-2.271341562271118,-0.6707317233085632,0.0302734375,-0.0042724609375,1.02490234375,0.5640243887901306,0.091463416814804,0.3048780560493469,0.9999989867210388,-0.0007785292691551,0.0012153033167123,5.5181317293317995e-08,0.9999435544013976,0.0037302877753973,-0.0099469730630517,8.696487202541903e-05,0.9999794960021972,-0.0040783770382404,-0.004932421259582,-4.050108373121475e-07
1900-01-01 11:21:10.870889,-0.0289306640625,-0.0626220703125,-0.9931640625,0.1067073196172714,0.4268292784690857,0.0762195140123367,-0.0291748046875,-0.1107177734375,1.01123046875,0.0304878056049346,0.3658536672592163,-0.1676829308271408,0.0313720703125,-0.0057373046875,1.0291748046875,0.0762195140123367,0.1067073196172714,0.2896341383457184,0.9999989867210388,-0.0007785292691551,0.0012153033167123,5.5181317293317995e-08,0.9999435544013976,0.0037302877753973,-0.0099469730630517,8.696487202541903e-05,0.9999794960021972,-0.0040783770382404,-0.004932421259582,-4.050108373121475e-07
1900-01-01 11:21:10.922600,-0.0264892578125,-0.065185546875,-0.997314453125,0.1676829308271408,0.5640243887901306,-0.0304878056049346,-0.0390625,-0.1090087890625,1.007080078125,0.5182926654815674,-0.6859756112098694,0.0152439028024673,0.0335693359375,-0.0101318359375,1.0279541015625,0.6859756112098694,0.2743902504444122,0.1371951252222061,0.9999989867210388,-0.0007785292691551,0.0012153033167123,5.5181317293317995e-08,0.9999437928199768,0.0036724070087075,-0.0099469777196645,8.638910367153585e-05,0.9999794960021972,-0.0040783770382404,-0.004932421259582,-4.050108373121475e-07
1900-01-01 11:21:10.923752,-0.0255126953125,-0.0677490234375,-0.999755859375,0.1371951252222061,0.3048780560493469,-0.0609756112098693,-0.0360107421875,-0.106201171875,1.0133056640625,0.3658536672592163,-1.1890244483947754,-0.2896341383457184,0.032958984375,-0.0120849609375,1.0301513671875,0.4725609719753265,0.2134146392345428,0.1524390280246734,0.9999989867210388,-0.0007785292691551,0.0012153033167123,5.5181317293317995e-08,0.9999437928199768,0.0036724070087075,-0.0099469777196645,8.638910367153585e-05,0.9999794960021972,-0.0040783770382404,-0.004932421259582,-4.050108373121475e-07
1900-01-01 11:21:10.924015,-0.026611328125,-0.066162109375,-0.996337890625,0.0,0.3810975551605224,0.1067073196172714,-0.0360107421875,-0.106201171875,1.0133056640625,0.3658536672592163,-1.1890244483947754,-0.2896341383457184,0.032958984375,-0.0120849609375,1.0301513671875,0.4725609719753265,0.2134146392345428,0.1524390280246734,0.9999989867210388,-0.0007785292691551,0.0012153033167123,5.5181317293317995e-08,0.9999437928199768,0.0036724070087075,-0.0099469777196645,8.638910367153585e-05,0.9999794960021972,-0.0040783770382404,-0.004932421259582,-4.050108373121475e-07
1900-01-01 11:21:10.924305,-0.028076171875,-0.0626220703125,-0.9930419921875,-0.0609756112098693,0.6554878354072571,0.1829268336296081,-0.0322265625,-0.1046142578125,1.0157470703125,0.2286585420370102,-0.1371951252222061,-0.396341472864151,0.032958984375,-0.0120849609375,1.0301513671875,0.4573170840740204,0.2439024448394775,0.3506097495555877,0.9999989867210388,-0.0007785292691551,0.0012153033167123,5.5181317293317995e-08,0.9999435544013976,0.0037416636478155,-0.0099469721317291,8.707803499419242e-05,0.9999794960021972,-0.0040783770382404,-0.004932421259582,-4.050108373121475e-07
1900-01-01 11:21:10.925290,-0.029296875,-0.061767578125,-0.9970703125,0.1524390280246734,0.6402438879013062,0.0,-0.0343017578125,-0.1080322265625,1.005126953125,0.3810975551605224,-0.5335366129875183,-0.1524390280246734,0.0301513671875,-0.009033203125,1.0294189453125,0.5945122241973877,0.4268292784690857,0.1829268336296081,0.9999989867210388,-0.0007785292691551,0.0012153033167123,5.5181317293317995e-08,0.9999432563781738,0.0038153664208948,-0.0099469656124711,8.781119686318561e-05,0.9999794960021972,-0.0040783770382404,-0.004932421259582,-4.050108373121475e-07
1900-01-01 11:21:10.925861,-0.0338134765625,-0.06201171875,-0.9964599609375,0.2439024448394775,0.5640243887901306,0.091463416814804,-0.0306396484375,-0.1080322265625,1.0098876953125,-0.045731708407402,0.9146341681480408,-0.2286585420370102,0.03125,-0.0067138671875,1.026611328125,0.5945122241973877,0.4268292784690857,0.1829268336296081,0.9999989867210388,-0.0007785292691551,0.0012153033167123,5.5181317293317995e-08,0.9999432563781738,0.0038153664208948,-0.0099469656124711,8.781119686318561e-05,0.9999794960021972,-0.0040783770382404,-0.004932421259582,-4.050108373121475e-07
1900-01-01 11:21:10.926917,-0.0338134765625,-0.061279296875,-0.9935302734375,-0.045731708407402,0.5945122241973877,-0.2743902504444122,-0.033203125,-0.107666015625,1.0084228515625,0.1676829308271408,0.4420731663703918,-0.2134146392345428,0.0311279296875,-0.0084228515625,1.0279541015625,0.4268292784690857,0.5792682766914368,0.1067073196172714,0.9999989867210388,-0.0007785292691551,0.0012153033167123,5.5181317293317995e-08,0.9999432563781738,0.0038153664208948,-0.0099469656124711,8.781119686318561e-05,0.9999794960021972,-0.0040783770382404,-0.004932421259582,-4.050108373121475e-07
1900-01-01 11:21:10.928250,-0.0301513671875,-0.062744140625,-0.9932861328125,-0.1067073196172714,0.5182926654815674,0.0,-0.0340576171875,-0.1075439453125,1.0089111328125,0.3201219439506531,-0.6554878354072571,0.0,0.0306396484375,-0.009521484375,1.0303955078125,0.6707317233085632,0.2743902504444122,0.2286585420370102,0.9999989867210388,-0.0007785292691551,0.0012153033167123,5.5181317293317995e-08,0.9999432563781738,0.0038153664208948,-0.0099469656124711,8.781119686318561e-05,0.9999794960021972,-0.0040783770382404,-0.004932421259582,-4.050108373121475e-07
1900-01-01 11:21:10.929146,-0.0269775390625,-0.0623779296875,-0.9969482421875,0.4268292784690857,0.2591463327407837,-0.0609756112098693,-0.03271484375,-0.10791015625,1.0076904296875,0.091463416814804,-0.1676829308271408,-0.2743902504444122,0.0313720703125,-0.0081787109375,1.0284423828125,0.8689024448394775,0.4878048896789551,0.1829268336296081,0.9999989867210388,-0.0007785292691551,0.0012153033167123,5.5181317293317995e-08,0.9999432563781738,0.0038153664208948,-0.0099469656124711,8.781119686318561e-05,0.9999794960021972,-0.0040783770382404,-0.004932421259582,-4.050108373121475e-07
1900-01-01 11:21:10.930836,-0.0267333984375,-0.0634765625,-0.9964599609375,0.1219512224197387,0.396341472864151,-0.1219512224197387,-0.0340576171875,-0.1104736328125,1.00732421875,0.3048780560493469,-0.2439024448394775,-0.2591463327407837,0.03125,-0.0068359375,1.0235595703125,0.4115853607654571,0.2591463327407837,0.1219512224197387,0.9999989867210388,-0.0007785292691551,0.0012153033167123,5.5181317293317995e-08,0.9999432563781738,0.0038153664208948,-0.0099469656124711,8.781119686318561e-05,0.9999794960021972,-0.0040783770382404,-0.004932421259582,-4.050108373121475e-07
1900-01-01 11:21:10.931790,-0.0274658203125,-0.0657958984375,-0.9952392578125,0.1676829308271408,0.3048780560493469,-0.1067073196172714,-0.03564453125,-0.1123046875,1.0062255859375,0.2896341383457184,-0.7317073345184326,-0.2439024448394775,0.0308837890625,-0.0076904296875,1.0279541015625,0.4115853607654571,0.2591463327407837,0.1219512224197387,0.9999989867210388,-0.0007785292691551,0.0012153033167123,5.5181317293317995e-08,0.9999432563781738,0.0038153664208948,-0.0099469656124711,8.781119686318561e-05,0.9999794960021972,-0.0040783770382404,-0.004932421259582,-4.050108373121475e-07
1900-01-01 11:21:10.932260,-0.02734375,-0.0650634765625,-0.99658203125,0.1676829308271408,0.6707317233085632,-0.1676829308271408,-0.0341796875,-0.1116943359375,1.0079345703125,0.5182926654815674,-0.2591463327407837,-0.1676829308271408,0.0308837890625,-0.0076904296875,1.0279541015625,0.4115853607654571,0.2591463327407837,0.1219512224197387,0.9999989867210388,-0.0007785292691551,0.0012153033167123,5.5181317293317995e-08,0.9999432563781738,0.0038153664208948,-0.0099469656124711,8.781119686318561e-05,0.9999794960021972,-0.0040783770382404,-0.004932421259582,-4.050108373121475e-07
1900-01-01 11:21:10.932664,-0.0264892578125,-0.06689453125,-0.996337890625,0.1219512224197387,0.3810975551605224,0.0152439028024673,-0.0321044921875,-0.1087646484375,1.0047607421875,0.2286585420370102,-0.3658536672592163,-0.1067073196172714,0.0308837890625,-0.0076904296875,1.0279541015625,0.2286585420370102,0.3658536672592163,0.0609756112098693,0.9999989867210388,-0.0007785292691551,0.0012153033167123,5.5181317293317995e-08,0.9999432563781738,0.0038153664208948,-0.0099469656124711,8.781119686318561e-05,0.9999794960021972,-0.0040783770382404,-0.004932421259582,-4.050108373121475e-07
1900-01-01 11:21:10.932929,-0.0272216796875,-0.066650390625,-0.9957275390625,0.1371951252222061,0.8079268336296082,-0.0304878056049346,-0.02734375,-0.1080322265625,1.0120849609375,0.2286585420370102,-0.3658536672592163,-0.1067073196172714,0.0308837890625,-0.0076904296875,1.0279541015625,0.2286585420370102,0.3658536672592163,0.0609756112098693,0.9999989867210388,-0.0007785292691551,0.0012153033167123,5.5181317293317995e-08,0.9999432563781738,0.0038153664208948,-0.0099469656124711,8.781119686318561e-05,0.9999794960021972,-0.0040783770382404,-0.004932421259582,-4.050108373121475e-07
1900-01-01 11:21:10.933096,-0.028076171875,-0.064208984375,-0.994140625,0.0152439028024673,0.5792682766914368,0.3048780560493469,-0.02734375,-0.1080322265625,1.0120849609375,-0.1219512224197387,0.9908536672592164,0.2134146392345428,0.0308837890625,-0.0076904296875,1.0279541015625,0.2286585420370102,0.3658536672592163,0.0609756112098693,0.9999989867210388,-0.0007785292691551,0.0012153033167123,5.5181317293317995e-08,0.9999432563781738,0.0038153664208948,-0.0099469656124711,8.781119686318561e-05,0.9999794960021972,-0.0040783770382404,-0.004932421259582,-4.050108373121475e-07
1900-01-01 11:21:10.933424,-0.0289306640625,-0.0655517578125,-0.997802734375,0.1829268336296081,0.625,0.0609756112098693,-0.0330810546875,-0.1070556640625,1.0047607421875,-0.1829268336296081,-0.9146341681480408,0.0762195140123367,0.030517578125,-0.0018310546875,1.028076171875,0.2286585420370102,0.3658536672592163,0.0609756112098693,0.9999989867210388,-0.0007785292691551,0.0012153033167123,5.5181317293317995e-08,0.9999432563781738,0.0038153664208948,-0.0099469656124711,8.781119686318561e-05,0.9999794960021972,-0.0040783770382404,-0.004932421259582,-4.050108373121475e-07
1900-01-01 11:21:10.933600,-0.0303955078125,-0.0655517578125,-0.9979248046875,0.2134146392345428,0.792682945728302,0.0304878056049346,-0.0355224609375,-0.105712890625,1.0018310546875,0.4573170840740204,-2.469512224197388,-0.5030487775802612,0.030517578125,-0.0018310546875,1.028076171875,0.2286585420370102,0.3658536672592163,0.0609756112098693,0.9999989867210388,-0.0007785292691551,0.0012153033167123,5.5181317293317995e-08,0.9999432563781738,0.0038153664208948,-0.0099469656124711,8.781119686318561e-05,0.9999794960021972,-0.0040783770382404,-0.004932421259582,-4.050108373121475e-07
1900-01-01 11:21:10.933785,-0.029052734375,-0.064697265625,-0.9947509765625,-0.1371951252222061,0.625,-0.0152439028024673,-0.0306396484375,-0.1055908203125,1.012451171875,0.8689024448394775,-0.8993902802467346,-0.3810975551605224,0.030517578125,-0.0018310546875,1.028076171875,0.2286585420370102,0.3658536672592163,0.0609756112098693,0.9999989867210388,-0.0007785292691551,0.0012153033167123,5.5181317293317995e-08,0.9999432563781738,0.0038153664208948,-0.0099469656124711,8.781119686318561e-05,0.9999794960021972,-0.0040783770382404,-0.004932421259582,-4.050108373121475e-07
1900-01-01 11:21:10.934032,-0.029541015625,-0.0635986328125,-0.99462890625,0.1829268336296081,0.5030487775802612,0.1219512224197387,-0.0313720703125,-0.1087646484375,1.0081787109375,0.6707317233085632,-0.0762195140123367,-0.2743902504444122,0.030517578125,-0.0018310546875,1.028076171875,0.625,0.396341472864151,0.1219512224197387,0.9999989867210388,-0.0007785292691551,0.0012153033167123,5.5181317293317995e-08,0.9999432563781738,0.0038153664208948,-0.0099469656124711,8.781119686318561e-05,0.9999794960021972,-0.0040783770382404,-0.004932421259582,-4.050108373121475e-07
1900-01-01 11:21:10.935354,-0.030029296875,-0.062744140625,-0.9942626953125,0.2439024448394775,0.396341472864151,-0.1067073196172714,-0.032470703125,-0.1038818359375,1.00732421875,0.4268292784690857,0.2134146392345428,-0.1067073196172714,0.03125,-0.009521484375,1.0262451171875,0.2439024448394775,0.3201219439506531,0.1676829308271408,0.9999989867210388,-0.0007785292691551,0.0012153033167123,5.5181317293317995e-08,0.9999432563781738,0.0038153664208948,-0.0099469656124711,8.781119686318561e-05,0.9999794960021972,-0.0040783770382404,-0.004932421259582,-4.050108373121475e-07
1900-01-01 11:21:10.935577,-0.0281982421875,-0.0626220703125,-0.994384765625,-0.0304878056049346,0.5945122241973877,0.091463416814804,-0.033935546875,-0.1053466796875,1.009033203125,0.2134146392345428,-0.5335366129875183,-0.045731708407402,0.03125,-0.009521484375,1.0262451171875,0.2439024448394775,0.3201219439506531,0.1676829308271408,0.9999989867210388,-0.0007785292691551,0.0012153033167123,5.5181317293317995e-08,0.9999432563781738,0.0038153664208948,-0.0099469656124711,8.781119686318561e-05,0.9999794960021972,-0.0040783770382404,-0.004932421259582,-4.050108373121475e-07
1900-01-01 11:21:10.935741,-0.02880859375,-0.0635986328125,-0.996337890625,0.1829268336296081,0.6859756112098694,-0.1219512224197387,-0.033935546875,-0.1053466796875,1.009033203125,0.2134146392345428,-0.5335366129875183,-0.045731708407402,0.03125,-0.009521484375,1.0262451171875,0.6859756112098694,0.2134146392345428,0.091463416814804,0.9999989867210388,-0.0007785292691551,0.0012153033167123,5.5181317293317995e-08,0.9999432563781738,0.0038153664208948,-0.0099469656124711,8.781119686318561e-05,0.9999794960021972,-0.0040783770382404,-0.004932421259582,-4.050108373121475e-07
1900-01-01 11:21:10.935872,-0.0267333984375,-0.0673828125,-0.9998779296875,0.1371951252222061,0.5487805008888245,0.0304878056049346,-0.033935546875,-0.1053466796875,1.009033203125,0.2134146392345428,-0.5335366129875183,-0.045731708407402,0.0321044921875,-0.009765625,1.0281982421875,0.6859756112098694,0.2134146392345428,0.091463416814804,0.9999989867210388,-0.0007785292691551,0.0012153033167123,5.5181317293317995e-08,0.9999432563781738,0.0038153664208948,-0.0099469656124711,8.781119686318561e-05,0.9999794960021972,-0.0040783770382404,-0.004932421259582,-4.050108373121475e-07
1900-01-01 11:21:10.936100,-0.026611328125,-0.068115234375,-0.99755859375,0.4268292784690857,0.6554878354072571,0.1219512224197387,-0.033935546875,-0.1053466796875,1.009033203125,0.2134146392345428,-0.5335366129875183,-0.045731708407402,0.031005859375,-0.00927734375,1.0281982421875,0.6707317233085632,0.1981707364320755,0.2439024448394775,0.9999989867210388,-0.0007785292691551,0.0012153033167123,5.5181317293317995e-08,0.9999432563781738,0.0038153664208948,-0.0099469656124711,8.781119686318561e-05,0.9999794960021972,-0.0040783770382404,-0.004932421259582,-4.050108373121475e-07
1900-01-01 11:21:10.936260,-0.0267333984375,-0.0673828125,-0.9964599609375,0.0609756112098693,0.7621951103210449,-0.1524390280246734,-0.033935546875,-0.1053466796875,1.009033203125,0.2134146392345428,-0.5335366129875183,-0.045731708407402,0.0308837890625,-0.007568359375,1.0279541015625,0.3658536672592163,0.1067073196172714,0.3506097495555877,0.9999989867210388,-0.0007785292691551,0.0012153033167123,5.5181317293317995e-08,0.9999432563781738,0.0038153664208948,-0.0099469656124711,8.781119686318561e-05,0.9999794960021972,-0.0040783770382404,-0.004932421259582,-4.050108373121475e-07
1900-01-01 11:21:10.936405,-0.0252685546875,-0.06640625,-0.9991455078125,-0.0762195140123367,0.4725609719753265,-0.091463416814804,-0.033935546875,-0.1053466796875,1.009033203125,0.2134146392345428,-0.5335366129875183,-0.045731708407402,0.0308837890625,-0.007568359375,1.0279541015625,0.5487805008888245,0.5335366129875183,0.091463416814804,0.9999989867210388,-0.0007785292691551,0.0012153033167123,5.5181317293317995e-08,0.9999432563781738,0.0038153664208948,-0.0099469656124711,8.781119686318561e-05,0.9999794960021972,-0.0040783770382404,-0.004932421259582,-4.050108373121475e-07
1900-01-01 11:21:10.936563,-0.025146484375,-0.0654296875,-0.997802734375,-0.1371951252222061,0.8384146690368652,-0.1981707364320755,-0.033935546875,-0.1053466796875,1.009033203125,0.2134146392345428,-0.5335366129875183,-0.045731708407402,0.03173828125,-0.0078125,1.0252685546875,0.4420731663703918,0.1371951252222061,0.1371951252222061,0.9999989867210388,-0.0007785292691551,0.0012153033167123,5.5181317293317995e-08,0.9999432563781738,0.0038153664208948,-0.0099469656124711,8.781119686318561e-05,0.9999794960021972,-0.0040783770382404,-0.004932421259582,-4.050108373121475e-07
1900-01-01 11:21:10.944398,-0.0283203125,-0.06494140625,-0.9964599609375,0.2591463327407837,0.3506097495555877,0.1524390280246734,-0.033935546875,-0.1053466796875,1.009033203125,0.2134146392345428,-0.5335366129875183,-0.045731708407402,0.031494140625,-0.0076904296875,1.026123046875,0.5182926654815674,0.3048780560493469,0.1067073196172714,0.9999989867210388,-0.0007785292691551,0.0012153033167123,5.5181317293317995e-08,0.9999432563781738,0.0038153664208948,-0.0099469656124711,8.781119686318561e-05,0.9999794960021972,-0.0040783770382404,-0.004932421259582,-4.050108373121475e-07
1900-01-01 11:21:10.952424,-0.028076171875,-0.065673828125,-0.995849609375,0.0304878056049346,0.6402438879013062,0.091463416814804,-0.034912109375,-0.10693359375,1.0069580078125,0.2439024448394775,-0.2743902504444122,-0.1676829308271408,0.0321044921875,-0.007568359375,1.0260009765625,0.6554878354072571,0.4725609719753265,0.3353658616542816,0.9999989867210388,-0.0007785292691551,0.0012153033167123,5.5181317293317995e-08,0.9999432563781738,0.0038153664208948,-0.0099469656124711,8.781119686318561e-05,0.9999794960021972,-0.0040783770382404,-0.004932421259582,-4.050108373121475e-07
1900-01-01 11:21:10.961377,-0.0286865234375,-0.06494140625,-0.99853515625,0.0304878056049346,0.5640243887901306,-0.1676829308271408,-0.034912109375,-0.10693359375,1.0069580078125,0.2439024448394775,-0.2743902504444122,-0.1676829308271408,0.0321044921875,-0.007568359375,1.0260009765625,0.6554878354072571,0.4725609719753265,0.3353658616542816,0.9999989867210388,-0.0007785292691551,0.0012153033167123,5.5181317293317995e-08,0.9999432563781738,0.0038153664208948,-0.0099469656124711,8.781119686318561e-05,0.9999794960021972,-0.0040783770382404,-0.004932421259582,-4.050108373121475e-07
1900-01-01 11:21:10.970302,-0.0294189453125,-0.0633544921875,-0.9945068359375,0.1676829308271408,0.4573170840740204,0.0762195140123367,-0.034912109375,-0.107177734375,1.009033203125,0.4115853607654571,-0.4878048896789551,-0.1676829308271408,0.0323486328125,-0.0079345703125,1.027099609375,0.5335366129875183,0.2743902504444122,-0.0304878056049346,0.9999989867210388,-0.0007785292691551,0.0012153033167123,5.5181317293317995e-08,0.9999432563781738,0.0038153664208948,-0.0099469656124711,8.781119686318561e-05,0.9999794960021972,-0.0040783770382404,-0.004932421259582,-4.050108373121475e-07
1900-01-01 11:21:10.978425,-0.029541015625,-0.0634765625,-0.9949951171875,0.0304878056049346,0.6707317233085632,0.0304878056049346,-0.0311279296875,-0.109375,1.0106201171875,0.0304878056049346,0.7469512224197388,0.0762195140123367,0.0323486328125,-0.0079345703125,1.027099609375,0.5335366129875183,0.2743902504444122,-0.0304878056049346,0.9999989867210388,-0.0007785292691551,0.0012153033167123,5.5181317293317995e-08,0.9999432563781738,0.0038153664208948,-0.0099469656124711,8.781119686318561e-05,0.9999794960021972,-0.0040783770382404,-0.004932421259582,-4.050108373121475e-07
1900-01-01 11:21:10.987325,-0.0299072265625,-0.0626220703125,-0.9949951171875,0.0609756112098693,0.4420731663703918,-0.3201219439506531,-0.0311279296875,-0.1102294921875,1.005859375,0.2286585420370102,0.1371951252222061,-0.2591463327407837,0.029541015625,-0.0057373046875,1.026123046875,0.4268292784690857,0.396341472864151,0.1829268336296081,0.9999989867210388,-0.0007785292691551,0.0012153033167123,5.5181317293317995e-08,0.9999432563781738,0.0038153664208948,-0.0099469656124711,8.781119686318561e-05,0.9999794960021972,-0.0040783770382404,-0.004932421259582,-4.050108373121475e-07
1900-01-01 11:21:11.005329,-0.0302734375,-0.0631103515625,-0.9930419921875,0.1067073196172714,0.625,-0.1371951252222061,-0.0333251953125,-0.1112060546875,1.0054931640625,0.3353658616542816,-0.1219512224197387,-0.091463416814804,0.029541015625,-0.0057373046875,1.026123046875,0.4573170840740204,0.396341472864151,0.1219512224197387,0.9999989867210388,-0.0007785292691551,0.0012153033167123,5.5181317293317995e-08,0.9999432563781738,0.0038153664208948,-0.0099469656124711,8.781119686318561e-05,0.9999794960021972,-0.0040783770382404,-0.004932421259582,-4.050108373121475e-07
1900-01-01 11:21:11.015768,-0.0281982421875,-0.063232421875,-0.9923095703125,0.0,0.7774390578269958,-0.045731708407402,-0.0328369140625,-0.11083984375,1.0062255859375,0.3353658616542816,-0.1219512224197387,-0.091463416814804,0.0303955078125,-0.0054931640625,1.02783203125,0.4725609719753265,0.2591463327407837,0.1219512224197387,0.9999989867210388,-0.0007785292691551,0.0012153033167123,5.5181317293317995e-08,0.9999432563781738,0.0038153664208948,-0.0099469656124711,8.781119686318561e-05,0.9999794960021972,-0.0040783770382404,-0.004932421259582,-4.050108373121475e-07
1900-01-01 11:21:11.022404,-0.0262451171875,-0.0650634765625,-0.9951171875,0.1524390280246734,0.7621951103210449,0.2439024448394775,-0.02978515625,-0.1083984375,1.00927734375,0.1524390280246734,0.1981707364320755,-0.1524390280246734,0.0311279296875,-0.0072021484375,1.025634765625,0.6097561120986938,0.3201219439506531,0.3353658616542816,0.9999989867210388,-0.0007785292691551,0.0012153033167123,5.5181317293317995e-08,0.9999432563781738,0.0038153664208948,-0.0099469656124711,8.781119686318561e-05,0.9999794960021972,-0.0040783770382404,-0.004932421259582,-4.050108373121475e-07
1900-01-01 11:21:11.031372,-0.026123046875,-0.0667724609375,-0.9952392578125,0.2896341383457184,0.4420731663703918,0.1676829308271408,-0.02978515625,-0.1083984375,1.00927734375,0.1524390280246734,0.1981707364320755,-0.1524390280246734,0.030517578125,-0.009033203125,1.025634765625,0.6097561120986938,0.3201219439506531,0.3353658616542816,0.9999989867210388,-0.0007785292691551,0.0012153033167123,5.5181317293317995e-08,0.9999432563781738,0.0038153664208948,-0.0099469656124711,8.781119686318561e-05,0.9999794960021972,-0.0040783770382404,-0.004932421259582,-4.050108373121475e-07
1900-01-01 11:21:11.041345,-0.02734375,-0.0654296875,-0.9979248046875,0.4115853607654571,0.5792682766914368,-0.1219512224197387,-0.03369140625,-0.107177734375,1.0069580078125,0.1524390280246734,0.1981707364320755,-0.1524390280246734,0.030517578125,-0.009033203125,1.025634765625,0.3658536672592163,0.045731708407402,0.1981707364320755,0.9999989867210388,-0.0007785292691551,0.0012153033167123,5.5181317293317995e-08,0.9999432563781738,0.0038153664208948,-0.0099469656124711,8.781119686318561e-05,0.9999794960021972,-0.0040783770382404,-0.004932421259582,-4.050108373121475e-07
1900-01-01 11:21:11.078512,-0.027099609375,-0.0643310546875,-0.9984130859375,-0.045731708407402,0.5335366129875183,0.0,-0.0341796875,-0.1063232421875,1.0093994140625,0.4725609719753265,-0.4420731663703918,-0.1371951252222061,0.0328369140625,-0.008056640625,1.0267333984375,0.4573170840740204,0.3048780560493469,0.2134146392345428,0.9999989867210388,-0.0007785292691551,0.0012153033167123,5.5181317293317995e-08,0.9999432563781738,0.0038153664208948,-0.0099469656124711,8.781119686318561e-05,0.9999794960021972,-0.0040783770382404,-0.004932421259582,-4.050108373121475e-07
1900-01-01 11:21:11.126393,-0.0274658203125,-0.06640625,-0.9957275390625,-0.091463416814804,0.3506097495555877,0.0,-0.0323486328125,-0.10693359375,1.010498046875,0.2591463327407837,-0.0304878056049346,-0.0609756112098693,0.0301513671875,-0.0081787109375,1.0284423828125,0.6554878354072571,0.2439024448394775,0.2591463327407837,0.9999989867210388,-0.0007785292691551,0.0012153033167123,5.5181317293317995e-08,0.9999432563781738,0.0038153664208948,-0.0099469656124711,8.781119686318561e-05,0.9999794960021972,-0.0040783770382404,-0.004932421259582,-4.050108373121475e-07
1900-01-01 11:21:11.185412,-0.0264892578125,-0.0653076171875,-0.9957275390625,0.0762195140123367,0.5792682766914368,0.3353658616542816,-0.0318603515625,-0.10791015625,1.0072021484375,0.0,0.0762195140123367,-0.1219512224197387,0.0321044921875,-0.00830078125,1.0255126953125,0.5335366129875183,0.3201219439506531,0.2743902504444122,0.9999989867210388,-0.0007785292691551,0.0012153033167123,5.5181317293317995e-08,0.9999432563781738,0.0038153664208948,-0.0099469656124711,8.781119686318561e-05,0.9999794960021972,-0.0040783770382404,-0.004932421259582,-4.050108373121475e-07
1900-01-01 11:21:11.244843,-0.02734375,-0.06298828125,-0.996337890625,0.3201219439506531,0.4268292784690857,0.0,-0.0325927734375,-0.107666015625,1.0096435546875,0.1219512224197387,-0.4115853607654571,-0.045731708407402,0.0296630859375,-0.007568359375,1.02685546875,0.4878048896789551,0.2896341383457184,0.2591463327407837,0.9999989867210388,-0.0007785292691551,0.0012153033167123,5.5181317293317995e-08,0.9999432563781738,0.0038153664208948,-0.0099469656124711,8.781119686318561e-05,0.9999794960021972,-0.0040783770382404,-0.004932421259582,-4.050108373121475e-07
1900-01-01 11:21:11.256483,-0.0277099609375,-0.0654296875,-0.9951171875,-0.0609756112098693,0.4878048896789551,-0.0762195140123367,-0.0325927734375,-0.107666015625,1.0096435546875,0.1219512224197387,-0.4115853607654571,-0.045731708407402,0.0316162109375,-0.007568359375,1.0260009765625,0.6097561120986938,0.1067073196172714,0.1829268336296081,0.9999989867210388,-0.0007785292691551,0.0012153033167123,5.5181317293317995e-08,0.9999432563781738,0.0038153664208948,-0.0099469656124711,8.781119686318561e-05,0.9999794960021972,-0.0040783770382404,-0.004932421259582,-4.050108373121475e-07
1900-01-01 11:21:11.262847,-0.02783203125,-0.0657958984375,-0.9947509765625,-0.0762195140123367,0.3048780560493469,-0.0152439028024673,-0.0299072265625,-0.10888671875,1.0076904296875,0.1371951252222061,0.0152439028024673,-0.1524390280246734,0.0316162109375,-0.007568359375,1.0260009765625,0.6097561120986938,0.1067073196172714,0.1829268336296081,0.9999989867210388,-0.0007785292691551,0.0012153033167123,5.5181317293317995e-08,0.9999432563781738,0.0038153664208948,-0.0099469656124711,8.781119686318561e-05,0.9999794960021972,-0.0040783770382404,-0.004932421259582,-4.050108373121475e-07
1900-01-01 11:21:11.316890,-0.028076171875,-0.06591796875,-0.996337890625,0.1676829308271408,0.5792682766914368,-0.091463416814804,-0.032470703125,-0.1107177734375,1.00634765625,0.045731708407402,-0.0304878056049346,-0.2286585420370102,0.0294189453125,-0.0057373046875,1.0255126953125,0.5640243887901306,0.045731708407402,0.1219512224197387,0.9999989867210388,-0.0007785292691551,0.0012153033167123,5.5181317293317995e-08,0.9999432563781738,0.0038153664208948,-0.0099469656124711,8.781119686318561e-05,0.9999794960021972,-0.0040783770382404,-0.004932421259582,-4.050108373121475e-07
1900-01-01 11:21:11.328513,-0.029296875,-0.0640869140625,-0.9962158203125,0.3353658616542816,0.4268292784690857,-0.1524390280246734,-0.032470703125,-0.1107177734375,1.00634765625,0.0304878056049346,0.3810975551605224,0.3201219439506531,0.0316162109375,-0.007568359375,1.031005859375,0.5182926654815674,0.4573170840740204,0.1371951252222061,0.9999989867210388,-0.0007785292691551,0.0012153033167123,5.5181317293317995e-08,0.9999432563781738,0.0038153664208948,-0.0099469656124711,8.781119686318561e-05,0.9999794960021972,-0.0040783770382404,-0.004932421259582,-4.050108373121475e-07
1900-01-01 11:21:11.334439,-0.0294189453125,-0.063720703125,-0.9937744140625,0.1524390280246734,0.5182926654815674,-0.1219512224197387,-0.032470703125,-0.1107177734375,1.00634765625,0.0304878056049346,0.3810975551605224,0.3201219439506531,0.0316162109375,-0.007568359375,1.031005859375,0.5182926654815674,0.2591463327407837,0.1219512224197387,0.9999989867210388,-0.0007785292691551,0.0012153033167123,5.5181317293317995e-08,0.9999432563781738,0.0038153664208948,-0.0099469656124711,8.781119686318561e-05,0.9999794960021972,-0.0040783770382404,-0.004932421259582,-4.050108373121475e-07
1900-01-01 11:21:11.426059,-0.029541015625,-0.0628662109375,-0.9940185546875,0.0609756112098693,0.4573170840740204,-0.1219512224197387,-0.034423828125,-0.1075439453125,1.0123291015625,0.3506097495555877,0.2286585420370102,-0.2439024448394775,0.0311279296875,-0.010498046875,1.033447265625,0.4573170840740204,0.4115853607654571,0.0304878056049346,0.9999989867210388,-0.0007785292691551,0.0012153033167123,5.5181317293317995e-08,0.9999432563781738,0.0038153664208948,-0.0099469656124711,8.781119686318561e-05,0.9999794960021972,-0.0040783770382404,-0.004932421259582,-4.050108373121475e-07
1900-01-01 11:21:11.427161,-0.0294189453125,-0.0616455078125,-0.993896484375,0.2439024448394775,0.6859756112098694,-0.0304878056049346,-0.03466796875,-0.1064453125,1.009521484375,0.091463416814804,0.2439024448394775,-0.2439024448394775,0.0311279296875,-0.010498046875,1.033447265625,0.5182926654815674,0.396341472864151,0.1067073196172714,0.9999989867210388,-0.0007785292691551,0.0012153033167123,5.5181317293317995e-08,0.9999432563781738,0.0038153664208948,-0.0099469656124711,8.781119686318561e-05,0.9999794960021972,-0.0040783770382404,-0.004932421259582,-4.050108373121475e-07
1900-01-01 11:21:11.428680,-0.0286865234375,-0.063232421875,-0.9991455078125,0.0762195140123367,0.625,-0.1524390280246734,-0.0330810546875,-0.10791015625,1.0091552734375,0.4115853607654571,-0.0762195140123367,-0.0152439028024673,0.0316162109375,-0.0086669921875,1.028076171875,0.4725609719753265,0.1981707364320755,0.2134146392345428,0.9999989867210388,-0.0007785292691551,0.0012153033167123,5.5181317293317995e-08,0.9999430775642396,0.0038686445914208,-0.0099469609558582,8.834118489176035e-05,0.9999794960021972,-0.0040783770382404,-0.004932421259582,-4.050108373121475e-07
1900-01-01 11:21:11.429801,-0.0291748046875,-0.0684814453125,-0.9986572265625,0.3353658616542816,0.5487805008888245,-0.1981707364320755,-0.03271484375,-0.1058349609375,1.0059814453125,0.2896341383457184,0.0762195140123367,-0.2286585420370102,0.032958984375,-0.0087890625,1.02880859375,0.396341472864151,0.3201219439506531,-0.1371951252222061,0.9999989867210388,-0.0007785292691551,0.0012153033167123,5.5181317293317995e-08,0.9999430775642396,0.0038686445914208,-0.0099469609558582,8.834118489176035e-05,0.9999794960021972,-0.0040783770382404,-0.004932421259582,-4.050108373121475e-07
1900-01-01 11:21:11.430588,-0.027099609375,-0.0682373046875,-0.99658203125,0.0609756112098693,0.6859756112098694,0.0304878056049346,-0.03271484375,-0.1058349609375,1.0059814453125,0.3506097495555877,-0.2286585420370102,0.0,0.031982421875,-0.0076904296875,1.02392578125,0.3048780560493469,0.3353658616542816,0.2134146392345428,0.9999989867210388,-0.0007785292691551,0.0012153033167123,5.5181317293317995e-08,0.9999430775642396,0.0038686445914208,-0.0099469609558582,8.834118489176035e-05,0.9999794960021972,-0.0040783770382404,-0.004932421259582,-4.050108373121475e-07
1900-01-01 11:21:11.430926,-0.0274658203125,-0.0665283203125,-1.000244140625,0.0609756112098693,0.5640243887901306,-0.1676829308271408,-0.0340576171875,-0.1064453125,1.0107421875,0.3353658616542816,-0.4573170840740204,-0.1981707364320755,0.0294189453125,-0.0069580078125,1.02490234375,0.5487805008888245,0.2743902504444122,-0.045731708407402,0.9999989867210388,-0.0007785292691551,0.0012153033167123,5.5181317293317995e-08,0.9999430775642396,0.0038686445914208,-0.0099469609558582,8.834118489176035e-05,0.9999794960021972,-0.0040783770382404,-0.004932421259582,-4.050108373121475e-07
1900-01-01 11:21:11.431082,-0.025634765625,-0.065185546875,-0.9979248046875,0.1524390280246734,0.5030487775802612,-0.0762195140123367,-0.0340576171875,-0.1064453125,1.0107421875,0.3353658616542816,-0.4573170840740204,-0.1981707364320755,0.0294189453125,-0.0069580078125,1.02490234375,0.625,0.5030487775802612,0.2134146392345428,0.9999989867210388,-0.0007785292691551,0.0012153033167123,5.5181317293317995e-08,0.9999430775642396,0.0038686445914208,-0.0099469609558582,8.834118489176035e-05,0.9999794960021972,-0.0040783770382404,-0.004932421259582,-4.050108373121475e-07
1900-01-01 11:21:11.431327,-0.02734375,-0.0657958984375,-0.9954833984375,0.0,0.5945122241973877,0.0609756112098693,-0.033203125,-0.10693359375,1.0098876953125,-0.1524390280246734,0.3201219439506531,0.0152439028024673,0.02978515625,-0.0052490234375,1.027587890625,0.625,0.5030487775802612,0.2134146392345428,0.9999989867210388,-0.0007785292691551,0.0012153033167123,5.5181317293317995e-08,0.9999430775642396,0.0038686445914208,-0.0099469609558582,8.834118489176035e-05,0.9999794960021972,-0.0040783770382404,-0.004932421259582,-4.050108373121475e-07
1900-01-01 11:21:11.431591,-0.028564453125,-0.0648193359375,-0.9971923828125,0.1829268336296081,0.3658536672592163,0.0609756112098693,-0.0322265625,-0.110107421875,1.004638671875,-0.1524390280246734,0.3201219439506531,0.0152439028024673,0.0299072265625,-0.0062255859375,1.0240478515625,0.5487805008888245,0.3658536672592163,0.3201219439506531,0.9999989867210388,-0.0007785292691551,0.0012153033167123,5.5181317293317995e-08,0.9999430775642396,0.0038686445914208,-0.0099469609558582,8.834118489176035e-05,0.9999794960021972,-0.0040783770382404,-0.004932421259582,-4.050108373121475e-07
1900-01-01 11:21:11.431883,-0.0291748046875,-0.0667724609375,-0.99951171875,0.1371951252222061,0.4573170840740204,0.0762195140123367,-0.0311279296875,-0.1103515625,1.002685546875,0.091463416814804,-0.0152439028024673,-0.1219512224197387,0.0299072265625,-0.0062255859375,1.0240478515625,0.5640243887901306,0.2134146392345428,0.1371951252222061,0.9999989867210388,-0.0007785292691551,0.0012153033167123,5.5181317293317995e-08,0.9999430775642396,0.0038686445914208,-0.0099469609558582,8.834118489176035e-05,0.9999794960021972,-0.0040783770382404,-0.004932421259582,-4.050108373121475e-07
1900-01-01 11:21:11.432466,-0.0286865234375,-0.0650634765625,-0.9959716796875,0.1676829308271408,0.4878048896789551,-0.1067073196172714,-0.0301513671875,-0.110595703125,1.00732421875,0.2743902504444122,-0.0304878056049346,-0.0304878056049346,0.03125,-0.009033203125,1.028076171875,0.4878048896789551,0.2591463327407837,0.0609756112098693,0.9999989867210388,-0.0007785292691551,0.0012153033167123,5.5181317293317995e-08,0.9999430775642396,0.0038686445914208,-0.0099469609558582,8.834118489176035e-05,0.9999794960021972,-0.0040783770382404,-0.004932421259582,-4.050108373121475e-07
1900-01-01 11:21:11.432575,-0.02783203125,-0.0623779296875,-0.993896484375,-0.0152439028024673,0.6859756112098694,-0.2439024448394775,-0.0301513671875,-0.110595703125,1.00732421875,0.2743902504444122,-0.0304878056049346,-0.0304878056049346,0.03125,-0.009033203125,1.028076171875,0.3506097495555877,0.2743902504444122,0.0,0.9999989867210388,-0.0007785292691551,0.0012153033167123,5.5181317293317995e-08,0.9999430775642396,0.0038686445914208,-0.0099469609558582,8.834118489176035e-05,0.9999794960021972,-0.0040783770382404,-0.004932421259582,-4.050108373121475e-07
1900-01-01 11:21:11.433675,-0.029052734375,-0.0618896484375,-0.9949951171875,0.3048780560493469,0.4725609719753265,0.2134146392345428,-0.031005859375,-0.10888671875,1.0079345703125,0.1676829308271408,0.1371951252222061,-0.1524390280246734,0.0323486328125,-0.0084228515625,1.027587890625,0.5640243887901306,0.5487805008888245,0.3353658616542816,0.9999989867210388,-0.0007785292691551,0.0012153033167123,5.5181317293317995e-08,0.9999430775642396,0.0038686445914208,-0.0099469609558582,8.834118489176035e-05,0.9999794960021972,-0.0040783770382404,-0.004932421259582,-4.050108373121475e-07
1900-01-01 11:21:11.433819,-0.028076171875,-0.0635986328125,-0.9945068359375,0.1524390280246734,0.625,-0.045731708407402,-0.031005859375,-0.10888671875,1.0079345703125,0.1676829308271408,0.1371951252222061,-0.1524390280246734,0.0303955078125,-0.007568359375,1.0257568359375,0.5945122241973877,0.1067073196172714,0.1676829308271408,0.9999989867210388,-0.0007785292691551,0.0012153033167123,5.5181317293317995e-08,0.9999430775642396,0.0038686445914208,-0.0099469609558582,8.834118489176035e-05,0.9999794960021972,-0.0040783770382404,-0.004932421259582,-4.050108373121475e-07
1900-01-01 11:21:11.433965,-0.0296630859375,-0.062744140625,-0.9937744140625,0.1524390280246734,0.5030487775802612,-0.0609756112098693,-0.031005859375,-0.10888671875,1.0079345703125,0.1676829308271408,0.1371951252222061,-0.1524390280246734,0.0303955078125,-0.0068359375,1.025390625,0.5030487775802612,0.396341472864151,-0.0304878056049346,0.9999989867210388,-0.0007785292691551,0.0012153033167123,5.5181317293317995e-08,0.9999430775642396,0.0038686445914208,-0.0099469609558582,8.834118489176035e-05,0.9999794960021972,-0.0040783770382404,-0.004932421259582,-4.050108373121475e-07
1900-01-01 11:21:11.434123,-0.0311279296875,-0.0634765625,-0.993896484375,-0.3201219439506531,0.8079268336296082,-0.0609756112098693,-0.031005859375,-0.10888671875,1.0079345703125,0.1676829308271408,0.1371951252222061,-0.1524390280246734,0.0311279296875,-0.005859375,1.0255126953125,0.396341472864151,0.2286585420370102,0.0762195140123367,0.9999989867210388,-0.0007785292691551,0.0012153033167123,5.5181317293317995e-08,0.9999430775642396,0.0038686445914208,-0.0099469609558582,8.834118489176035e-05,0.9999794960021972,-0.0040783770382404,-0.004932421259582,-4.050108373121475e-07
1900-01-01 11:21:11.434289,-0.029052734375,-0.064208984375,-0.99560546875,-0.091463416814804,0.5487805008888245,0.1829268336296081,-0.031005859375,-0.10888671875,1.0079345703125,0.3048780560493469,0.1219512224197387,-0.0762195140123367,0.0311279296875,-0.005859375,1.0255126953125,0.5335366129875183,0.1219512224197387,0.045731708407402,0.9999989867210388,-0.0007785292691551,0.0012153033167123,5.5181317293317995e-08,0.9999430775642396,0.0038686445914208,-0.0099469609558582,8.834118489176035e-05,0.9999794960021972,-0.0040783770382404,-0.004932421259582,-4.050108373121475e-07
1900-01-01 11:21:11.434417,-0.0286865234375,-0.0667724609375,-0.99755859375,0.091463416814804,0.6859756112098694,0.1829268336296081,-0.03173828125,-0.1082763671875,1.0098876953125,0.3048780560493469,0.1219512224197387,-0.0762195140123367,0.0311279296875,-0.005859375,1.0255126953125,0.5335366129875183,0.1219512224197387,0.045731708407402,0.9999989867210388,-0.0007785292691551,0.0012153033167123,5.5181317293317995e-08,0.9999430775642396,0.0038686445914208,-0.0099469609558582,8.834118489176035e-05,0.9999794960021972,-0.0040783770382404,-0.004932421259582,-4.050108373121475e-07
1900-01-01 11:21:11.434564,-0.0272216796875,-0.066162109375,-0.99755859375,0.1371951252222061,0.6097561120986938,0.0152439028024673,-0.03173828125,-0.1082763671875,1.0098876953125,0.1371951252222061,-0.0609756112098693,0.1219512224197387,0.0308837890625,-0.005126953125,1.0279541015625,0.5335366129875183,0.1219512224197387,0.045731708407402,0.9999989867210388,-0.0007785292691551,0.0012153033167123,5.5181317293317995e-08,0.9999430775642396,0.0038686445914208,-0.0099469609558582,8.834118489176035e-05,0.9999794960021972,-0.0040783770382404,-0.004932421259582,-4.050108373121475e-07
1900-01-01 11:21:11.434677,-0.025390625,-0.0662841796875,-0.9957275390625,0.0304878056049346,0.6402438879013062,-0.0609756112098693,-0.03173828125,-0.1082763671875,1.0098876953125,0.1371951252222061,-0.0609756112098693,0.1219512224197387,0.0308837890625,-0.005126953125,1.0279541015625,0.4115853607654571,0.1067073196172714,0.2286585420370102,0.9999989867210388,-0.0007785292691551,0.0012153033167123,5.5181317293317995e-08,0.9999430775642396,0.0038686445914208,-0.0099469609558582,8.834118489176035e-05,0.9999794960021972,-0.0040783770382404,-0.004932421259582,-4.050108373121475e-07
1900-01-01 11:21:11.434807,-0.0263671875,-0.063232421875,-0.9969482421875,0.1067073196172714,0.8079268336296082,0.0762195140123367,-0.032470703125,-0.108154296875,1.0078125,0.1371951252222061,-0.0609756112098693,0.1219512224197387,0.0308837890625,-0.005126953125,1.0279541015625,0.4115853607654571,0.1067073196172714,0.2286585420370102,0.9999989867210388,-0.0007785292691551,0.0012153033167123,5.5181317293317995e-08,0.9999430775642396,0.0038686445914208,-0.0099469609558582,8.834118489176035e-05,0.9999794960021972,-0.0040783770382404,-0.004932421259582,-4.050108373121475e-07
1900-01-01 11:21:11.434938,-0.0281982421875,-0.0657958984375,-0.9957275390625,0.091463416814804,0.6402438879013062,0.0609756112098693,-0.0338134765625,-0.1077880859375,1.0084228515625,0.2134146392345428,-0.2591463327407837,-0.045731708407402,0.0308837890625,-0.005126953125,1.0279541015625,0.4115853607654571,0.1067073196172714,0.2286585420370102,0.9999989867210388,-0.0007785292691551,0.0012153033167123,5.5181317293317995e-08,0.9999430775642396,0.0038686445914208,-0.0099469609558582,8.834118489176035e-05,0.9999794960021972,-0.0040783770382404,-0.004932421259582,-4.050108373121475e-07
1900-01-01 11:21:11.435121,-0.02783203125,-0.064453125,-0.9967041015625,0.2896341383457184,0.6859756112098694,-0.045731708407402,-0.034423828125,-0.107666015625,1.0079345703125,0.6554878354072571,-0.2591463327407837,-0.2439024448394775,0.0308837890625,-0.005126953125,1.0279541015625,0.4115853607654571,0.1067073196172714,0.2286585420370102,0.9999989867210388,-0.0007785292691551,0.0012153033167123,5.5181317293317995e-08,0.9999430775642396,0.0038686445914208,-0.0099469609558582,8.834118489176035e-05,0.9999794960021972,-0.0040783770382404,-0.004932421259582,-4.050108373121475e-07
1900-01-01 11:21:11.435265,-0.02783203125,-0.06494140625,-0.9957275390625,0.091463416814804,0.396341472864151,0.2439024448394775,-0.0316162109375,-0.1070556640625,1.0089111328125,0.2896341383457184,-0.2591463327407837,-0.0152439028024673,0.0308837890625,-0.005126953125,1.0279541015625,0.4115853607654571,0.1067073196172714,0.2286585420370102,0.9999989867210388,-0.0007785292691551,0.0012153033167123,5.5181317293317995e-08,0.9999430775642396,0.0038686445914208,-0.0099469609558582,8.834118489176035e-05,0.9999794960021972,-0.0040783770382404,-0.004932421259582,-4.050108373121475e-07
1900-01-01 11:21:11.435456,-0.02880859375,-0.0655517578125,-0.99609375,0.1524390280246734,0.4420731663703918,0.091463416814804,-0.031494140625,-0.108154296875,1.0072021484375,0.2896341383457184,-0.2591463327407837,-0.0152439028024673,0.0308837890625,-0.005126953125,1.0279541015625,0.4115853607654571,0.1067073196172714,0.2286585420370102,0.9999989867210388,-0.0007785292691551,0.0012153033167123,5.5181317293317995e-08,0.9999430775642396,0.0038686445914208,-0.0099469609558582,8.834118489176035e-05,0.9999794960021972,-0.0040783770382404,-0.004932421259582,-4.050108373121475e-07
1900-01-01 11:21:11.435640,-0.0289306640625,-0.0638427734375,-0.9931640625,-0.0762195140123367,0.5945122241973877,0.1676829308271408,-0.03369140625,-0.111083984375,1.005615234375,0.091463416814804,0.4420731663703918,0.0152439028024673,0.0308837890625,-0.005126953125,1.0279541015625,0.4115853607654571,0.1067073196172714,0.2286585420370102,0.9999989867210388,-0.0007785292691551,0.0012153033167123,5.5181317293317995e-08,0.9999430775642396,0.0038686445914208,-0.0099469609558582,8.834118489176035e-05,0.9999794960021972,-0.0040783770382404,-0.004932421259582,-4.050108373121475e-07
1900-01-01 11:21:11.435816,-0.029052734375,-0.0640869140625,-0.994873046875,0.0304878056049346,0.5945122241973877,-0.1219512224197387,-0.033447265625,-0.111328125,1.0089111328125,0.0,-0.1219512224197387,-0.0304878056049346,0.0308837890625,-0.005126953125,1.0279541015625,0.4115853607654571,0.1067073196172714,0.2286585420370102,0.9999989867210388,-0.0007785292691551,0.0012153033167123,5.5181317293317995e-08,0.9999430775642396,0.0038686445914208,-0.0099469609558582,8.834118489176035e-05,0.9999794960021972,-0.0040783770382404,-0.004932421259582,-4.050108373121475e-07
1900-01-01 11:21:11.435948,-0.029296875,-0.0634765625,-0.9945068359375,0.2286585420370102,0.396341472864151,-0.1676829308271408,-0.032470703125,-0.1087646484375,1.0072021484375,0.3353658616542816,0.1067073196172714,-0.0609756112098693,0.0308837890625,-0.005126953125,1.0279541015625,0.4115853607654571,0.1067073196172714,0.2286585420370102,0.9999989867210388,-0.0007785292691551,0.0012153033167123,5.5181317293317995e-08,0.9999430775642396,0.0038686445914208,-0.0099469609558582,8.834118489176035e-05,0.9999794960021972,-0.0040783770382404,-0.004932421259582,-4.050108373121475e-07
1900-01-01 11:21:11.436037,-0.0296630859375,-0.06494140625,-0.99658203125,0.0609756112098693,0.2134146392345428,-0.0762195140123367,-0.032470703125,-0.1087646484375,1.0072021484375,0.3353658616542816,0.1067073196172714,-0.0609756112098693,0.0308837890625,-0.005126953125,1.0279541015625,0.4115853607654571,0.1067073196172714,0.2286585420370102,0.9999989867210388,-0.0007785292691551,0.0012153033167123,5.5181317293317995e-08,0.9999430775642396,0.0038686445914208,-0.0099469609558582,8.834118489176035e-05,0.9999794960021972,-0.0040783770382404,-0.004932421259582,-4.050108373121475e-07
1900-01-01 11:21:11.436101,-0.03125,-0.06640625,-0.99755859375,0.091463416814804,0.3658536672592163,0.1981707364320755,-0.032470703125,-0.1087646484375,1.0072021484375,0.3353658616542816,0.1067073196172714,-0.0609756112098693,0.0308837890625,-0.005126953125,1.0279541015625,0.4115853607654571,0.1067073196172714,0.2286585420370102,0.9999989867210388,-0.0007785292691551,0.0012153033167123,5.5181317293317995e-08,0.9999430775642396,0.0038686445914208,-0.0099469609558582,8.834118489176035e-05,0.9999794960021972,-0.0040783770382404,-0.004932421259582,-4.050108373121475e-07
1900-01-01 11:21:11.442520,-0.026611328125,-0.065185546875,-1.0006103515625,0.1981707364320755,0.5030487775802612,0.091463416814804,-0.0343017578125,-0.1065673828125,1.0086669921875,0.2591463327407837,0.1524390280246734,-0.2134146392345428,0.0321044921875,-0.0064697265625,1.028564453125,0.5030487775802612,0.3048780560493469,-0.0609756112098693,0.9999989867210388,-0.0007785292691551,0.0012153033167123,5.5181317293317995e-08,0.9999430775642396,0.0038686445914208,-0.0099469609558582,8.834118489176035e-05,0.9999794960021972,-0.0040783770382404,-0.004932421259582,-4.050108373121475e-07
1900-01-01 11:21:11.452310,-0.0247802734375,-0.067626953125,-0.9981689453125,0.4115853607654571,0.5945122241973877,-0.2286585420370102,-0.033447265625,-0.10595703125,1.0081787109375,0.396341472864151,-0.3506097495555877,-0.1371951252222061,0.033203125,-0.0091552734375,1.0289306640625,0.4878048896789551,0.1371951252222061,0.2134146392345428,0.9999989867210388,-0.0007785292691551,0.0012153033167123,5.5181317293317995e-08,0.9999430775642396,0.0038686445914208,-0.0099469609558582,8.834118489176035e-05,0.9999794960021972,-0.0040783770382404,-0.004932421259582,-4.050108373121475e-07
1900-01-01 11:21:11.461312,-0.02587890625,-0.0654296875,-0.9989013671875,-0.1371951252222061,0.5030487775802612,-0.1371951252222061,-0.0345458984375,-0.1031494140625,1.009765625,0.1981707364320755,0.1676829308271408,0.045731708407402,0.0338134765625,-0.0089111328125,1.02783203125,0.5792682766914368,0.3353658616542816,0.2896341383457184,0.9999989867210388,-0.0007785292691551,0.0012153033167123,5.5181317293317995e-08,0.9999430775642396,0.0038686445914208,-0.0099469609558582,8.834118489176035e-05,0.9999794960021972,-0.0040783770382404,-0.004932421259582,-4.050108373121475e-07
1900-01-01 11:21:11.469312,-0.0283203125,-0.0643310546875,-1.0006103515625,0.1829268336296081,0.4573170840740204,-0.0152439028024673,-0.0325927734375,-0.106201171875,1.011474609375,0.1524390280246734,0.091463416814804,0.0609756112098693,0.0338134765625,-0.0089111328125,1.02783203125,0.5792682766914368,0.3353658616542816,0.2896341383457184,0.9999989867210388,-0.0007785292691551,0.0012153033167123,5.5181317293317995e-08,0.9999430775642396,0.0038686445914208,-0.0099469609558582,8.834118489176035e-05,0.9999794960021972,-0.0040783770382404,-0.004932421259582,-4.050108373121475e-07
1900-01-01 11:21:11.478302,-0.02685546875,-0.0657958984375,-0.9951171875,-0.0609756112098693,0.4268292784690857,-0.1067073196172714,-0.034423828125,-0.10693359375,1.009033203125,0.0152439028024673,0.1067073196172714,-0.3810975551605224,0.0323486328125,-0.0096435546875,1.03076171875,0.6707317233085632,0.3048780560493469,0.0152439028024673,0.9999989867210388,-0.0007785292691551,0.0012153033167123,5.5181317293317995e-08,0.9999430775642396,0.0038686445914208,-0.0099469609558582,8.834118489176035e-05,0.9999794960021972,-0.0040783770382404,-0.004932421259582,-4.050108373121475e-07
1900-01-01 11:21:11.495536,-0.0291748046875,-0.063720703125,-0.994140625,0.0609756112098693,0.6859756112098694,-0.091463416814804,-0.0325927734375,-0.107421875,1.0068359375,0.091463416814804,-0.045731708407402,0.091463416814804,0.0308837890625,-0.006591796875,1.025634765625,0.5182926654815674,0.3658536672592163,0.1219512224197387,0.9999989867210388,-0.0007785292691551,0.0012153033167123,5.5181317293317995e-08,0.9999430775642396,0.0038686445914208,-0.0099469609558582,8.834118489176035e-05,0.9999794960021972,-0.0040783770382404,-0.004932421259582,-4.050108373121475e-07
1900-01-01 11:21:11.505290,-0.0267333984375,-0.06396484375,-0.9974365234375,0.0609756112098693,0.4115853607654571,0.0762195140123367,-0.0325927734375,-0.107421875,1.0068359375,0.091463416814804,-0.045731708407402,0.091463416814804,0.0299072265625,-0.0072021484375,1.0272216796875,0.5945122241973877,0.091463416814804,0.1371951252222061,0.9999989867210388,-0.0007785292691551,0.0012153033167123,5.5181317293317995e-08,0.9999430775642396,0.0038686445914208,-0.0099469609558582,8.834118489176035e-05,0.9999794960021972,-0.0040783770382404,-0.004932421259582,-4.050108373121475e-07
1900-01-01 11:21:11.512390,-0.027587890625,-0.064697265625,-0.9937744140625,-0.0304878056049346,0.5030487775802612,-0.0762195140123367,-0.03125,-0.107666015625,1.0084228515625,0.2591463327407837,0.2896341383457184,-0.0762195140123367,0.0299072265625,-0.0072021484375,1.0272216796875,0.5945122241973877,0.091463416814804,0.1371951252222061,0.9999989867210388,-0.0007785292691551,0.0012153033167123,5.5181317293317995e-08,0.9999430775642396,0.0038686445914208,-0.0099469609558582,8.834118489176035e-05,0.9999794960021972,-0.0040783770382404,-0.004932421259582,-4.050108373121475e-07
1900-01-01 11:21:11.522290,-0.029052734375,-0.063720703125,-0.9925537109375,0.1829268336296081,0.4115853607654571,-0.1067073196172714,-0.032958984375,-0.107666015625,1.0057373046875,0.1981707364320755,0.1829268336296081,-0.1676829308271408,0.0313720703125,-0.0059814453125,1.024658203125,0.5182926654815674,0.4115853607654571,0.2439024448394775,0.9999989867210388,-0.0007785292691551,0.0012153033167123,5.5181317293317995e-08,0.9999430775642396,0.0038686445914208,-0.0099469609558582,8.834118489176035e-05,0.9999794960021972,-0.0040783770382404,-0.004932421259582,-4.050108373121475e-07
1900-01-01 11:21:11.530310,-0.03125,-0.0633544921875,-0.9989013671875,0.1676829308271408,0.792682945728302,0.1981707364320755,-0.034423828125,-0.1094970703125,1.003173828125,0.3048780560493469,-0.6707317233085632,-0.3201219439506531,0.031982421875,-0.0048828125,1.0244140625,0.4725609719753265,0.1371951252222061,0.0762195140123367,0.9999989867210388,-0.0007785292691551,0.0012153033167123,5.5181317293317995e-08,0.9999430775642396,0.0038686445914208,-0.0099469609558582,8.834118489176035e-05,0.9999794960021972,-0.0040783770382404,-0.004932421259582,-4.050108373121475e-07
1900-01-01 11:21:11.553960,-0.0316162109375,-0.0635986328125,-0.9959716796875,0.1219512224197387,0.5335366129875183,0.1067073196172714,-0.0321044921875,-0.1097412109375,1.009765625,0.1219512224197387,-0.0762195140123367,-0.1829268336296081,0.03076171875,-0.0064697265625,1.0291748046875,0.4725609719753265,0.3048780560493469,0.091463416814804,0.9999989867210388,-0.0007785292691551,0.0012153033167123,5.5181317293317995e-08,0.9999430775642396,0.0038686445914208,-0.0099469609558582,8.834118489176035e-05,0.9999794960021972,-0.0040783770382404,-0.004932421259582,-4.050108373121475e-07
1900-01-01 11:21:11.559616,-0.028564453125,-0.0594482421875,-0.989013671875,0.2286585420370102,0.3506097495555877,-0.0609756112098693,-0.0321044921875,-0.1097412109375,1.009765625,0.1219512224197387,-0.0762195140123367,-0.1829268336296081,0.030517578125,-0.0042724609375,1.0252685546875,0.4725609719753265,0.3048780560493469,0.091463416814804,0.9999989867210388,-0.0007785292691551,0.0012153033167123,5.5181317293317995e-08,0.9999430775642396,0.0038686445914208,-0.0099469609558582,8.834118489176035e-05,0.9999794960021972,-0.0040783770382404,-0.004932421259582,-4.050108373121475e-07
1900-01-01 11:21:11.565543,-0.0303955078125,-0.059814453125,-0.994384765625,0.0304878056049346,0.8079268336296082,0.045731708407402,-0.0318603515625,-0.1102294921875,1.0042724609375,0.0609756112098693,0.5487805008888245,-0.0152439028024673,0.030517578125,-0.0042724609375,1.0252685546875,0.4268292784690857,0.2134146392345428,0.4268292784690857,0.9999989867210388,-0.0007785292691551,0.0012153033167123,5.5181317293317995e-08,0.9999430775642396,0.0038686445914208,-0.0099469609558582,8.834118489176035e-05,0.9999794960021972,-0.0040783770382404,-0.004932421259582,-4.050108373121475e-07
1900-01-01 11:21:11.598061,-0.029052734375,-0.06396484375,-0.9996337890625,0.0762195140123367,0.5640243887901306,-0.1067073196172714,-0.0299072265625,-0.1112060546875,1.0015869140625,0.0609756112098693,0.5487805008888245,-0.0152439028024673,0.030517578125,-0.0042724609375,1.0252685546875,0.4268292784690857,0.2134146392345428,0.4268292784690857,0.9999989867210388,-0.0007785292691551,0.0012153033167123,5.5181317293317995e-08,0.9999430775642396,0.0038686445914208,-0.0099469609558582,8.834118489176035e-05,0.9999794960021972,-0.0040783770382404,-0.004932421259582,-4.050108373121475e-07
1900-01-01 11:21:11.624666,-0.0289306640625,-0.0653076171875,-0.996337890625,0.0762195140123367,0.625,0.0762195140123367,-0.0299072265625,-0.1112060546875,1.0015869140625,0.2439024448394775,0.4573170840740204,0.0762195140123367,0.02880859375,-0.0048828125,1.0224609375,0.5792682766914368,0.1676829308271408,0.0762195140123367,0.9999989867210388,-0.0007785292691551,0.0012153033167123,5.5181317293317995e-08,0.9999430775642396,0.0038686445914208,-0.0099469609558582,8.834118489176035e-05,0.9999794960021972,-0.0040783770382404,-0.004932421259582,-4.050108373121475e-07
1900-01-01 11:21:11.636560,-0.0267333984375,-0.064697265625,-0.9945068359375,0.1067073196172714,0.3201219439506531,0.1676829308271408,-0.03369140625,-0.1090087890625,1.005126953125,0.2439024448394775,0.4573170840740204,0.0762195140123367,0.0294189453125,-0.007568359375,1.0274658203125,0.6554878354072571,0.1067073196172714,0.045731708407402,0.9999989867210388,-0.0007785292691551,0.0012153033167123,5.5181317293317995e-08,0.9999430775642396,0.0038686445914208,-0.0099469609558582,8.834118489176035e-05,0.9999794960021972,-0.0040783770382404,-0.004932421259582,-4.050108373121475e-07
1900-01-01 11:21:11.642111,-0.0238037109375,-0.06640625,-0.9998779296875,0.3048780560493469,0.4573170840740204,0.1524390280246734,-0.03369140625,-0.1090087890625,1.005126953125,0.4725609719753265,-0.7317073345184326,-0.2439024448394775,0.03271484375,-0.0079345703125,1.0286865234375,0.6554878354072571,0.1067073196172714,0.045731708407402,0.9999989867210388,-0.0007785292691551,0.0012153033167123,5.5181317293317995e-08,0.9999430775642396,0.0038686445914208,-0.0099469609558582,8.834118489176035e-05,0.9999794960021972,-0.0040783770382404,-0.004932421259582,-4.050108373121475e-07
1900-01-01 11:21:11.683964,-0.0252685546875,-0.067626953125,-0.9967041015625,0.1676829308271408,0.5640243887901306,0.091463416814804,-0.031982421875,-0.107666015625,1.0111083984375,-0.0152439028024673,0.3048780560493469,-0.2591463327407837,0.0330810546875,-0.0068359375,1.025146484375,0.2896341383457184,0.2286585420370102,0.2896341383457184,0.9999989867210388,-0.0007785292691551,0.0012153033167123,5.5181317293317995e-08,0.9999430775642396,0.0038686445914208,-0.0099469609558582,8.834118489176035e-05,0.9999794960021972,-0.0040783770382404,-0.004932421259582,-4.050108373121475e-07
1900-01-01 11:21:11.684814,-0.02783203125,-0.06591796875,-0.99462890625,0.1524390280246734,0.7012194991111755,0.0609756112098693,-0.0322265625,-0.107666015625,1.009033203125,-0.0609756112098693,0.6402438879013062,-0.0152439028024673,0.0330810546875,-0.0068359375,1.025146484375,0.2896341383457184,0.2286585420370102,0.2896341383457184,0.9999989867210388,-0.0007785292691551,0.0012153033167123,5.5181317293317995e-08,0.9999430775642396,0.0038686445914208,-0.0099469609558582,8.834118489176035e-05,0.9999794960021972,-0.0040783770382404,-0.004932421259582,-4.050108373121475e-07
1900-01-01 11:21:11.727453,-0.027099609375,-0.063232421875,-0.99609375,0.1067073196172714,0.7164634466171265,0.0762195140123367,-0.03369140625,-0.1058349609375,1.0078125,0.2286585420370102,-0.1524390280246734,-0.0762195140123367,0.031005859375,-0.0089111328125,1.0277099609375,0.3201219439506531,0.5030487775802612,0.2896341383457184,0.9999989867210388,-0.0007785292691551,0.0012153033167123,5.5181317293317995e-08,0.9999432563781738,0.0038153987843543,-0.0099469656124711,8.781152428127825e-05,0.9999794960021972,-0.0040783770382404,-0.004932421259582,-4.050108373121475e-07
1900-01-01 11:21:11.760169,-0.0283203125,-0.06298828125,-0.9964599609375,0.2896341383457184,0.6859756112098694,-0.1067073196172714,-0.0333251953125,-0.1051025390625,1.011474609375,0.4573170840740204,-0.5487805008888245,-0.2439024448394775,0.0318603515625,-0.0079345703125,1.0284423828125,0.396341472864151,0.2591463327407837,0.0609756112098693,0.9999989867210388,-0.0007785292691551,0.0012153033167123,5.5181317293317995e-08,0.9999432563781738,0.0038153987843543,-0.0099469656124711,8.781152428127825e-05,0.9999794960021972,-0.0040783770382404,-0.004932421259582,-4.050108373121475e-07
1900-01-01 11:21:11.792012,-0.0296630859375,-0.066162109375,-0.99560546875,0.2439024448394775,0.7164634466171265,-0.1067073196172714,-0.030517578125,-0.10595703125,1.01025390625,0.091463416814804,0.4268292784690857,0.0609756112098693,0.0301513671875,-0.0069580078125,1.0269775390625,0.5030487775802612,0.2134146392345428,0.1829268336296081,0.9999989867210388,-0.0007785292691551,0.0012153033167123,5.5181317293317995e-08,0.9999432563781738,0.0038153987843543,-0.0099469656124711,8.781152428127825e-05,0.9999794960021972,-0.0040783770382404,-0.004932421259582,-4.050108373121475e-07
1900-01-01 11:21:11.803195,-0.0302734375,-0.06494140625,-0.9947509765625,0.2134146392345428,0.4878048896789551,0.1524390280246734,-0.0322265625,-0.107666015625,1.007568359375,0.091463416814804,0.4268292784690857,0.0609756112098693,0.0301513671875,-0.0069580078125,1.0269775390625,0.5335366129875183,0.3658536672592163,0.1676829308271408,0.9999989867210388,-0.0007785292691551,0.0012153033167123,5.5181317293317995e-08,0.9999432563781738,0.0038153987843543,-0.0099469656124711,8.781152428127825e-05,0.9999794960021972,-0.0040783770382404,-0.004932421259582,-4.050108373121475e-07
1900-01-01 11:21:11.803699,-0.02978515625,-0.064453125,-0.993408203125,-0.0762195140123367,1.0670732259750366,-0.0762195140123367,-0.0322265625,-0.107666015625,1.007568359375,0.091463416814804,0.4268292784690857,0.0609756112098693,0.0301513671875,-0.0069580078125,1.0269775390625,0.5335366129875183,0.3658536672592163,0.1676829308271408,0.9999989867210388,-0.0007785292691551,0.0012153033167123,5.5181317293317995e-08,0.9999432563781738,0.0038153987843543,-0.0099469656124711,8.781152428127825e-05,0.9999794960021972,-0.0040783770382404,-0.004932421259582,-4.050108373121475e-07
1900-01-01 11:21:11.839181,-0.0281982421875,-0.0625,-0.9945068359375,0.091463416814804,0.2896341383457184,0.2743902504444122,-0.03369140625,-0.1099853515625,1.0062255859375,0.1067073196172714,-0.2286585420370102,-0.1219512224197387,0.0318603515625,-0.007080078125,1.0281982421875,0.5335366129875183,0.2286585420370102,0.4115853607654571,0.9999989867210388,-0.0007785292691551,0.0012153033167123,5.5181317293317995e-08,0.9999432563781738,0.0038153987843543,-0.0099469656124711,8.781152428127825e-05,0.9999794960021972,-0.0040783770382404,-0.004932421259582,-4.050108373121475e-07
1900-01-01 11:21:11.860414,-0.0299072265625,-0.063720703125,-0.99462890625,0.045731708407402,0.6097561120986938,0.1524390280246734,-0.0318603515625,-0.109375,1.009765625,0.3048780560493469,-0.2896341383457184,-0.2743902504444122,0.0338134765625,-0.0074462890625,1.027587890625,0.5335366129875183,0.2286585420370102,0.4115853607654571,0.9999989867210388,-0.0007785292691551,0.0012153033167123,5.5181317293317995e-08,0.9999432563781738,0.0038153987843543,-0.0099469656124711,8.781152428127825e-05,0.9999794960021972,-0.0040783770382404,-0.004932421259582,-4.050108373121475e-07
1900-01-01 11:21:11.886374,-0.03125,-0.064208984375,-0.994873046875,0.1219512224197387,0.3201219439506531,0.1219512224197387,-0.0335693359375,-0.107666015625,1.0111083984375,0.3048780560493469,-0.2896341383457184,-0.2743902504444122,0.0338134765625,-0.0074462890625,1.027587890625,0.5335366129875183,0.2286585420370102,0.4115853607654571,0.9999989867210388,-0.0007785292691551,0.0012153033167123,5.5181317293317995e-08,0.9999432563781738,0.0038153987843543,-0.0099469656124711,8.781152428127825e-05,0.9999794960021972,-0.0040783770382404,-0.004932421259582,-4.050108373121475e-07
1900-01-01 11:21:11.903833,-0.0308837890625,-0.0640869140625,-0.9954833984375,0.3810975551605224,0.4115853607654571,-0.1829268336296081,-0.0340576171875,-0.1080322265625,1.00439453125,0.1676829308271408,0.5487805008888245,-0.1067073196172714,0.03173828125,-0.0054931640625,1.0257568359375,0.2286585420370102,0.2743902504444122,0.1676829308271408,0.9999989867210388,-0.0007785292691551,0.0012153033167123,5.5181317293317995e-08,0.9999432563781738,0.0038153987843543,-0.0099469656124711,8.781152428127825e-05,0.9999794960021972,-0.0040783770382404,-0.004932421259582,-4.050108373121475e-07
1900-01-01 11:21:11.903998,-0.0272216796875,-0.0673828125,-0.99951171875,0.091463416814804,0.8841463327407837,-0.3658536672592163,-0.0340576171875,-0.1080322265625,1.00439453125,0.1676829308271408,0.5487805008888245,-0.1067073196172714,0.03173828125,-0.0054931640625,1.0257568359375,0.2286585420370102,0.2743902504444122,0.1676829308271408,0.9999989867210388,-0.0007785292691551,0.0012153033167123,5.5181317293317995e-08,0.9999432563781738,0.0038153987843543,-0.0099469656124711,8.781152428127825e-05,0.9999794960021972,-0.0040783770382404,-0.004932421259582,-4.050108373121475e-07
1900-01-01 11:21:11.910884,-0.023681640625,-0.066650390625,-0.9962158203125,0.1524390280246734,0.5335366129875183,0.2439024448394775,-0.0338134765625,-0.1080322265625,1.0035400390625,0.2439024448394775,-0.1981707364320755,-0.1676829308271408,0.0308837890625,-0.00439453125,1.026123046875,0.4573170840740204,0.2591463327407837,0.2134146392345428,0.9999989867210388,-0.0007785292691551,0.0012153033167123,5.5181317293317995e-08,0.9999432563781738,0.0038153987843543,-0.0099469656124711,8.781152428127825e-05,0.9999794960021972,-0.0040783770382404,-0.004932421259582,-4.050108373121475e-07
1900-01-01 11:21:11.911045,-0.0244140625,-0.0673828125,-0.996826171875,0.0609756112098693,0.3048780560493469,0.0609756112098693,-0.0338134765625,-0.1080322265625,1.0035400390625,0.2439024448394775,-0.1981707364320755,-0.1676829308271408,0.0308837890625,-0.00439453125,1.026123046875,0.4573170840740204,0.2591463327407837,0.2134146392345428,0.9999989867210388,-0.0007785292691551,0.0012153033167123,5.5181317293317995e-08,0.9999432563781738,0.0038153987843543,-0.0099469656124711,8.781152428127825e-05,0.9999794960021972,-0.0040783770382404,-0.004932421259582,-4.050108373121475e-07
1900-01-01 11:21:11.911432,-0.0257568359375,-0.066162109375,-0.9996337890625,0.0304878056049346,0.4268292784690857,0.1524390280246734,-0.0338134765625,-0.1080322265625,1.0035400390625,0.2439024448394775,-0.1981707364320755,-0.1676829308271408,0.0313720703125,-0.0052490234375,1.025390625,0.4573170840740204,0.2591463327407837,0.2134146392345428,0.9999989867210388,-0.0007785292691551,0.0012153033167123,5.5181317293317995e-08,0.9999432563781738,0.0038153987843543,-0.0099469656124711,8.781152428127825e-05,0.9999794960021972,-0.0040783770382404,-0.004932421259582,-4.050108373121475e-07
1900-01-01 11:21:11.912292,-0.028564453125,-0.066162109375,-0.99853515625,0.0152439028024673,0.6097561120986938,0.1829268336296081,-0.0338134765625,-0.1080322265625,1.0035400390625,0.4573170840740204,-0.2896341383457184,-0.0609756112098693,0.03173828125,-0.00732421875,1.0279541015625,0.5030487775802612,0.2896341383457184,0.396341472864151,0.9999989867210388,-0.0007785292691551,0.0012153033167123,5.5181317293317995e-08,0.9999432563781738,0.0038153987843543,-0.0099469656124711,8.781152428127825e-05,0.9999794960021972,-0.0040783770382404,-0.004932421259582,-4.050108373121475e-07
1900-01-01 11:21:11.913321,-0.0291748046875,-0.0653076171875,-0.9959716796875,0.1219512224197387,0.6554878354072571,-0.045731708407402,-0.031982421875,-0.1104736328125,1.00830078125,0.0304878056049346,0.1371951252222061,-0.0609756112098693,0.03173828125,-0.0103759765625,1.027587890625,0.4725609719753265,0.4725609719753265,0.1524390280246734,0.9999989867210388,-0.0007785292691551,0.0012153033167123,5.5181317293317995e-08,0.9999432563781738,0.0038153987843543,-0.0099469656124711,8.781152428127825e-05,0.9999794960021972,-0.0040783770382404,-0.004932421259582,-4.050108373121475e-07
1900-01-01 11:21:11.913707,-0.0284423828125,-0.0643310546875,-0.9959716796875,-0.2896341383457184,0.7774390578269958,-0.0152439028024673,-0.03515625,-0.110107421875,1.0050048828125,0.0304878056049346,0.1371951252222061,-0.0609756112098693,0.03173828125,-0.0103759765625,1.027587890625,0.4725609719753265,0.4725609719753265,0.1524390280246734,0.9999989867210388,-0.0007785292691551,0.0012153033167123,5.5181317293317995e-08,0.9999432563781738,0.0038153987843543,-0.0099469656124711,8.781152428127825e-05,0.9999794960021972,-0.0040783770382404,-0.004932421259582,-4.050108373121475e-07
1900-01-01 11:21:11.914553,-0.028564453125,-0.0654296875,-0.997802734375,-0.1524390280246734,0.5640243887901306,-0.2286585420370102,-0.0318603515625,-0.1051025390625,1.0123291015625,0.2439024448394775,-0.1067073196172714,-0.3048780560493469,0.0313720703125,-0.0086669921875,1.0302734375,0.4878048896789551,0.1524390280246734,0.0609756112098693,0.9999989867210388,-0.0007785292691551,0.0012153033167123,5.5181317293317995e-08,0.9999432563781738,0.0038153987843543,-0.0099469656124711,8.781152428127825e-05,0.9999794960021972,-0.0040783770382404,-0.004932421259582,-4.050108373121475e-07
1900-01-01 11:21:11.915021,-0.0284423828125,-0.063720703125,-0.9945068359375,0.1676829308271408,0.3658536672592163,0.1676829308271408,-0.0318603515625,-0.1051025390625,1.0123291015625,0.2439024448394775,-0.1067073196172714,-0.3048780560493469,0.03271484375,-0.0074462890625,1.02734375,0.5640243887901306,0.5640243887901306,0.0,0.9999989867210388,-0.0007785292691551,0.0012153033167123,5.5181317293317995e-08,0.9999432563781738,0.0038153987843543,-0.0099469656124711,8.781152428127825e-05,0.9999794960021972,-0.0040783770382404,-0.004932421259582,-4.050108373121475e-07
1900-01-01 11:21:11.915679,-0.03125,-0.0628662109375,-0.994873046875,0.091463416814804,0.5792682766914368,-0.091463416814804,-0.0318603515625,-0.1051025390625,1.0123291015625,0.1524390280246734,0.1676829308271408,-0.1524390280246734,0.032958984375,-0.00634765625,1.0255126953125,0.5030487775802612,0.4115853607654571,0.2743902504444122,0.9999989867210388,-0.0007785292691551,0.0012153033167123,5.5181317293317995e-08,0.9999432563781738,0.0038153987843543,-0.0099469656124711,8.781152428127825e-05,0.9999794960021972,-0.0040783770382404,-0.004932421259582,-4.050108373121475e-07
1900-01-01 11:21:11.916707,-0.0296630859375,-0.0623779296875,-0.9947509765625,-0.1219512224197387,0.5335366129875183,-0.1219512224197387,-0.033203125,-0.1055908203125,1.007080078125,0.4725609719753265,0.0762195140123367,-0.2286585420370102,0.0308837890625,-0.00439453125,1.0233154296875,0.5030487775802612,0.4420731663703918,0.0152439028024673,0.9999989867210388,-0.0007785292691551,0.0012153033167123,5.5181317293317995e-08,0.9999432563781738,0.0038153987843543,-0.0099469656124711,8.781152428127825e-05,0.9999794960021972,-0.0040783770382404,-0.004932421259582,-4.050108373121475e-07
1900-01-01 11:21:11.916926,-0.0272216796875,-0.06103515625,-0.994140625,0.0,0.2896341383457184,0.0609756112098693,-0.0343017578125,-0.1072998046875,1.011962890625,0.4725609719753265,0.0762195140123367,-0.2286585420370102,0.0308837890625,-0.00439453125,1.0233154296875,0.4878048896789551,0.3353658616542816,-0.1219512224197387,0.9999989867210388,-0.0007785292691551,0.0012153033167123,5.5181317293317995e-08,0.9999432563781738,0.0038153987843543,-0.0099469656124711,8.781152428127825e-05,0.9999794960021972,-0.0040783770382404,-0.004932421259582,-4.050108373121475e-07
1900-01-01 11:21:11.917182,-0.029052734375,-0.0618896484375,-0.9931640625,0.0152439028024673,0.5487805008888245,-0.0152439028024673,-0.0343017578125,-0.1072998046875,1.011962890625,0.2591463327407837,-0.9451219439506532,-0.3658536672592163,0.03173828125,-0.00439453125,1.0247802734375,0.4878048896789551,0.3353658616542816,-0.1219512224197387,0.9999989867210388,-0.0007785292691551,0.0012153033167123,5.5181317293317995e-08,0.9999432563781738,0.0038153987843543,-0.0099469656124711,8.781152428127825e-05,0.9999794960021972,-0.0040783770382404,-0.004932421259582,-4.050108373121475e-07
1900-01-01 11:21:11.917503,-0.0294189453125,-0.0623779296875,-0.994873046875,-0.1524390280246734,0.2286585420370102,0.091463416814804,-0.0321044921875,-0.1068115234375,1.01220703125,0.091463416814804,0.1829268336296081,-0.1371951252222061,0.03173828125,-0.00439453125,1.0247802734375,0.4115853607654571,0.1981707364320755,0.0609756112098693,0.9999989867210388,-0.0007785292691551,0.0012153033167123,5.5181317293317995e-08,0.9999432563781738,0.0038153987843543,-0.0099469656124711,8.781152428127825e-05,0.9999794960021972,-0.0040783770382404,-0.004932421259582,-4.050108373121475e-07
1900-01-01 11:21:11.917670,-0.0260009765625,-0.06494140625,-0.9959716796875,-0.091463416814804,0.6707317233085632,-0.2286585420370102,-0.0321044921875,-0.1068115234375,1.01220703125,0.091463416814804,0.1829268336296081,-0.1371951252222061,0.0303955078125,-0.0052490234375,1.0245361328125,0.4268292784690857,0.5182926654815674,0.1067073196172714,0.9999989867210388,-0.0007785292691551,0.0012153033167123,5.5181317293317995e-08,0.9999432563781738,0.0038153987843543,-0.0099469656124711,8.781152428127825e-05,0.9999794960021972,-0.0040783770382404,-0.004932421259582,-4.050108373121475e-07
1900-01-01 11:21:11.917840,-0.02783203125,-0.0655517578125,-0.99755859375,0.4573170840740204,0.6859756112098694,0.1829268336296081,-0.0321044921875,-0.1068115234375,1.01220703125,0.091463416814804,0.1829268336296081,-0.1371951252222061,0.0283203125,-0.005859375,1.0244140625,0.4573170840740204,0.2286585420370102,0.2743902504444122,0.9999989867210388,-0.0007785292691551,0.0012153033167123,5.5181317293317995e-08,0.9999432563781738,0.0038153987843543,-0.0099469656124711,8.781152428127825e-05,0.9999794960021972,-0.0040783770382404,-0.004932421259582,-4.050108373121475e-07
1900-01-01 11:21:11.918018,-0.02783203125,-0.065673828125,-0.9970703125,0.0304878056049346,0.5182926654815674,0.1676829308271408,-0.0321044921875,-0.1068115234375,1.01220703125,0.091463416814804,0.1829268336296081,-0.1371951252222061,0.030029296875,-0.006591796875,1.02587890625,0.3658536672592163,0.4115853607654571,-0.045731708407402,0.9999989867210388,-0.0007785292691551,0.0012153033167123,5.5181317293317995e-08,0.9999432563781738,0.0038153987843543,-0.0099469656124711,8.781152428127825e-05,0.9999794960021972,-0.0040783770382404,-0.004932421259582,-4.050108373121475e-07
1900-01-01 11:21:11.918660,-0.02587890625,-0.0653076171875,-0.9954833984375,-0.1371951252222061,0.396341472864151,-0.091463416814804,-0.0364990234375,-0.1104736328125,1.005615234375,0.2134146392345428,-0.1067073196172714,0.1067073196172714,0.031494140625,-0.0084228515625,1.0289306640625,0.5335366129875183,0.1829268336296081,0.2896341383457184,0.9999989867210388,-0.0007785292691551,0.0012153033167123,5.5181317293317995e-08,0.9999432563781738,0.0038153987843543,-0.0099469656124711,8.781152428127825e-05,0.9999794960021972,-0.0040783770382404,-0.004932421259582,-4.050108373121475e-07
1900-01-01 11:21:11.918825,-0.02734375,-0.0657958984375,-0.9959716796875,0.1371951252222061,0.5945122241973877,0.045731708407402,-0.0364990234375,-0.1104736328125,1.005615234375,0.2134146392345428,-0.1067073196172714,0.1067073196172714,0.02978515625,-0.0079345703125,1.02734375,0.6554878354072571,0.1981707364320755,0.1371951252222061,0.9999989867210388,-0.0007785292691551,0.0012153033167123,5.5181317293317995e-08,0.9999432563781738,0.0038153987843543,-0.0099469656124711,8.781152428127825e-05,0.9999794960021972,-0.0040783770382404,-0.004932421259582,-4.050108373121475e-07
1900-01-01 11:21:11.918957,-0.0267333984375,-0.0654296875,-0.99755859375,-0.0762195140123367,0.3506097495555877,-0.0152439028024673,-0.0364990234375,-0.1104736328125,1.005615234375,0.2134146392345428,-0.1067073196172714,0.1067073196172714,0.0313720703125,-0.0076904296875,1.027587890625,0.6554878354072571,0.1981707364320755,0.1371951252222061,0.9999989867210388,-0.0007785292691551,0.0012153033167123,5.5181317293317995e-08,0.9999432563781738,0.0038153987843543,-0.0099469656124711,8.781152428127825e-05,0.9999794960021972,-0.0040783770382404,-0.004932421259582,-4.050108373121475e-07
1900-01-01 11:21:11.925280,-0.029052734375,-0.064697265625,-0.9979248046875,0.0,0.2896341383457184,0.0762195140123367,-0.03369140625,-0.107666015625,1.01025390625,0.2743902504444122,-0.1981707364320755,-0.3048780560493469,0.0325927734375,-0.00732421875,1.028564453125,0.5182926654815674,0.2896341383457184,-0.0152439028024673,0.9999989867210388,-0.0007785292691551,0.0012153033167123,5.5181317293317995e-08,0.9999432563781738,0.0038153987843543,-0.0099469656124711,8.781152428127825e-05,0.9999794960021972,-0.0040783770382404,-0.004932421259582,-4.050108373121475e-07
1900-01-01 11:21:11.933436,-0.0289306640625,-0.06640625,-0.99462890625,-0.1524390280246734,0.4878048896789551,0.0304878056049346,-0.0340576171875,-0.1090087890625,1.0072021484375,0.3201219439506531,0.4573170840740204,-0.1067073196172714,0.031982421875,-0.0054931640625,1.0263671875,0.5030487775802612,0.2743902504444122,0.2286585420370102,0.9999989867210388,-0.0007785292691551,0.0012153033167123,5.5181317293317995e-08,0.9999432563781738,0.0038153987843543,-0.0099469656124711,8.781152428127825e-05,0.9999794960021972,-0.0040783770382404,-0.004932421259582,-4.050108373121475e-07
1900-01-01 11:21:11.941336,-0.02783203125,-0.06494140625,-0.9967041015625,0.0609756112098693,0.6707317233085632,-0.091463416814804,-0.0362548828125,-0.1072998046875,1.00537109375,0.1524390280246734,-0.2134146392345428,-0.3810975551605224,0.0311279296875,-0.007080078125,1.0267333984375,0.5030487775802612,0.2743902504444122,0.2286585420370102,0.9999989867210388,-0.0007785292691551,0.0012153033167123,5.5181317293317995e-08,0.9999432563781738,0.0038153987843543,-0.0099469656124711,8.781152428127825e-05,0.9999794960021972,-0.0040783770382404,-0.004932421259582,-4.050108373121475e-07
1900-01-01 11:21:11.950336,-0.02783203125,-0.0634765625,-0.9949951171875,0.2134146392345428,0.6402438879013062,0.0,-0.033935546875,-0.10888671875,1.0081787109375,0.1219512224197387,-0.0762195140123367,-0.1981707364320755,0.0311279296875,-0.007080078125,1.0267333984375,0.6402438879013062,0.1676829308271408,0.3353658616542816,0.9999989867210388,-0.0007785292691551,0.0012153033167123,5.5181317293317995e-08,0.9999432563781738,0.0038153987843543,-0.0099469656124711,8.781152428127825e-05,0.9999794960021972,-0.0040783770382404,-0.004932421259582,-4.050108373121475e-07
1900-01-01 11:21:11.960408,-0.028564453125,-0.0643310546875,-0.9925537109375,-0.0152439028024673,0.5487805008888245,-0.2286585420370102,-0.0306396484375,-0.1083984375,1.00830078125,0.1981707364320755,0.045731708407402,-0.0152439028024673,0.03076171875,-0.0079345703125,1.0255126953125,0.5487805008888245,0.5030487775802612,0.0152439028024673,0.9999989867210388,-0.0007785292691551,0.0012153033167123,5.5181317293317995e-08,0.9999432563781738,0.0038153987843543,-0.0099469656124711,8.781152428127825e-05,0.9999794960021972,-0.0040783770382404,-0.004932421259582,-4.050108373121475e-07
1900-01-01 11:21:11.966304,-0.0291748046875,-0.0633544921875,-0.99267578125,0.1371951252222061,0.3506097495555877,-0.1371951252222061,-0.0306396484375,-0.1083984375,1.00830078125,0.1981707364320755,0.045731708407402,-0.0152439028024673,0.0308837890625,-0.00537109375,1.025390625,0.5182926654815674,0.0762195140123367,0.1981707364320755,0.9999989867210388,-0.0007785292691551,0.0012153033167123,5.5181317293317995e-08,0.9999432563781738,0.0038153987843543,-0.0099469656124711,8.781152428127825e-05,0.9999794960021972,-0.0040783770382404,-0.004932421259582,-4.050108373121475e-07
1900-01-01 11:21:11.986324,-0.0284423828125,-0.063720703125,-0.9970703125,0.1219512224197387,0.6097561120986938,-0.0304878056049346,-0.0335693359375,-0.1092529296875,1.002685546875,0.5182926654815674,-0.2743902504444122,0.0152439028024673,0.030517578125,-0.0054931640625,1.025634765625,0.4573170840740204,0.2134146392345428,0.1524390280246734,0.9999989867210388,-0.0007785292691551,0.0012153033167123,5.5181317293317995e-08,0.9999432563781738,0.0038153987843543,-0.0099469656124711,8.781152428127825e-05,0.9999794960021972,-0.0040783770382404,-0.004932421259582,-4.050108373121475e-07
1900-01-01 11:21:11.994585,-0.0284423828125,-0.0654296875,-0.999267578125,0.2896341383457184,0.5182926654815674,0.0304878056049346,-0.03271484375,-0.1090087890625,1.007568359375,0.5182926654815674,-0.2743902504444122,0.0152439028024673,0.0316162109375,-0.005859375,1.028076171875,0.4268292784690857,0.1524390280246734,0.3506097495555877,0.9999989867210388,-0.0007785292691551,0.0012153033167123,5.5181317293317995e-08,0.9999432563781738,0.0038153987843543,-0.0099469656124711,8.781152428127825e-05,0.9999794960021972,-0.0040783770382404,-0.004932421259582,-4.050108373121475e-07
1900-01-01 11:21:12.002445,-0.0267333984375,-0.067626953125,-0.9971923828125,0.2134146392345428,0.4268292784690857,0.0609756112098693,-0.03466796875,-0.107177734375,1.0087890625,0.6402438879013062,0.0762195140123367,0.0152439028024673,0.032470703125,-0.009521484375,1.030029296875,0.5792682766914368,0.3810975551605224,0.2134146392345428,0.9999989867210388,-0.0007785292691551,0.0012153033167123,5.5181317293317995e-08,0.9999432563781738,0.0038153987843543,-0.0099469656124711,8.781152428127825e-05,0.9999794960021972,-0.0040783770382404,-0.004932421259582,-4.050108373121475e-07
1900-01-01 11:21:12.011354,-0.027587890625,-0.0675048828125,-0.9970703125,0.091463416814804,0.7469512224197388,0.0152439028024673,-0.03466796875,-0.107177734375,1.0087890625,0.6402438879013062,0.0762195140123367,0.0152439028024673,0.0328369140625,-0.0107421875,1.02734375,0.5182926654815674,0.2743902504444122,0.3658536672592163,0.9999989867210388,-0.0007785292691551,0.0012153033167123,5.5181317293317995e-08,0.9999432563781738,0.0038153987843543,-0.0099469656124711,8.781152428127825e-05,0.9999794960021972,-0.0040783770382404,-0.004932421259582,-4.050108373121475e-07
1900-01-01 11:21:12.046423,-0.0262451171875,-0.06689453125,-0.9979248046875,0.0304878056049346,0.2134146392345428,-0.1829268336296081,-0.031005859375,-0.1055908203125,1.0101318359375,-0.1067073196172714,-0.2134146392345428,-0.1219512224197387,0.03173828125,-0.0098876953125,1.0311279296875,0.396341472864151,0.3048780560493469,-0.0609756112098693,0.9999989867210388,-0.0007785292691551,0.0012153033167123,5.5181317293317995e-08,0.9999432563781738,0.0038153987843543,-0.0099469656124711,8.781152428127825e-05,0.9999794960021972,-0.0040783770382404,-0.004932421259582,-4.050108373121475e-07
1900-01-01 11:21:12.057487,-0.02587890625,-0.066162109375,-0.9996337890625,-0.0152439028024673,0.2743902504444122,0.2743902504444122,-0.031494140625,-0.1070556640625,1.012451171875,0.4268292784690857,0.1524390280246734,-0.2286585420370102,0.0325927734375,-0.008056640625,1.02978515625,0.4268292784690857,0.2439024448394775,-0.045731708407402,0.9999989867210388,-0.0007785292691551,0.0012153033167123,5.5181317293317995e-08,0.9999432563781738,0.0038153987843543,-0.0099469656124711,8.781152428127825e-05,0.9999794960021972,-0.0040783770382404,-0.004932421259582,-4.050108373121475e-07
1900-01-01 11:21:12.068351,-0.028564453125,-0.067626953125,-0.9964599609375,0.1371951252222061,0.5792682766914368,-0.091463416814804,-0.0340576171875,-0.1064453125,1.006591796875,0.1676829308271408,0.0762195140123367,0.091463416814804,0.0325927734375,-0.008056640625,1.02978515625,0.4268292784690857,0.2439024448394775,-0.045731708407402,0.9999989867210388,-0.0007785292691551,0.0012153033167123,5.5181317293317995e-08,0.9999432563781738,0.0038153987843543,-0.0099469656124711,8.781152428127825e-05,0.9999794960021972,-0.0040783770382404,-0.004932421259582,-4.050108373121475e-07
1900-01-01 11:21:12.074298,-0.029052734375,-0.0660400390625,-0.9976806640625,0.1219512224197387,0.5640243887901306,0.1829268336296081,-0.0335693359375,-0.108642578125,1.007080078125,0.1676829308271408,0.0762195140123367,0.091463416814804,0.03076171875,-0.007080078125,1.0245361328125,0.4878048896789551,0.4878048896789551,0.0,0.9999989867210388,-0.0007785292691551,0.0012153033167123,5.5181317293317995e-08,0.9999432563781738,0.0038153987843543,-0.0099469656124711,8.781152428127825e-05,0.9999794960021972,-0.0040783770382404,-0.004932421259582,-4.050108373121475e-07
1900-01-01 11:21:12.095402,-0.0279541015625,-0.0645751953125,-0.9979248046875,-0.0152439028024673,0.4878048896789551,0.0304878056049346,-0.03173828125,-0.108154296875,1.00830078125,-0.0152439028024673,-0.0304878056049346,0.0304878056049346,0.030517578125,-0.007080078125,1.028564453125,0.4878048896789551,0.4878048896789551,0.0,0.9999989867210388,-0.0007785292691551,0.0012153033167123,5.5181317293317995e-08,0.9999432563781738,0.0038153987843543,-0.0099469656124711,8.781152428127825e-05,0.9999794960021972,-0.0040783770382404,-0.004932421259582,-4.050108373121475e-07
1900-01-01 11:21:12.095848,-0.0294189453125,-0.066162109375,-0.995849609375,-0.1829268336296081,0.5792682766914368,0.1067073196172714,-0.0322265625,-0.106689453125,1.0076904296875,-0.1067073196172714,0.1219512224197387,-0.1219512224197387,0.030517578125,-0.007080078125,1.028564453125,0.4878048896789551,0.4878048896789551,0.0,0.9999989867210388,-0.0007785292691551,0.0012153033167123,5.5181317293317995e-08,0.9999432563781738,0.0038153987843543,-0.0099469656124711,8.781152428127825e-05,0.9999794960021972,-0.0040783770382404,-0.004932421259582,-4.050108373121475e-07
1900-01-01 11:21:12.127936,-0.0296630859375,-0.0616455078125,-0.9915771484375,0.0609756112098693,0.4878048896789551,0.091463416814804,-0.0352783203125,-0.1107177734375,1.003173828125,0.6859756112098694,-0.792682945728302,-0.3048780560493469,0.0325927734375,-0.0067138671875,1.0299072265625,0.5487805008888245,0.1829268336296081,0.1067073196172714,0.9999989867210388,-0.0007785292691551,0.0012153033167123,5.5181317293317995e-08,0.9999432563781738,0.0038153987843543,-0.0099469656124711,8.781152428127825e-05,0.9999794960021972,-0.0040783770382404,-0.004932421259582,-4.050108373121475e-07
1900-01-01 11:21:12.149015,-0.029296875,-0.0614013671875,-0.993408203125,0.0152439028024673,0.3506097495555877,-0.2743902504444122,-0.0325927734375,-0.109375,1.009033203125,0.6859756112098694,-0.792682945728302,-0.3048780560493469,0.031494140625,-0.007080078125,1.0245361328125,0.792682945728302,0.1219512224197387,0.2896341383457184,0.9999989867210388,-0.0007785292691551,0.0012153033167123,5.5181317293317995e-08,0.9999432563781738,0.0038153987843543,-0.0099469656124711,8.781152428127825e-05,0.9999794960021972,-0.0040783770382404,-0.004932421259582,-4.050108373121475e-07
1900-01-01 11:21:12.160910,-0.02880859375,-0.063232421875,-0.9935302734375,0.0304878056049346,0.7164634466171265,0.2134146392345428,-0.0303955078125,-0.1112060546875,1.008056640625,0.1829268336296081,0.6554878354072571,0.0152439028024673,0.031494140625,-0.007080078125,1.0245361328125,0.4725609719753265,0.2439024448394775,0.0304878056049346,0.9999989867210388,-0.0007785292691551,0.0012153033167123,5.5181317293317995e-08,0.9999432563781738,0.0038153987843543,-0.0099469656124711,8.781152428127825e-05,0.9999794960021972,-0.0040783770382404,-0.004932421259582,-4.050108373121475e-07
1900-01-01 11:21:12.193485,-0.0289306640625,-0.0623779296875,-0.992431640625,0.2896341383457184,0.3048780560493469,0.2286585420370102,-0.0321044921875,-0.10888671875,1.0062255859375,-0.0152439028024673,0.3201219439506531,0.0152439028024673,0.0301513671875,-0.00634765625,1.0238037109375,0.4878048896789551,0.2743902504444122,0.1371951252222061,0.9999989867210388,-0.0007785292691551,0.0012153033167123,5.5181317293317995e-08,0.9999432563781738,0.0038153987843543,-0.0099469656124711,8.781152428127825e-05,0.9999794960021972,-0.0040783770382404,-0.004932421259582,-4.050108373121475e-07
1900-01-01 11:21:12.215712,-0.02587890625,-0.063232421875,-0.994384765625,0.0,0.4268292784690857,-0.0304878056049346,-0.0321044921875,-0.10888671875,1.0062255859375,0.4573170840740204,-0.4268292784690857,-0.2439024448394775,0.0303955078125,-0.005615234375,1.0284423828125,0.4878048896789551,0.2743902504444122,0.1371951252222061,0.9999989867210388,-0.0007785292691551,0.0012153033167123,5.5181317293317995e-08,0.9999432563781738,0.0038153987843543,-0.0099469656124711,8.781152428127825e-05,0.9999794960021972,-0.0040783770382404,-0.004932421259582,-4.050108373121475e-07
1900-01-01 11:21:12.253627,-0.0263671875,-0.064208984375,-0.9952392578125,0.2134146392345428,0.3506097495555877,0.1676829308271408,-0.0303955078125,-0.1082763671875,1.0087890625,0.1371951252222061,0.1981707364320755,-0.045731708407402,0.0306396484375,-0.0054931640625,1.0235595703125,0.4573170840740204,-0.0304878056049346,0.2896341383457184,0.9999989867210388,-0.0007785292691551,0.0012153033167123,5.5181317293317995e-08,0.9999432563781738,0.0038153987843543,-0.0099469656124711,8.781152428127825e-05,0.9999794960021972,-0.0040783770382404,-0.004932421259582,-4.050108373121475e-07
1900-01-01 11:21:12.308037,-0.027099609375,-0.0650634765625,-0.994873046875,0.3658536672592163,0.5030487775802612,0.2591463327407837,-0.035888671875,-0.1063232421875,1.0081787109375,0.1981707364320755,0.7012194991111755,0.1067073196172714,0.0283203125,-0.0069580078125,1.0274658203125,0.4420731663703918,0.2896341383457184,0.1067073196172714,0.9999989867210388,-0.0007785292691551,0.0012153033167123,5.5181317293317995e-08,0.9999432563781738,0.0038153987843543,-0.0099469656124711,8.781152428127825e-05,0.9999794960021972,-0.0040783770382404,-0.004932421259582,-4.050108373121475e-07
1900-01-01 11:21:12.345578,-0.0272216796875,-0.0673828125,-0.9970703125,-0.0152439028024673,0.5030487775802612,0.2134146392345428,-0.0323486328125,-0.10791015625,1.00927734375,0.2591463327407837,-0.0609756112098693,-0.1676829308271408,0.0318603515625,-0.009765625,1.02587890625,0.5640243887901306,0.5030487775802612,0.2134146392345428,0.9999989867210388,-0.0007785292691551,0.0012153033167123,5.5181317293317995e-08,0.9999432563781738,0.0038153987843543,-0.0099469656124711,8.781152428127825e-05,0.9999794960021972,-0.0040783770382404,-0.004932421259582,-4.050108373121475e-07
1900-01-01 11:21:12.356821,-0.0279541015625,-0.0672607421875,-0.9969482421875,0.3506097495555877,0.5030487775802612,-0.1219512224197387,-0.031494140625,-0.1094970703125,1.0106201171875,0.2591463327407837,-0.396341472864151,-0.2439024448394775,0.0325927734375,-0.009521484375,1.0272216796875,0.5487805008888245,0.5640243887901306,-0.0304878056049346,0.9999989867210388,-0.0007785292691551,0.0012153033167123,5.5181317293317995e-08,0.9999432563781738,0.0038153987843543,-0.0099469656124711,8.781152428127825e-05,0.9999794960021972,-0.0040783770382404,-0.004932421259582,-4.050108373121475e-07
1900-01-01 11:21:12.372877,-0.0289306640625,-0.0640869140625,-0.997314453125,0.0609756112098693,0.3658536672592163,0.0304878056049346,-0.031494140625,-0.1094970703125,1.0106201171875,0.2591463327407837,-0.396341472864151,-0.2439024448394775,0.03173828125,-0.0068359375,1.026123046875,0.5182926654815674,0.2896341383457184,0.1219512224197387,0.9999989867210388,-0.0007785292691551,0.0012153033167123,5.5181317293317995e-08,0.9999432563781738,0.0038153987843543,-0.0099469656124711,8.781152428127825e-05,0.9999794960021972,-0.0040783770382404,-0.004932421259582,-4.050108373121475e-07
1900-01-01 11:21:12.404628,-0.0296630859375,-0.0633544921875,-0.995849609375,0.0609756112098693,0.7164634466171265,0.045731708407402,-0.03271484375,-0.1099853515625,1.0064697265625,-0.0304878056049346,0.3353658616542816,-0.1219512224197387,0.0316162109375,-0.007568359375,1.0263671875,0.5182926654815674,0.2896341383457184,0.1219512224197387,0.9999989867210388,-0.0007785292691551,0.0012153033167123,5.5181317293317995e-08,0.9999432563781738,0.0038153987843543,-0.0099469656124711,8.781152428127825e-05,0.9999794960021972,-0.0040783770382404,-0.004932421259582,-4.050108373121475e-07
1900-01-01 11:21:12.406453,-0.028564453125,-0.064453125,-0.9957275390625,0.0304878056049346,0.396341472864151,0.0304878056049346,-0.0345458984375,-0.109375,1.007080078125,0.1219512224197387,0.2591463327407837,-0.1219512224197387,0.0308837890625,-0.0076904296875,1.0267333984375,0.4878048896789551,0.3506097495555877,0.1829268336296081,0.9999989867210388,-0.0007785292691551,0.0012153033167123,5.5181317293317995e-08,0.9999432563781738,0.0038153987843543,-0.0099469656124711,8.781152428127825e-05,0.9999794960021972,-0.0040783770382404,-0.004932421259582,-4.050108373121475e-07
1900-01-01 11:21:12.406854,-0.029296875,-0.06396484375,-0.9976806640625,0.1219512224197387,0.3810975551605224,0.1371951252222061,-0.0345458984375,-0.109375,1.007080078125,0.1219512224197387,0.2591463327407837,-0.1219512224197387,0.0308837890625,-0.0076904296875,1.0267333984375,0.4878048896789551,0.3506097495555877,0.1829268336296081,0.9999989867210388,-0.0007785292691551,0.0012153033167123,5.5181317293317995e-08,0.9999432563781738,0.0038153987843543,-0.0099469656124711,8.781152428127825e-05,0.9999794960021972,-0.0040783770382404,-0.004932421259582,-4.050108373121475e-07
1900-01-01 11:21:12.407524,-0.0289306640625,-0.0643310546875,-0.9949951171875,0.4878048896789551,0.5792682766914368,-0.0304878056049346,-0.0345458984375,-0.109375,1.007080078125,0.3048780560493469,-0.4420731663703918,-0.0609756112098693,0.0318603515625,-0.0074462890625,1.0264892578125,0.5640243887901306,0.3048780560493469,0.2439024448394775,0.9999989867210388,-0.0007785292691551,0.0012153033167123,5.5181317293317995e-08,0.9999432563781738,0.0038153987843543,-0.0099469656124711,8.781152428127825e-05,0.9999794960021972,-0.0040783770382404,-0.004932421259582,-4.050108373121475e-07
1900-01-01 11:21:12.408184,-0.0284423828125,-0.0645751953125,-0.99462890625,0.2896341383457184,0.5182926654815674,0.1371951252222061,-0.03271484375,-0.10693359375,1.0091552734375,0.2439024448394775,0.2439024448394775,-0.1067073196172714,0.0311279296875,-0.0064697265625,1.0269775390625,0.6402438879013062,0.4115853607654571,0.091463416814804,0.9999989867210388,-0.0007785292691551,0.0012153033167123,5.5181317293317995e-08,0.9999432563781738,0.0038153987843543,-0.0099469656124711,8.781152428127825e-05,0.9999794960021972,-0.0040783770382404,-0.004932421259582,-4.050108373121475e-07
1900-01-01 11:21:12.408558,-0.0279541015625,-0.0643310546875,-0.9945068359375,0.2743902504444122,0.6554878354072571,-0.1371951252222061,-0.03271484375,-0.10693359375,1.0091552734375,0.2439024448394775,0.2439024448394775,-0.1067073196172714,0.02978515625,-0.0054931640625,1.0260009765625,0.6402438879013062,0.4115853607654571,0.091463416814804,0.9999989867210388,-0.0007785292691551,0.0012153033167123,5.5181317293317995e-08,0.9999432563781738,0.0038153987843543,-0.0099469656124711,8.781152428127825e-05,0.9999794960021972,-0.0040783770382404,-0.004932421259582,-4.050108373121475e-07
1900-01-01 11:21:12.408785,-0.02978515625,-0.0640869140625,-0.993896484375,0.045731708407402,0.4725609719753265,-0.1371951252222061,-0.03271484375,-0.10693359375,1.0091552734375,0.2439024448394775,0.2439024448394775,-0.1067073196172714,0.03076171875,-0.0062255859375,1.0269775390625,0.5792682766914368,0.4115853607654571,0.1829268336296081,0.9999989867210388,-0.0007785292691551,0.0012153033167123,5.5181317293317995e-08,0.9999432563781738,0.0038153987843543,-0.0099469656124711,8.781152428127825e-05,0.9999794960021972,-0.0040783770382404,-0.004932421259582,-4.050108373121475e-07
1900-01-01 11:21:12.409035,-0.029296875,-0.0628662109375,-0.993896484375,0.2286585420370102,0.8079268336296082,0.0609756112098693,-0.03271484375,-0.10693359375,1.0091552734375,0.2439024448394775,0.2439024448394775,-0.1067073196172714,0.031494140625,-0.005859375,1.026123046875,0.6707317233085632,0.1829268336296081,0.2286585420370102,0.9999989867210388,-0.0007785292691551,0.0012153033167123,5.5181317293317995e-08,0.9999432563781738,0.0038153987843543,-0.0099469656124711,8.781152428127825e-05,0.9999794960021972,-0.0040783770382404,-0.004932421259582,-4.050108373121475e-07
1900-01-01 11:21:12.409240,-0.0289306640625,-0.062255859375,-0.9952392578125,0.1219512224197387,0.1829268336296081,-0.0762195140123367,-0.03271484375,-0.10693359375,1.0091552734375,0.2439024448394775,0.2439024448394775,-0.1067073196172714,0.030517578125,-0.00537109375,1.0255126953125,0.2591463327407837,0.4115853607654571,-0.0304878056049346,0.9999989867210388,-0.0007785292691551,0.0012153033167123,5.5181317293317995e-08,0.9999432563781738,0.0038153987843543,-0.0099469656124711,8.781152428127825e-05,0.9999794960021972,-0.0040783770382404,-0.004932421259582,-4.050108373121475e-07
1900-01-01 11:21:12.410320,-0.0274658203125,-0.06640625,-0.9962158203125,0.2286585420370102,0.7317073345184326,0.045731708407402,-0.0341796875,-0.1099853515625,1.009521484375,0.4420731663703918,-0.1829268336296081,-0.1676829308271408,0.0321044921875,-0.010009765625,1.0301513671875,0.4573170840740204,0.3810975551605224,0.1067073196172714,0.9999989867210388,-0.0007785292691551,0.0012153033167123,5.5181317293317995e-08,0.9999432563781738,0.0038153987843543,-0.0099469656124711,8.781152428127825e-05,0.9999794960021972,-0.0040783770382404,-0.004932421259582,-4.050108373121475e-07
1900-01-01 11:21:12.410581,-0.0267333984375,-0.068359375,-0.996826171875,0.2134146392345428,0.5182926654815674,0.1829268336296081,-0.0341796875,-0.1099853515625,1.009521484375,0.2286585420370102,0.2743902504444122,-0.1219512224197387,0.0321044921875,-0.010009765625,1.0301513671875,0.6859756112098694,0.0609756112098693,0.1371951252222061,0.9999989867210388,-0.0007785292691551,0.0012153033167123,5.5181317293317995e-08,0.9999432563781738,0.0038153987843543,-0.0099469656124711,8.781152428127825e-05,0.9999794960021972,-0.0040783770382404,-0.004932421259582,-4.050108373121475e-07
1900-01-01 11:21:12.410955,-0.02783203125,-0.0670166015625,-0.9959716796875,0.091463416814804,0.396341472864151,0.2591463327407837,-0.0325927734375,-0.1085205078125,1.0059814453125,0.2896341383457184,0.0,-0.2439024448394775,0.0325927734375,-0.0084228515625,1.0302734375,0.5335366129875183,0.3048780560493469,0.0304878056049346,0.9999989867210388,-0.0007785292691551,0.0012153033167123,5.5181317293317995e-08,0.9999432563781738,0.0038153987843543,-0.0099469656124711,8.781152428127825e-05,0.9999794960021972,-0.0040783770382404,-0.004932421259582,-4.050108373121475e-07
1900-01-01 11:21:12.411430,-0.0263671875,-0.0657958984375,-1.0,-0.0609756112098693,0.2743902504444122,-0.0609756112098693,-0.033447265625,-0.107421875,1.0087890625,0.4420731663703918,-0.3810975551605224,-0.1981707364320755,0.0323486328125,-0.0068359375,1.0260009765625,0.5792682766914368,0.2591463327407837,-0.045731708407402,0.9999989867210388,-0.0007785292691551,0.0012153033167123,5.5181317293317995e-08,0.9999432563781738,0.0038153987843543,-0.0099469656124711,8.781152428127825e-05,0.9999794960021972,-0.0040783770382404,-0.004932421259582,-4.050108373121475e-07
1900-01-01 11:21:12.411757,-0.0274658203125,-0.066650390625,-0.999267578125,0.2896341383457184,0.4878048896789551,0.2134146392345428,-0.033447265625,-0.1075439453125,1.011474609375,0.1981707364320755,-0.0762195140123367,0.0,0.0323486328125,-0.0068359375,1.0260009765625,0.5792682766914368,0.2591463327407837,-0.045731708407402,0.9999989867210388,-0.0007785292691551,0.0012153033167123,5.5181317293317995e-08,0.9999432563781738,0.0038153987843543,-0.0099469656124711,8.781152428127825e-05,0.9999794960021972,-0.0040783770382404,-0.004932421259582,-4.050108373121475e-07
1900-01-01 11:21:12.412008,-0.02783203125,-0.065185546875,-0.9951171875,-0.045731708407402,0.6707317233085632,-0.0762195140123367,-0.0341796875,-0.1048583984375,1.0087890625,0.1067073196172714,0.4725609719753265,-0.1371951252222061,0.0313720703125,-0.007080078125,1.0267333984375,0.5792682766914368,0.2591463327407837,-0.045731708407402,0.9999989867210388,-0.0007785292691551,0.0012153033167123,5.5181317293317995e-08,0.9999432563781738,0.0038153987843543,-0.0099469656124711,8.781152428127825e-05,0.9999794960021972,-0.0040783770382404,-0.004932421259582,-4.050108373121475e-07
1900-01-01 11:21:12.412173,-0.02734375,-0.0623779296875,-0.99609375,-0.1524390280246734,0.625,-0.0609756112098693,-0.0347900390625,-0.1041259765625,1.008544921875,0.3810975551605224,-0.0762195140123367,0.045731708407402,0.0313720703125,-0.007080078125,1.0267333984375,0.5792682766914368,0.2591463327407837,-0.045731708407402,0.9999989867210388,-0.0007785292691551,0.0012153033167123,5.5181317293317995e-08,0.9999432563781738,0.0038153987843543,-0.0099469656124711,8.781152428127825e-05,0.9999794960021972,-0.0040783770382404,-0.004932421259582,-4.050108373121475e-07
1900-01-01 11:21:12.412335,-0.028076171875,-0.0640869140625,-0.9954833984375,-0.0304878056049346,0.6097561120986938,0.091463416814804,-0.03466796875,-0.10693359375,1.009033203125,0.2134146392345428,-0.4420731663703918,-0.091463416814804,0.0313720703125,-0.007080078125,1.0267333984375,0.5792682766914368,0.2591463327407837,-0.045731708407402,0.9999989867210388,-0.0007785292691551,0.0012153033167123,5.5181317293317995e-08,0.9999432563781738,0.0038153987843543,-0.0099469656124711,8.781152428127825e-05,0.9999794960021972,-0.0040783770382404,-0.004932421259582,-4.050108373121475e-07
1900-01-01 11:21:12.412891,-0.02880859375,-0.0645751953125,-0.9949951171875,0.1067073196172714,0.3810975551605224,-0.4268292784690857,-0.03369140625,-0.10791015625,1.0072021484375,0.0762195140123367,0.2591463327407837,0.0152439028024673,0.0316162109375,-0.00439453125,1.02587890625,0.5792682766914368,0.2591463327407837,-0.1067073196172714,0.9999989867210388,-0.0007785292691551,0.0012153033167123,5.5181317293317995e-08,0.9999432563781738,0.0038153987843543,-0.0099469656124711,8.781152428127825e-05,0.9999794960021972,-0.0040783770382404,-0.004932421259582,-4.050108373121475e-07
1900-01-01 11:21:12.413091,-0.0296630859375,-0.0638427734375,-0.9940185546875,0.0609756112098693,0.6859756112098694,-0.1676829308271408,-0.0333251953125,-0.1094970703125,1.00927734375,0.1981707364320755,-0.1829268336296081,0.0152439028024673,0.0316162109375,-0.00439453125,1.02587890625,0.5792682766914368,0.2591463327407837,-0.1067073196172714,0.9999989867210388,-0.0007785292691551,0.0012153033167123,5.5181317293317995e-08,0.9999432563781738,0.0038153987843543,-0.0099469656124711,8.781152428127825e-05,0.9999794960021972,-0.0040783770382404,-0.004932421259582,-4.050108373121475e-07
1900-01-01 11:21:12.413269,-0.03076171875,-0.0640869140625,-0.99365234375,0.1829268336296081,0.6402438879013062,0.0152439028024673,-0.032470703125,-0.1094970703125,1.0074462890625,0.2591463327407837,-0.1676829308271408,-0.045731708407402,0.0316162109375,-0.00439453125,1.02587890625,0.5792682766914368,0.2591463327407837,-0.1067073196172714,0.9999989867210388,-0.0007785292691551,0.0012153033167123,5.5181317293317995e-08,0.9999432563781738,0.0038153987843543,-0.0099469656124711,8.781152428127825e-05,0.9999794960021972,-0.0040783770382404,-0.004932421259582,-4.050108373121475e-07
1900-01-01 11:21:12.413685,-0.030029296875,-0.0628662109375,-0.9932861328125,0.0304878056049346,0.7621951103210449,0.0152439028024673,-0.0318603515625,-0.1103515625,1.0078125,0.045731708407402,0.0152439028024673,-0.2896341383457184,0.031005859375,-0.00634765625,1.0238037109375,0.5182926654815674,0.3201219439506531,0.045731708407402,0.9999989867210388,-0.0007785292691551,0.0012153033167123,5.5181317293317995e-08,0.9999432563781738,0.0038153987843543,-0.0099469656124711,8.781152428127825e-05,0.9999794960021972,-0.0040783770382404,-0.004932421259582,-4.050108373121475e-07
1900-01-01 11:21:12.413861,-0.02734375,-0.061767578125,-0.9945068359375,0.0609756112098693,0.5792682766914368,0.2591463327407837,-0.0318603515625,-0.1103515625,1.0078125,0.045731708407402,0.0152439028024673,-0.2896341383457184,0.0286865234375,-0.00634765625,1.0263671875,0.2896341383457184,0.2439024448394775,0.3201219439506531,0.9999989867210388,-0.0007785292691551,0.0012153033167123,5.5181317293317995e-08,0.9999432563781738,0.0038153987843543,-0.0099469656124711,8.781152428127825e-05,0.9999794960021972,-0.0040783770382404,-0.004932421259582,-4.050108373121475e-07
1900-01-01 11:21:12.414051,-0.028076171875,-0.0633544921875,-0.9952392578125,0.0762195140123367,0.4573170840740204,0.1219512224197387,-0.0318603515625,-0.1103515625,1.0078125,0.045731708407402,0.0152439028024673,-0.2896341383457184,0.0316162109375,-0.00830078125,1.024658203125,0.5792682766914368,0.1524390280246734,0.3201219439506531,0.9999989867210388,-0.0007785292691551,0.0012153033167123,5.5181317293317995e-08,0.9999432563781738,0.0038153987843543,-0.0099469656124711,8.781152428127825e-05,0.9999794960021972,-0.0040783770382404,-0.004932421259582,-4.050108373121475e-07
1900-01-01 11:21:12.414435,-0.028076171875,-0.06396484375,-0.99560546875,0.1067073196172714,0.4878048896789551,0.1981707364320755,-0.03271484375,-0.10986328125,1.0087890625,0.3658536672592163,-0.5335366129875183,-0.0152439028024673,0.0313720703125,-0.00732421875,1.02587890625,0.3506097495555877,0.2743902504444122,0.1524390280246734,0.9999989867210388,-0.0007785292691551,0.0012153033167123,5.5181317293317995e-08,0.9999432563781738,0.0038153987843543,-0.0099469656124711,8.781152428127825e-05,0.9999794960021972,-0.0040783770382404,-0.004932421259582,-4.050108373121475e-07
1900-01-01 11:21:12.422296,-0.0274658203125,-0.0648193359375,-0.9974365234375,0.0609756112098693,0.5335366129875183,-0.1676829308271408,-0.0330810546875,-0.1072998046875,1.0062255859375,0.3506097495555877,-0.2743902504444122,-0.0152439028024673,0.0313720703125,-0.00732421875,1.02587890625,0.3506097495555877,0.2743902504444122,0.1524390280246734,0.9999989867210388,-0.0007785292691551,0.0012153033167123,5.5181317293317995e-08,0.9999432563781738,0.0038153987843543,-0.0099469656124711,8.781152428127825e-05,0.9999794960021972,-0.0040783770382404,-0.004932421259582,-4.050108373121475e-07
1900-01-01 11:21:12.431373,-0.026123046875,-0.0673828125,-0.9986572265625,0.3048780560493469,0.5640243887901306,0.3201219439506531,-0.0330810546875,-0.1072998046875,1.0062255859375,0.3506097495555877,-0.2743902504444122,-0.0152439028024673,0.0313720703125,-0.00732421875,1.02587890625,0.3506097495555877,0.2743902504444122,0.1524390280246734,0.9999989867210388,-0.0007785292691551,0.0012153033167123,5.5181317293317995e-08,0.9999432563781738,0.0038153987843543,-0.0099469656124711,8.781152428127825e-05,0.9999794960021972,-0.0040783770382404,-0.004932421259582,-4.050108373121475e-07
1900-01-01 11:21:12.440302,-0.0264892578125,-0.06591796875,-0.9986572265625,0.2743902504444122,0.4268292784690857,0.2439024448394775,-0.033935546875,-0.105224609375,1.010498046875,0.1676829308271408,0.3048780560493469,0.1371951252222061,0.03271484375,-0.0093994140625,1.0286865234375,0.6402438879013062,0.2896341383457184,0.4878048896789551,0.9999989867210388,-0.0007785292691551,0.0012153033167123,5.5181317293317995e-08,0.9999432563781738,0.0038153987843543,-0.0099469656124711,8.781152428127825e-05,0.9999794960021972,-0.0040783770382404,-0.004932421259582,-4.050108373121475e-07
1900-01-01 11:21:12.448316,-0.027587890625,-0.0648193359375,-0.9971923828125,-0.0609756112098693,0.3201219439506531,0.091463416814804,-0.0360107421875,-0.107666015625,1.0072021484375,0.3353658616542816,-0.1371951252222061,0.091463416814804,0.0316162109375,-0.0081787109375,1.027099609375,0.4725609719753265,0.0762195140123367,0.1371951252222061,0.9999989867210388,-0.0007785292691551,0.0012153033167123,5.5181317293317995e-08,0.9999432563781738,0.0038153987843543,-0.0099469656124711,8.781152428127825e-05,0.9999794960021972,-0.0040783770382404,-0.004932421259582,-4.050108373121475e-07
1900-01-01 11:21:12.457296,-0.0252685546875,-0.0655517578125,-0.99609375,0.2896341383457184,0.6097561120986938,-0.2134146392345428,-0.0333251953125,-0.1075439453125,1.009033203125,0.0609756112098693,-0.5030487775802612,-0.0762195140123367,0.0316162109375,-0.0081787109375,1.027099609375,0.4725609719753265,0.0762195140123367,0.1371951252222061,0.9999989867210388,-0.0007785292691551,0.0012153033167123,5.5181317293317995e-08,0.9999432563781738,0.0038153987843543,-0.0099469656124711,8.781152428127825e-05,0.9999794960021972,-0.0040783770382404,-0.004932421259582,-4.050108373121475e-07
1900-01-01 11:21:12.475336,-0.0277099609375,-0.063720703125,-0.99462890625,0.1981707364320755,0.396341472864151,0.0152439028024673,-0.0308837890625,-0.109375,1.0107421875,0.1676829308271408,-0.045731708407402,-0.0304878056049346,0.030517578125,-0.008056640625,1.028076171875,0.5335366129875183,0.4573170840740204,0.0304878056049346,0.9999989867210388,-0.0007785292691551,0.0012153033167123,5.5181317293317995e-08,0.9999432563781738,0.0038153987843543,-0.0099469656124711,8.781152428127825e-05,0.9999794960021972,-0.0040783770382404,-0.004932421259582,-4.050108373121475e-07
1900-01-01 11:21:12.475503,-0.0302734375,-0.065185546875,-0.9954833984375,0.1829268336296081,0.6402438879013062,-0.0152439028024673,-0.0308837890625,-0.109375,1.0107421875,0.1676829308271408,-0.045731708407402,-0.0304878056049346,0.030517578125,-0.008056640625,1.028076171875,0.5335366129875183,0.4573170840740204,0.0304878056049346,0.9999989867210388,-0.0007785292691551,0.0012153033167123,5.5181317293317995e-08,0.9999432563781738,0.0038153987843543,-0.0099469656124711,8.781152428127825e-05,0.9999794960021972,-0.0040783770382404,-0.004932421259582,-4.050108373121475e-07
1900-01-01 11:21:12.492452,-0.0286865234375,-0.065185546875,-0.994873046875,0.0762195140123367,0.6707317233085632,0.0304878056049346,-0.034423828125,-0.1104736328125,1.005859375,0.3658536672592163,-0.2896341383457184,-0.1371951252222061,0.031982421875,-0.0059814453125,1.025146484375,0.625,0.2591463327407837,0.1676829308271408,0.9999989867210388,-0.0007785292691551,0.0012153033167123,5.5181317293317995e-08,0.9999432563781738,0.0038153987843543,-0.0099469656124711,8.781152428127825e-05,0.9999794960021972,-0.0040783770382404,-0.004932421259582,-4.050108373121475e-07
1900-01-01 11:21:12.501305,-0.0286865234375,-0.0643310546875,-0.995361328125,0.0762195140123367,0.6707317233085632,-0.0762195140123367,-0.0357666015625,-0.1087646484375,1.0078125,0.3658536672592163,-0.091463416814804,-0.1067073196172714,0.031494140625,-0.0074462890625,1.025390625,0.5640243887901306,0.2743902504444122,0.2439024448394775,0.9999989867210388,-0.0007785292691551,0.0012153033167123,5.5181317293317995e-08,0.9999432563781738,0.0038153987843543,-0.0099469656124711,8.781152428127825e-05,0.9999794960021972,-0.0040783770382404,-0.004932421259582,-4.050108373121475e-07
1900-01-01 11:21:12.510291,-0.0299072265625,-0.064453125,-0.993896484375,0.1371951252222061,0.5792682766914368,0.1676829308271408,-0.0323486328125,-0.1090087890625,1.0068359375,0.3048780560493469,0.0152439028024673,-0.0762195140123367,0.030029296875,-0.0064697265625,1.0260009765625,0.7469512224197388,0.2591463327407837,0.3048780560493469,0.9999989867210388,-0.0007785292691551,0.0012153033167123,5.5181317293317995e-08,0.9999432563781738,0.0038153987843543,-0.0099469656124711,8.781152428127825e-05,0.9999794960021972,-0.0040783770382404,-0.004932421259582,-4.050108373121475e-07
1900-01-01 11:21:12.519617,-0.0289306640625,-0.0638427734375,-0.995361328125,0.1067073196172714,0.5182926654815674,-0.1371951252222061,-0.0323486328125,-0.1090087890625,1.0068359375,0.3048780560493469,0.0152439028024673,-0.0762195140123367,0.030029296875,-0.0064697265625,1.0260009765625,0.7469512224197388,0.2591463327407837,0.3048780560493469,0.9999989867210388,-0.0007785292691551,0.0012153033167123,5.5181317293317995e-08,0.9999432563781738,0.0038153987843543,-0.0099469656124711,8.781152428127825e-05,0.9999794960021972,-0.0040783770382404,-0.004932421259582,-4.050108373121475e-07
1900-01-01 11:21:12.530589,-0.0299072265625,-0.0643310546875,-0.9942626953125,0.3506097495555877,0.6859756112098694,-0.0304878056049346,-0.0322265625,-0.1090087890625,1.005615234375,0.1676829308271408,-0.0762195140123367,-0.1219512224197387,0.0316162109375,-0.0064697265625,1.026123046875,0.5487805008888245,0.1371951252222061,0.1524390280246734,0.9999989867210388,-0.0007785292691551,0.0012153033167123,5.5181317293317995e-08,0.9999432563781738,0.0038153987843543,-0.0099469656124711,8.781152428127825e-05,0.9999794960021972,-0.0040783770382404,-0.004932421259582,-4.050108373121475e-07
1900-01-01 11:21:12.567997,-0.028564453125,-0.0655517578125,-0.9962158203125,0.045731708407402,0.3506097495555877,0.1829268336296081,-0.0340576171875,-0.108154296875,1.0101318359375,0.2439024448394775,0.1524390280246734,-0.1829268336296081,0.0325927734375,-0.007080078125,1.0260009765625,0.5030487775802612,0.4115853607654571,0.1219512224197387,0.9999989867210388,-0.0007785292691551,0.0012153033167123,5.5181317293317995e-08,0.9999432563781738,0.0038153987843543,-0.0099469656124711,8.781152428127825e-05,0.9999794960021972,-0.0040783770382404,-0.004932421259582,-4.050108373121475e-07
1900-01-01 11:21:12.578865,-0.0263671875,-0.068115234375,-0.997314453125,0.1067073196172714,0.6554878354072571,-0.0152439028024673,-0.0340576171875,-0.108154296875,1.0101318359375,0.2134146392345428,0.2896341383457184,-0.0762195140123367,0.0322265625,-0.005859375,1.0272216796875,0.5640243887901306,0.3810975551605224,0.1067073196172714,0.9999989867210388,-0.0007785292691551,0.0012153033167123,5.5181317293317995e-08,0.9999432563781738,0.0038153987843543,-0.0099469656124711,8.781152428127825e-05,0.9999794960021972,-0.0040783770382404,-0.004932421259582,-4.050108373121475e-07
1900-01-01 11:21:12.631281,-0.0267333984375,-0.06591796875,-0.9970703125,0.2134146392345428,0.3810975551605224,0.045731708407402,-0.033935546875,-0.10595703125,1.0072021484375,0.3810975551605224,0.045731708407402,-0.2286585420370102,0.0322265625,-0.010498046875,1.027587890625,0.5335366129875183,0.6097561120986938,0.2439024448394775,0.9999989867210388,-0.0007785292691551,0.0012153033167123,5.5181317293317995e-08,0.9999432563781738,0.0038153987843543,-0.0099469656124711,8.781152428127825e-05,0.9999794960021972,-0.0040783770382404,-0.004932421259582,-4.050108373121475e-07
1900-01-01 11:21:12.675307,-0.0260009765625,-0.06494140625,-0.997802734375,0.1676829308271408,0.6554878354072571,0.0304878056049346,-0.0333251953125,-0.1075439453125,1.0081787109375,-0.1829268336296081,0.1981707364320755,-0.0762195140123367,0.032470703125,-0.009765625,1.0301513671875,0.625,0.1371951252222061,0.3658536672592163,0.9999989867210388,-0.0007785292691551,0.0012153033167123,5.5181317293317995e-08,0.9999432563781738,0.0038153987843543,-0.0099469656124711,8.781152428127825e-05,0.9999794960021972,-0.0040783770382404,-0.004932421259582,-4.050108373121475e-07
1900-01-01 11:21:12.692582,-0.0262451171875,-0.0657958984375,-0.9996337890625,-0.0609756112098693,0.4268292784690857,0.1829268336296081,-0.03173828125,-0.10791015625,1.010498046875,0.1371951252222061,-0.3506097495555877,-0.1981707364320755,0.032470703125,-0.00927734375,1.0291748046875,0.625,0.1371951252222061,0.3658536672592163,0.9999989867210388,-0.0007785292691551,0.0012153033167123,5.5181317293317995e-08,0.9999432563781738,0.0038153987843543,-0.0099469656124711,8.781152428127825e-05,0.9999794960021972,-0.0040783770382404,-0.004932421259582,-4.050108373121475e-07
1900-01-01 11:21:12.715354,-0.028076171875,-0.066650390625,-0.997314453125,0.0152439028024673,0.5182926654815674,0.0,-0.0345458984375,-0.110595703125,1.0045166015625,0.2591463327407837,-0.1676829308271408,-0.3048780560493469,0.031494140625,-0.006103515625,1.0250244140625,0.5030487775802612,0.2896341383457184,0.4878048896789551,0.9999989867210388,-0.0007785292691551,0.0012153033167123,5.5181317293317995e-08,0.9999432563781738,0.0038153987843543,-0.0099469656124711,8.781152428127825e-05,0.9999794960021972,-0.0040783770382404,-0.004932421259582,-4.050108373121475e-07
1900-01-01 11:21:12.736554,-0.028564453125,-0.0645751953125,-0.9949951171875,0.1524390280246734,0.2591463327407837,0.0304878056049346,-0.0322265625,-0.1099853515625,1.007080078125,0.2591463327407837,-0.1676829308271408,-0.3048780560493469,0.031494140625,-0.006103515625,1.0250244140625,0.7012194991111755,0.3048780560493469,0.1067073196172714,0.9999989867210388,-0.0007785292691551,0.0012153033167123,5.5181317293317995e-08,0.9999432563781738,0.0038153987843543,-0.0099469656124711,8.781152428127825e-05,0.9999794960021972,-0.0040783770382404,-0.004932421259582,-4.050108373121475e-07
1900-01-01 11:21:12.757590,-0.0289306640625,-0.06298828125,-0.9967041015625,0.045731708407402,0.5030487775802612,0.2896341383457184,-0.0322265625,-0.1099853515625,1.007080078125,0.1371951252222061,0.2286585420370102,-0.045731708407402,0.0296630859375,-0.0057373046875,1.0242919921875,0.5792682766914368,0.4268292784690857,-0.0152439028024673,0.9999989867210388,-0.0007785292691551,0.0012153033167123,5.5181317293317995e-08,0.9999432563781738,0.0038153987843543,-0.0099469656124711,8.781152428127825e-05,0.9999794960021972,-0.0040783770382404,-0.004932421259582,-4.050108373121475e-07
1900-01-01 11:21:12.764218,-0.0286865234375,-0.06396484375,-0.9952392578125,-0.045731708407402,0.5945122241973877,-0.1981707364320755,-0.0322265625,-0.1099853515625,1.007080078125,0.1371951252222061,0.2286585420370102,-0.045731708407402,0.029541015625,-0.005126953125,1.0274658203125,0.5335366129875183,0.5487805008888245,0.1829268336296081,0.9999989867210388,-0.0007785292691551,0.0012153033167123,5.5181317293317995e-08,0.9999432563781738,0.0038153987843543,-0.0099469656124711,8.781152428127825e-05,0.9999794960021972,-0.0040783770382404,-0.004932421259582,-4.050108373121475e-07
1900-01-01 11:21:12.790620,-0.029052734375,-0.0638427734375,-0.993408203125,0.1067073196172714,0.8079268336296082,0.1371951252222061,-0.0322265625,-0.1099853515625,1.007080078125,0.1371951252222061,0.2286585420370102,-0.045731708407402,0.0296630859375,-0.0069580078125,1.0267333984375,0.4420731663703918,0.3506097495555877,0.045731708407402,0.9999989867210388,-0.0007785292691551,0.0012153033167123,5.5181317293317995e-08,0.9999432563781738,0.0038153987843543,-0.0099469656124711,8.781152428127825e-05,0.9999794960021972,-0.0040783770382404,-0.004932421259582,-4.050108373121475e-07
1900-01-01 11:21:12.812093,-0.03076171875,-0.0621337890625,-0.9949951171875,-0.1676829308271408,0.5182926654815674,-0.0762195140123367,-0.0313720703125,-0.10888671875,1.0074462890625,0.1371951252222061,0.2286585420370102,-0.045731708407402,0.030029296875,-0.00634765625,1.0247802734375,0.2743902504444122,0.3353658616542816,0.1981707364320755,0.9999989867210388,-0.0007785292691551,0.0012153033167123,5.5181317293317995e-08,0.9999432563781738,0.0038153987843543,-0.0099469656124711,8.781152428127825e-05,0.9999794960021972,-0.0040783770382404,-0.004932421259582,-4.050108373121475e-07
1900-01-01 11:21:12.848572,-0.0281982421875,-0.0616455078125,-0.9937744140625,-0.0762195140123367,0.4268292784690857,-0.0304878056049346,-0.0313720703125,-0.10888671875,1.0074462890625,0.1981707364320755,0.5182926654815674,0.0,0.0306396484375,-0.0081787109375,1.029052734375,0.625,0.3506097495555877,0.2286585420370102,0.9999989867210388,-0.0007785292691551,0.0012153033167123,5.5181317293317995e-08,0.9999432563781738,0.0038153987843543,-0.0099469656124711,8.781152428127825e-05,0.9999794960021972,-0.0040783770382404,-0.004932421259582,-4.050108373121475e-07
1900-01-01 11:21:12.907744,-0.0286865234375,-0.0634765625,-0.9937744140625,0.0152439028024673,0.4420731663703918,0.1219512224197387,-0.033447265625,-0.109619140625,1.0078125,0.396341472864151,-0.0304878056049346,-0.0152439028024673,0.0322265625,-0.008056640625,1.028076171875,0.4878048896789551,0.0609756112098693,-0.0304878056049346,0.9999989867210388,-0.0007785292691551,0.0012153033167123,5.5181317293317995e-08,0.9999432563781738,0.0038153987843543,-0.0099469656124711,8.781152428127825e-05,0.9999794960021972,-0.0040783770382404,-0.004932421259582,-4.050108373121475e-07
1900-01-01 11:21:12.924453,-0.0296630859375,-0.064453125,-0.992431640625,0.1371951252222061,0.6707317233085632,-0.045731708407402,-0.033447265625,-0.109619140625,1.0078125,0.5182926654815674,-0.5640243887901306,-0.1219512224197387,0.0322265625,-0.006103515625,1.0274658203125,0.5945122241973877,0.2743902504444122,0.3810975551605224,0.9999989867210388,-0.0007785292691551,0.0012153033167123,5.5181317293317995e-08,0.9999432563781738,0.0038153987843543,-0.0099469656124711,8.781152428127825e-05,0.9999794960021972,-0.0040783770382404,-0.004932421259582,-4.050108373121475e-07
1900-01-01 11:21:12.925787,-0.0269775390625,-0.0643310546875,-0.9957275390625,0.0762195140123367,0.6097561120986938,0.0152439028024673,-0.032470703125,-0.1064453125,1.0107421875,0.5182926654815674,-0.5640243887901306,-0.1219512224197387,0.0322265625,-0.006103515625,1.0274658203125,0.7012194991111755,0.2896341383457184,0.3506097495555877,0.9999989867210388,-0.0007785292691551,0.0012153033167123,5.5181317293317995e-08,0.9999432563781738,0.0038153987843543,-0.0099469656124711,8.781152428127825e-05,0.9999794960021972,-0.0040783770382404,-0.004932421259582,-4.050108373121475e-07
1900-01-01 11:21:12.927247,-0.0263671875,-0.0645751953125,-0.998291015625,0.2439024448394775,0.4115853607654571,0.0762195140123367,-0.034423828125,-0.106201171875,1.0086669921875,0.2134146392345428,0.1219512224197387,-0.2134146392345428,0.03173828125,-0.006591796875,1.0263671875,0.6097561120986938,0.1371951252222061,0.2591463327407837,0.9999989867210388,-0.0007785292691551,0.0012153033167123,5.5181317293317995e-08,0.9999432563781738,0.0038153987843543,-0.0099469656124711,8.781152428127825e-05,0.9999794960021972,-0.0040783770382404,-0.004932421259582,-4.050108373121475e-07
1900-01-01 11:21:12.928532,-0.027099609375,-0.066650390625,-0.9947509765625,0.2591463327407837,0.5030487775802612,0.2896341383457184,-0.0338134765625,-0.10693359375,1.00439453125,0.1829268336296081,0.5640243887901306,-0.0762195140123367,0.03271484375,-0.006591796875,1.0264892578125,0.5030487775802612,0.2896341383457184,0.091463416814804,0.9999989867210388,-0.0007785292691551,0.0012153033167123,5.5181317293317995e-08,0.9999432563781738,0.0038153987843543,-0.0099469656124711,8.781152428127825e-05,0.9999794960021972,-0.0040783770382404,-0.004932421259582,-4.050108373121475e-07
1900-01-01 11:21:12.928873,-0.0260009765625,-0.067138671875,-0.995849609375,0.0762195140123367,0.4420731663703918,-0.045731708407402,-0.032470703125,-0.1075439453125,1.0096435546875,0.3810975551605224,-0.1981707364320755,-0.0609756112098693,0.03271484375,-0.006591796875,1.0264892578125,0.5030487775802612,0.2896341383457184,0.091463416814804,0.9999989867210388,-0.0007785292691551,0.0012153033167123,5.5181317293317995e-08,0.9999432563781738,0.0038153987843543,-0.0099469656124711,8.781152428127825e-05,0.9999794960021972,-0.0040783770382404,-0.004932421259582,-4.050108373121475e-07
1900-01-01 11:21:12.929420,-0.02392578125,-0.065673828125,-0.9967041015625,0.0304878056049346,0.6859756112098694,0.0,-0.032470703125,-0.1075439453125,1.0096435546875,0.2286585420370102,-0.2134146392345428,0.0609756112098693,0.03271484375,-0.006591796875,1.0264892578125,0.5182926654815674,0.2439024448394775,0.1371951252222061,0.9999989867210388,-0.0007785292691551,0.0012153033167123,5.5181317293317995e-08,0.9999432563781738,0.0038153987843543,-0.0099469656124711,8.781152428127825e-05,0.9999794960021972,-0.0040783770382404,-0.004932421259582,-4.050108373121475e-07
1900-01-01 11:21:12.930450,-0.02685546875,-0.0645751953125,-0.996826171875,0.1676829308271408,0.7317073345184326,-0.1676829308271408,-0.03466796875,-0.109130859375,1.0072021484375,0.4725609719753265,0.3506097495555877,-0.0762195140123367,0.0303955078125,-0.00732421875,1.0260009765625,0.625,0.3506097495555877,0.1371951252222061,0.9999989867210388,-0.0007785292691551,0.0012153033167123,5.5181317293317995e-08,0.9999432563781738,0.0038153987843543,-0.0099469656124711,8.781152428127825e-05,0.9999794960021972,-0.0040783770382404,-0.004932421259582,-4.050108373121475e-07
1900-01-01 11:21:12.931447,-0.0277099609375,-0.065673828125,-0.9940185546875,0.1371951252222061,0.6859756112098694,-0.0304878056049346,-0.03271484375,-0.1087646484375,1.010009765625,0.2286585420370102,-0.2896341383457184,-0.4115853607654571,0.030029296875,-0.0068359375,1.027099609375,0.625,0.2286585420370102,0.2743902504444122,0.9999989867210388,-0.0007785292691551,0.0012153033167123,5.5181317293317995e-08,0.9999432563781738,0.0038153987843543,-0.0099469656124711,8.781152428127825e-05,0.9999794960021972,-0.0040783770382404,-0.004932421259582,-4.050108373121475e-07
1900-01-01 11:21:12.932698,-0.0301513671875,-0.0635986328125,-0.9935302734375,0.1371951252222061,0.792682945728302,-0.1829268336296081,-0.032470703125,-0.10791015625,1.0084228515625,0.396341472864151,-0.3353658616542816,-0.1371951252222061,0.031494140625,-0.0086669921875,1.03173828125,0.4115853607654571,0.1829268336296081,0.3048780560493469,0.9999989867210388,-0.0007785292691551,0.0012153033167123,5.5181317293317995e-08,0.9999432563781738,0.0038153987843543,-0.0099469656124711,8.781152428127825e-05,0.9999794960021972,-0.0040783770382404,-0.004932421259582,-4.050108373121475e-07
1900-01-01 11:21:12.933032,-0.0306396484375,-0.0650634765625,-0.9957275390625,0.2591463327407837,0.625,0.0609756112098693,-0.032470703125,-0.10791015625,1.0084228515625,0.396341472864151,-0.3353658616542816,-0.1371951252222061,0.03271484375,-0.01025390625,1.02880859375,0.5030487775802612,0.1981707364320755,0.2591463327407837,0.9999989867210388,-0.0007785292691551,0.0012153033167123,5.5181317293317995e-08,0.9999432563781738,0.0038153987843543,-0.0099469656124711,8.781152428127825e-05,0.9999794960021972,-0.0040783770382404,-0.004932421259582,-4.050108373121475e-07
1900-01-01 11:21:12.933424,-0.029296875,-0.0655517578125,-0.9945068359375,0.3201219439506531,0.6097561120986938,-0.1067073196172714,-0.0338134765625,-0.1087646484375,1.0040283203125,0.1676829308271408,0.4268292784690857,-0.3201219439506531,0.0318603515625,-0.0106201171875,1.02783203125,0.6402438879013062,0.2286585420370102,0.0609756112098693,0.9999989867210388,-0.0007785292691551,0.0012153033167123,5.5181317293317995e-08,0.9999432563781738,0.0038153987843543,-0.0099469656124711,8.781152428127825e-05,0.9999794960021972,-0.0040783770382404,-0.004932421259582,-4.050108373121475e-07
1900-01-01 11:21:12.933667,-0.0294189453125,-0.064453125,-0.99365234375,0.1676829308271408,0.5030487775802612,0.1219512224197387,-0.0338134765625,-0.1087646484375,1.0040283203125,0.3201219439506531,0.0,-0.1371951252222061,0.031005859375,-0.0081787109375,1.031005859375,0.4878048896789551,0.5030487775802612,0.1676829308271408,0.9999989867210388,-0.0007785292691551,0.0012153033167123,5.5181317293317995e-08,0.9999432563781738,0.0038153987843543,-0.0099469656124711,8.781152428127825e-05,0.9999794960021972,-0.0040783770382404,-0.004932421259582,-4.050108373121475e-07
1900-01-01 11:21:12.933961,-0.029052734375,-0.064208984375,-0.9957275390625,0.0762195140123367,0.5640243887901306,-0.045731708407402,-0.0345458984375,-0.109130859375,1.00927734375,0.3201219439506531,0.0,-0.1371951252222061,0.033203125,-0.0074462890625,1.02978515625,0.5945122241973877,0.5182926654815674,-0.045731708407402,0.9999989867210388,-0.0007785292691551,0.0012153033167123,5.5181317293317995e-08,0.9999432563781738,0.0038153987843543,-0.0099469656124711,8.781152428127825e-05,0.9999794960021972,-0.0040783770382404,-0.004932421259582,-4.050108373121475e-07
1900-01-01 11:21:12.934170,-0.0289306640625,-0.0643310546875,-0.9974365234375,0.3506097495555877,0.3506097495555877,0.1219512224197387,-0.0345458984375,-0.109130859375,1.00927734375,0.396341472864151,-0.0304878056049346,-0.1219512224197387,0.033203125,-0.0074462890625,1.02978515625,0.6402438879013062,0.2896341383457184,0.0762195140123367,0.9999989867210388,-0.0007785292691551,0.0012153033167123,5.5181317293317995e-08,0.9999432563781738,0.0038153987843543,-0.0099469656124711,8.781152428127825e-05,0.9999794960021972,-0.0040783770382404,-0.004932421259582,-4.050108373121475e-07
1900-01-01 11:21:12.934330,-0.0294189453125,-0.0643310546875,-0.9945068359375,0.1219512224197387,0.5945122241973877,0.0609756112098693,-0.0345458984375,-0.109130859375,1.00927734375,0.396341472864151,-0.0304878056049346,-0.1219512224197387,0.0303955078125,-0.007080078125,1.0257568359375,0.7621951103210449,0.5182926654815674,0.1371951252222061,0.9999989867210388,-0.0007785292691551,0.0012153033167123,5.5181317293317995e-08,0.9999432563781738,0.0038153987843543,-0.0099469656124711,8.781152428127825e-05,0.9999794960021972,-0.0040783770382404,-0.004932421259582,-4.050108373121475e-07
1900-01-01 11:21:12.934489,-0.0277099609375,-0.064697265625,-0.9957275390625,0.1524390280246734,0.4268292784690857,0.0304878056049346,-0.0345458984375,-0.109130859375,1.00927734375,0.396341472864151,-0.0304878056049346,-0.1219512224197387,0.0313720703125,-0.0081787109375,1.025146484375,0.4725609719753265,0.1067073196172714,0.0762195140123367,0.9999989867210388,-0.0007785292691551,0.0012153033167123,5.5181317293317995e-08,0.9999432563781738,0.0038153987843543,-0.0099469656124711,8.781152428127825e-05,0.9999794960021972,-0.0040783770382404,-0.004932421259582,-4.050108373121475e-07
1900-01-01 11:21:12.934675,-0.0247802734375,-0.0677490234375,-0.9990234375,0.0152439028024673,0.6859756112098694,0.0609756112098693,-0.0345458984375,-0.109130859375,1.00927734375,0.396341472864151,-0.0304878056049346,-0.1219512224197387,0.033203125,-0.006103515625,1.02587890625,0.4573170840740204,0.1371951252222061,0.2439024448394775,0.9999989867210388,-0.0007785292691551,0.0012153033167123,5.5181317293317995e-08,0.9999432563781738,0.0038153987843543,-0.0099469656124711,8.781152428127825e-05,0.9999794960021972,-0.0040783770382404,-0.004932421259582,-4.050108373121475e-07
1900-01-01 11:21:12.934820,-0.02490234375,-0.0672607421875,-0.998046875,-0.0609756112098693,0.3201219439506531,-0.2134146392345428,-0.0345458984375,-0.109130859375,1.00927734375,0.396341472864151,-0.0304878056049346,-0.1219512224197387,0.0322265625,-0.004638671875,1.0262451171875,0.4420731663703918,0.4268292784690857,0.3048780560493469,0.9999989867210388,-0.0007785292691551,0.0012153033167123,5.5181317293317995e-08,0.9999432563781738,0.0038153987843543,-0.0099469656124711,8.781152428127825e-05,0.9999794960021972,-0.0040783770382404,-0.004932421259582,-4.050108373121475e-07
1900-01-01 11:21:12.934978,-0.025634765625,-0.0660400390625,-0.99755859375,0.1524390280246734,0.6097561120986938,0.0609756112098693,-0.0345458984375,-0.109130859375,1.00927734375,0.396341472864151,-0.0304878056049346,-0.1219512224197387,0.0308837890625,-0.0048828125,1.0247802734375,0.6402438879013062,0.2439024448394775,0.0762195140123367,0.9999989867210388,-0.0007785292691551,0.0012153033167123,5.5181317293317995e-08,0.9999432563781738,0.0038153987843543,-0.0099469656124711,8.781152428127825e-05,0.9999794960021972,-0.0040783770382404,-0.004932421259582,-4.050108373121475e-07
1900-01-01 11:21:12.935282,-0.0279541015625,-0.0665283203125,-0.998291015625,0.3810975551605224,0.5640243887901306,0.2286585420370102,-0.03173828125,-0.11083984375,1.009521484375,0.2896341383457184,0.1067073196172714,-0.1676829308271408,0.0296630859375,-0.0050048828125,1.0247802734375,0.3810975551605224,0.4725609719753265,0.091463416814804,0.9999989867210388,-0.0007785292691551,0.0012153033167123,5.5181317293317995e-08,0.9999432563781738,0.0038153987843543,-0.0099469656124711,8.781152428127825e-05,0.9999794960021972,-0.0040783770382404,-0.004932421259582,-4.050108373121475e-07
1900-01-01 11:21:12.935447,-0.0299072265625,-0.0665283203125,-0.9984130859375,-0.0609756112098693,0.5335366129875183,0.1219512224197387,-0.032470703125,-0.110107421875,1.00732421875,0.0152439028024673,0.625,-0.0609756112098693,0.0296630859375,-0.0050048828125,1.0247802734375,0.3810975551605224,0.4725609719753265,0.091463416814804,0.9999989867210388,-0.0007785292691551,0.0012153033167123,5.5181317293317995e-08,0.9999432563781738,0.0038153987843543,-0.0099469656124711,8.781152428127825e-05,0.9999794960021972,-0.0040783770382404,-0.004932421259582,-4.050108373121475e-07
1900-01-01 11:21:12.935603,-0.0286865234375,-0.0638427734375,-0.994140625,-0.045731708407402,0.3658536672592163,-0.0304878056049346,-0.0362548828125,-0.1080322265625,1.0081787109375,0.4725609719753265,-0.2896341383457184,-0.045731708407402,0.0296630859375,-0.0050048828125,1.0247802734375,0.3810975551605224,0.4725609719753265,0.091463416814804,0.9999989867210388,-0.0007785292691551,0.0012153033167123,5.5181317293317995e-08,0.9999432563781738,0.0038153987843543,-0.0099469656124711,8.781152428127825e-05,0.9999794960021972,-0.0040783770382404,-0.004932421259582,-4.050108373121475e-07
1900-01-01 11:21:12.935731,-0.028564453125,-0.0628662109375,-0.9962158203125,0.045731708407402,0.7012194991111755,-0.0609756112098693,-0.03515625,-0.105712890625,1.0103759765625,0.4725609719753265,-0.2896341383457184,-0.045731708407402,0.0296630859375,-0.0050048828125,1.0247802734375,0.3810975551605224,0.4725609719753265,0.091463416814804,0.9999989867210388,-0.0007785292691551,0.0012153033167123,5.5181317293317995e-08,0.9999432563781738,0.0038153987843543,-0.0099469656124711,8.781152428127825e-05,0.9999794960021972,-0.0040783770382404,-0.004932421259582,-4.050108373121475e-07
1900-01-01 11:21:12.935870,-0.029296875,-0.0635986328125,-0.9959716796875,0.3048780560493469,0.396341472864151,0.0609756112098693,-0.03271484375,-0.1041259765625,1.0118408203125,0.8993902802467346,-1.0518293380737305,-0.4420731663703918,0.0296630859375,-0.0050048828125,1.0247802734375,0.3810975551605224,0.4725609719753265,0.091463416814804,0.9999989867210388,-0.0007785292691551,0.0012153033167123,5.5181317293317995e-08,0.9999432563781738,0.0038153987843543,-0.0099469656124711,8.781152428127825e-05,0.9999794960021972,-0.0040783770382404,-0.004932421259582,-4.050108373121475e-07
1900-01-01 11:21:12.936013,-0.030029296875,-0.0631103515625,-0.9947509765625,-0.0609756112098693,0.5640243887901306,0.1371951252222061,-0.0318603515625,-0.1055908203125,1.0133056640625,0.3201219439506531,0.6554878354072571,-0.1371951252222061,0.0296630859375,-0.0050048828125,1.0247802734375,0.3810975551605224,0.4725609719753265,0.091463416814804,0.9999989867210388,-0.0007785292691551,0.0012153033167123,5.5181317293317995e-08,0.9999432563781738,0.0038153987843543,-0.0099469656124711,8.781152428127825e-05,0.9999794960021972,-0.0040783770382404,-0.004932421259582,-4.050108373121475e-07
1900-01-01 11:21:12.936245,-0.0299072265625,-0.06201171875,-0.9937744140625,0.1524390280246734,0.396341472864151,-0.1067073196172714,-0.0352783203125,-0.1092529296875,1.0096435546875,0.0304878056049346,-0.4268292784690857,-0.0762195140123367,0.0296630859375,-0.0050048828125,1.0247802734375,0.3810975551605224,0.4725609719753265,0.091463416814804,0.9999989867210388,-0.0007785292691551,0.0012153033167123,5.5181317293317995e-08,0.9999432563781738,0.0038153987843543,-0.0099469656124711,8.781152428127825e-05,0.9999794960021972,-0.0040783770382404,-0.004932421259582,-4.050108373121475e-07
1900-01-01 11:21:12.936426,-0.0294189453125,-0.0633544921875,-0.99462890625,-0.0762195140123367,0.5640243887901306,-0.1371951252222061,-0.0335693359375,-0.10693359375,1.008544921875,0.1067073196172714,-0.1524390280246734,-0.3506097495555877,0.0296630859375,-0.0050048828125,1.0247802734375,0.3810975551605224,0.4725609719753265,0.091463416814804,0.9999989867210388,-0.0007785292691551,0.0012153033167123,5.5181317293317995e-08,0.9999432563781738,0.0038153987843543,-0.0099469656124711,8.781152428127825e-05,0.9999794960021972,-0.0040783770382404,-0.004932421259582,-4.050108373121475e-07
1900-01-01 11:21:12.939287,-0.0289306640625,-0.062255859375,-0.9927978515625,0.091463416814804,0.7469512224197388,-0.0609756112098693,-0.0322265625,-0.1107177734375,1.00537109375,0.1067073196172714,0.0152439028024673,0.1219512224197387,0.0296630859375,-0.0050048828125,1.0247802734375,0.3810975551605224,0.4725609719753265,0.091463416814804,0.9999989867210388,-0.0007785292691551,0.0012153033167123,5.5181317293317995e-08,0.9999432563781738,0.0038153987843543,-0.0099469656124711,8.781152428127825e-05,0.9999794960021972,-0.0040783770382404,-0.004932421259582,-4.050108373121475e-07
1900-01-01 11:21:12.948295,-0.0286865234375,-0.0621337890625,-0.994140625,0.1371951252222061,0.625,0.0,-0.03173828125,-0.108642578125,1.0054931640625,0.1981707364320755,0.045731708407402,-0.0762195140123367,0.030029296875,-0.0048828125,1.025390625,0.5792682766914368,0.3506097495555877,0.3048780560493469,0.9999989867210388,-0.0007785292691551,0.0012153033167123,5.5181317293317995e-08,0.9999432563781738,0.0038153987843543,-0.0099469656124711,8.781152428127825e-05,0.9999794960021972,-0.0040783770382404,-0.004932421259582,-4.050108373121475e-07
1900-01-01 11:21:12.966701,-0.0257568359375,-0.0634765625,-0.9954833984375,0.1676829308271408,0.5945122241973877,0.2286585420370102,-0.030517578125,-0.109130859375,1.0069580078125,0.0762195140123367,0.2134146392345428,0.0304878056049346,0.0316162109375,-0.0076904296875,1.0262451171875,0.7012194991111755,0.2439024448394775,0.1371951252222061,0.9999989867210388,-0.0007785292691551,0.0012153033167123,5.5181317293317995e-08,0.9999432563781738,0.0038153987843543,-0.0099469656124711,8.781152428127825e-05,0.9999794960021972,-0.0040783770382404,-0.004932421259582,-4.050108373121475e-07
1900-01-01 11:21:12.966959,-0.026611328125,-0.06591796875,-0.994873046875,0.3353658616542816,0.5945122241973877,0.1219512224197387,-0.030517578125,-0.109130859375,1.0069580078125,0.0762195140123367,0.2134146392345428,0.0304878056049346,0.0316162109375,-0.0076904296875,1.0262451171875,0.6707317233085632,0.3810975551605224,-0.0609756112098693,0.9999989867210388,-0.0007785292691551,0.0012153033167123,5.5181317293317995e-08,0.9999432563781738,0.0038153987843543,-0.0099469656124711,8.781152428127825e-05,0.9999794960021972,-0.0040783770382404,-0.004932421259582,-4.050108373121475e-07
1900-01-01 11:21:12.982427,-0.0260009765625,-0.065673828125,-0.9970703125,0.045731708407402,0.6097561120986938,0.1219512224197387,-0.033935546875,-0.1063232421875,1.0087890625,0.1829268336296081,0.2896341383457184,-0.045731708407402,0.0328369140625,-0.00830078125,1.0274658203125,0.5030487775802612,0.1524390280246734,0.1371951252222061,0.9999989867210388,-0.0007785292691551,0.0012153033167123,5.5181317293317995e-08,0.9999432563781738,0.0038153987843543,-0.0099469656124711,8.781152428127825e-05,0.9999794960021972,-0.0040783770382404,-0.004932421259582,-4.050108373121475e-07
1900-01-01 11:21:12.991298,-0.027099609375,-0.065673828125,-0.99755859375,0.091463416814804,0.6097561120986938,-0.0304878056049346,-0.033935546875,-0.1063232421875,1.0087890625,0.3810975551605224,0.2591463327407837,0.1829268336296081,0.031494140625,-0.0098876953125,1.029541015625,0.7012194991111755,0.3658536672592163,0.0,0.9999989867210388,-0.0007785292691551,0.0012153033167123,5.5181317293317995e-08,0.9999432563781738,0.0038153987843543,-0.0099469656124711,8.781152428127825e-05,0.9999794960021972,-0.0040783770382404,-0.004932421259582,-4.050108373121475e-07
1900-01-01 11:21:13.000381,-0.0267333984375,-0.065185546875,-0.9959716796875,0.1829268336296081,0.5792682766914368,-0.0152439028024673,-0.0328369140625,-0.107421875,1.00830078125,0.3810975551605224,0.0,0.0609756112098693,0.03076171875,-0.0089111328125,1.0299072265625,0.7012194991111755,0.3658536672592163,0.0,0.9999989867210388,-0.0007785292691551,0.0012153033167123,5.5181317293317995e-08,0.9999432563781738,0.0038153987843543,-0.0099469656124711,8.781152428127825e-05,0.9999794960021972,-0.0040783770382404,-0.004932421259582,-4.050108373121475e-07
1900-01-01 11:21:13.008398,-0.027587890625,-0.0643310546875,-0.9952392578125,0.3048780560493469,0.7469512224197388,0.091463416814804,-0.0328369140625,-0.107421875,1.00830078125,0.3810975551605224,0.0,0.0609756112098693,0.03076171875,-0.0089111328125,1.0299072265625,0.3658536672592163,0.1371951252222061,-0.1067073196172714,0.9999989867210388,-0.0007785292691551,0.0012153033167123,5.5181317293317995e-08,0.9999432563781738,0.0038153987843543,-0.0099469656124711,8.781152428127825e-05,0.9999794960021972,-0.0040783770382404,-0.004932421259582,-4.050108373121475e-07
1900-01-01 11:21:13.016543,-0.027099609375,-0.0650634765625,-0.9974365234375,0.1067073196172714,0.5182926654815674,-0.1067073196172714,-0.0333251953125,-0.1082763671875,1.005859375,0.3810975551605224,-0.1676829308271408,0.0304878056049346,0.0302734375,-0.007568359375,1.025634765625,0.4725609719753265,0.2743902504444122,0.3201219439506531,0.9999989867210388,-0.0007785292691551,0.0012153033167123,5.5181317293317995e-08,0.9999432563781738,0.0038153987843543,-0.0099469656124711,8.781152428127825e-05,0.9999794960021972,-0.0040783770382404,-0.004932421259582,-4.050108373121475e-07
1900-01-01 11:21:13.025347,-0.029541015625,-0.0657958984375,-0.9959716796875,0.045731708407402,0.7012194991111755,0.0609756112098693,-0.032958984375,-0.110107421875,1.01025390625,0.1371951252222061,-0.0762195140123367,-0.0304878056049346,0.030517578125,-0.0074462890625,1.0264892578125,0.5182926654815674,0.4573170840740204,0.1829268336296081,0.9999989867210388,-0.0007785292691551,0.0012153033167123,5.5181317293317995e-08,0.9999432563781738,0.0038153987843543,-0.0099469656124711,8.781152428127825e-05,0.9999794960021972,-0.0040783770382404,-0.004932421259582,-4.050108373121475e-07
1900-01-01 11:21:13.039667,-0.02880859375,-0.066162109375,-0.99462890625,0.0152439028024673,0.625,0.1676829308271408,-0.032958984375,-0.110107421875,1.01025390625,0.1371951252222061,-0.0762195140123367,-0.0304878056049346,0.032470703125,-0.0069580078125,1.0255126953125,0.5487805008888245,0.5792682766914368,0.2286585420370102,0.9999989867210388,-0.0007785292691551,0.0012153033167123,5.5181317293317995e-08,0.9999432563781738,0.0038153987843543,-0.0099469656124711,8.781152428127825e-05,0.9999794960021972,-0.0040783770382404,-0.004932421259582,-4.050108373121475e-07
1900-01-01 11:21:13.055756,-0.027099609375,-0.064697265625,-0.994384765625,0.1524390280246734,0.5945122241973877,0.0,-0.03369140625,-0.1097412109375,1.0089111328125,0.3353658616542816,0.045731708407402,-0.1067073196172714,0.0318603515625,-0.0054931640625,1.026611328125,0.4725609719753265,0.2896341383457184,0.1676829308271408,0.9999989867210388,-0.0007785292691551,0.0012153033167123,5.5181317293317995e-08,0.9999432563781738,0.0038153987843543,-0.0099469656124711,8.781152428127825e-05,0.9999794960021972,-0.0040783770382404,-0.004932421259582,-4.050108373121475e-07
1900-01-01 11:21:13.071685,-0.027099609375,-0.0628662109375,-0.99609375,0.3810975551605224,0.6097561120986938,0.2134146392345428,-0.03369140625,-0.1097412109375,1.0089111328125,0.3353658616542816,0.045731708407402,-0.1067073196172714,0.0303955078125,-0.0072021484375,1.024169921875,0.4725609719753265,0.2896341383457184,0.1676829308271408,0.9999989867210388,-0.0007785292691551,0.0012153033167123,5.5181317293317995e-08,0.9999432563781738,0.0038153987843543,-0.0099469656124711,8.781152428127825e-05,0.9999794960021972,-0.0040783770382404,-0.004932421259582,-4.050108373121475e-07
1900-01-01 11:21:13.109402,-0.029296875,-0.0635986328125,-0.9951171875,-0.0304878056049346,0.5182926654815674,0.0609756112098693,-0.0338134765625,-0.107666015625,1.00634765625,0.2743902504444122,-0.0609756112098693,-0.1219512224197387,0.0316162109375,-0.0050048828125,1.0242919921875,0.4420731663703918,0.3048780560493469,0.2286585420370102,0.9999989867210388,-0.0007785292691551,0.0012153033167123,5.5181317293317995e-08,0.9999432563781738,0.0038153987843543,-0.0099469656124711,8.781152428127825e-05,0.9999794960021972,-0.0040783770382404,-0.004932421259582,-4.050108373121475e-07
1900-01-01 11:21:13.147466,-0.029541015625,-0.063232421875,-0.994384765625,0.2743902504444122,0.396341472864151,0.091463416814804,-0.0330810546875,-0.1082763671875,1.0069580078125,0.091463416814804,0.1676829308271408,-0.0609756112098693,0.0316162109375,-0.0101318359375,1.0277099609375,0.5487805008888245,0.2896341383457184,0.1219512224197387,0.9999989867210388,-0.0007785292691551,0.0012153033167123,5.5181317293317995e-08,0.9999432563781738,0.0038153987843543,-0.0099469656124711,8.781152428127825e-05,0.9999794960021972,-0.0040783770382404,-0.004932421259582,-4.050108373121475e-07
1900-01-01 11:21:13.174451,-0.0279541015625,-0.06494140625,-0.9957275390625,-0.3810975551605224,0.5640243887901306,-0.3201219439506531,-0.0340576171875,-0.1102294921875,1.0052490234375,0.2591463327407837,0.1524390280246734,0.0304878056049346,0.0323486328125,-0.008544921875,1.03076171875,0.5945122241973877,0.2134146392345428,0.1524390280246734,0.9999989867210388,-0.0007785292691551,0.0012153033167123,5.5181317293317995e-08,0.9999432563781738,0.0038153987843543,-0.0099469656124711,8.781152428127825e-05,0.9999794960021972,-0.0040783770382404,-0.004932421259582,-4.050108373121475e-07
1900-01-01 11:21:13.185418,-0.026611328125,-0.0648193359375,-0.9984130859375,0.0,0.5335366129875183,-0.1371951252222061,-0.0340576171875,-0.1102294921875,1.0052490234375,0.2591463327407837,-0.091463416814804,-0.045731708407402,0.0323486328125,-0.008544921875,1.03076171875,0.5945122241973877,0.2134146392345428,0.1524390280246734,0.9999989867210388,-0.0007785292691551,0.0012153033167123,5.5181317293317995e-08,0.9999432563781738,0.0038153987843543,-0.0099469656124711,8.781152428127825e-05,0.9999794960021972,-0.0040783770382404,-0.004932421259582,-4.050108373121475e-07
1900-01-01 11:21:13.201727,-0.0255126953125,-0.0662841796875,-0.9986572265625,0.2134146392345428,0.6097561120986938,0.2591463327407837,-0.0322265625,-0.110107421875,1.0076904296875,0.2591463327407837,-0.091463416814804,-0.045731708407402,0.031005859375,-0.007568359375,1.025146484375,0.6554878354072571,0.4878048896789551,0.2591463327407837,0.9999989867210388,-0.0007785292691551,0.0012153033167123,5.5181317293317995e-08,0.9999432563781738,0.0038153987843543,-0.0099469656124711,8.781152428127825e-05,0.9999794960021972,-0.0040783770382404,-0.004932421259582,-4.050108373121475e-07
1900-01-01 11:21:13.207694,-0.0245361328125,-0.0665283203125,-0.9964599609375,0.3810975551605224,0.396341472864151,-0.1219512224197387,-0.0322265625,-0.110107421875,1.0076904296875,0.2591463327407837,-0.091463416814804,-0.045731708407402,0.0301513671875,-0.0072021484375,1.0250244140625,0.4878048896789551,0.396341472864151,0.1219512224197387,0.9999989867210388,-0.0007785292691551,0.0012153033167123,5.5181317293317995e-08,0.9999432563781738,0.0038153987843543,-0.0099469656124711,8.781152428127825e-05,0.9999794960021972,-0.0040783770382404,-0.004932421259582,-4.050108373121475e-07
1900-01-01 11:21:13.235868,-0.0262451171875,-0.0675048828125,-1.000732421875,-0.0762195140123367,0.7012194991111755,-0.0152439028024673,-0.033447265625,-0.1048583984375,1.006103515625,0.2134146392345428,0.0304878056049346,-0.0152439028024673,0.0308837890625,-0.0069580078125,1.0267333984375,0.5335366129875183,0.2286585420370102,0.2896341383457184,0.9999989867210388,-0.0007785292691551,0.0012153033167123,5.5181317293317995e-08,0.9999432563781738,0.0038153987843543,-0.0099469656124711,8.781152428127825e-05,0.9999794960021972,-0.0040783770382404,-0.004932421259582,-4.050108373121475e-07
1900-01-01 11:21:13.284066,-0.0264892578125,-0.067138671875,-0.9986572265625,-0.045731708407402,0.7621951103210449,-0.1829268336296081,-0.0330810546875,-0.1085205078125,1.0076904296875,0.1829268336296081,0.3810975551605224,0.0152439028024673,0.03076171875,-0.006103515625,1.0274658203125,0.4268292784690857,0.0609756112098693,0.1524390280246734,0.9999989867210388,-0.0007785292691551,0.0012153033167123,5.5181317293317995e-08,0.9999432563781738,0.0038153987843543,-0.0099469656124711,8.781152428127825e-05,0.9999794960021972,-0.0040783770382404,-0.004932421259582,-4.050108373121475e-07
1900-01-01 11:21:13.284649,-0.02783203125,-0.06591796875,-0.995361328125,-0.0762195140123367,0.6402438879013062,-0.1524390280246734,-0.0330810546875,-0.1085205078125,1.0076904296875,0.1829268336296081,0.3810975551605224,0.0152439028024673,0.03076171875,-0.006103515625,1.0274658203125,0.4268292784690857,0.0609756112098693,0.1524390280246734,0.9999989867210388,-0.0007785292691551,0.0012153033167123,5.5181317293317995e-08,0.9999432563781738,0.0038153987843543,-0.0099469656124711,8.781152428127825e-05,0.9999794960021972,-0.0040783770382404,-0.004932421259582,-4.050108373121475e-07
1900-01-01 11:21:13.297378,-0.028076171875,-0.0628662109375,-0.9945068359375,0.2591463327407837,0.7164634466171265,0.0152439028024673,-0.03369140625,-0.1087646484375,1.005859375,0.1829268336296081,0.3810975551605224,0.0152439028024673,0.0322265625,-0.008544921875,1.0286865234375,0.4268292784690857,0.0609756112098693,0.1524390280246734,0.9999989867210388,-0.0007785292691551,0.0012153033167123,5.5181317293317995e-08,0.9999432563781738,0.0038153987843543,-0.0099469656124711,8.781152428127825e-05,0.9999794960021972,-0.0040783770382404,-0.004932421259582,-4.050108373121475e-07
1900-01-01 11:21:13.314156,-0.02734375,-0.06494140625,-0.9969482421875,0.091463416814804,0.4268292784690857,0.2134146392345428,-0.03369140625,-0.1087646484375,1.005859375,0.2896341383457184,-0.396341472864151,-0.1676829308271408,0.0322265625,-0.008544921875,1.0286865234375,0.4268292784690857,0.0609756112098693,0.1524390280246734,0.9999989867210388,-0.0007785292691551,0.0012153033167123,5.5181317293317995e-08,0.9999432563781738,0.0038153987843543,-0.0099469656124711,8.781152428127825e-05,0.9999794960021972,-0.0040783770382404,-0.004932421259582,-4.050108373121475e-07
1900-01-01 11:21:13.340383,-0.02734375,-0.0638427734375,-0.994873046875,-0.1829268336296081,0.4725609719753265,-0.0304878056049346,-0.0325927734375,-0.1075439453125,1.011962890625,0.2896341383457184,-0.396341472864151,-0.1676829308271408,0.032958984375,-0.0086669921875,1.0263671875,0.5487805008888245,0.2134146392345428,0.3658536672592163,0.9999989867210388,-0.0007785292691551,0.0012153033167123,5.5181317293317995e-08,0.9999432563781738,0.0038153987843543,-0.0099469656124711,8.781152428127825e-05,0.9999794960021972,-0.0040783770382404,-0.004932421259582,-4.050108373121475e-07
1900-01-01 11:21:13.351529,-0.029296875,-0.0631103515625,-0.9920654296875,-0.0152439028024673,0.4878048896789551,0.045731708407402,-0.0325927734375,-0.1075439453125,1.011962890625,0.1981707364320755,-0.0304878056049346,0.0152439028024673,0.030029296875,-0.0079345703125,1.0277099609375,0.5030487775802612,0.2286585420370102,-0.1524390280246734,0.9999989867210388,-0.0007785292691551,0.0012153033167123,5.5181317293317995e-08,0.9999432563781738,0.0038153987843543,-0.0099469656124711,8.781152428127825e-05,0.9999794960021972,-0.0040783770382404,-0.004932421259582,-4.050108373121475e-07
1900-01-01 11:21:13.362847,-0.0283203125,-0.0628662109375,-0.9967041015625,-0.091463416814804,0.7469512224197388,0.1067073196172714,-0.0325927734375,-0.1075439453125,1.011962890625,0.1981707364320755,-0.0304878056049346,0.0152439028024673,0.030029296875,-0.0079345703125,1.0277099609375,0.5030487775802612,0.2286585420370102,-0.1524390280246734,0.9999989867210388,-0.0007785292691551,0.0012153033167123,5.5181317293317995e-08,0.9999432563781738,0.0038153987843543,-0.0099469656124711,8.781152428127825e-05,0.9999794960021972,-0.0040783770382404,-0.004932421259582,-4.050108373121475e-07
1900-01-01 11:21:13.396535,-0.031005859375,-0.0614013671875,-0.996826171875,0.045731708407402,0.4725609719753265,-0.0609756112098693,-0.032470703125,-0.108642578125,1.0081787109375,0.1981707364320755,-0.0304878056049346,0.0152439028024673,0.031494140625,-0.0062255859375,1.025634765625,0.4420731663703918,0.4115853607654571,0.2286585420370102,0.9999989867210388,-0.0007785292691551,0.0012153033167123,5.5181317293317995e-08,0.9999432563781738,0.0038153987843543,-0.0099469656124711,8.781152428127825e-05,0.9999794960021972,-0.0040783770382404,-0.004932421259582,-4.050108373121475e-07
1900-01-01 11:21:13.413995,-0.0291748046875,-0.0621337890625,-0.993408203125,0.045731708407402,0.396341472864151,-0.1219512224197387,-0.0333251953125,-0.1109619140625,1.0042724609375,0.2743902504444122,0.3506097495555877,0.0609756112098693,0.0313720703125,-0.007080078125,1.0264892578125,0.6097561120986938,0.4268292784690857,0.0609756112098693,0.9999989867210388,-0.0007785292691551,0.0012153033167123,5.5181317293317995e-08,0.9999432563781738,0.0038153987843543,-0.0099469656124711,8.781152428127825e-05,0.9999794960021972,-0.0040783770382404,-0.004932421259582,-4.050108373121475e-07
1900-01-01 11:21:13.414357,-0.0283203125,-0.063720703125,-0.994140625,-0.1829268336296081,0.396341472864151,0.0152439028024673,-0.0306396484375,-0.111083984375,1.0091552734375,0.091463416814804,-0.2743902504444122,-0.3658536672592163,0.0313720703125,-0.007080078125,1.0264892578125,0.6097561120986938,0.4268292784690857,0.0609756112098693,0.9999989867210388,-0.0007785292691551,0.0012153033167123,5.5181317293317995e-08,0.9999432563781738,0.0038153987843543,-0.0099469656124711,8.781152428127825e-05,0.9999794960021972,-0.0040783770382404,-0.004932421259582,-4.050108373121475e-07
1900-01-01 11:21:13.414864,-0.0277099609375,-0.065185546875,-0.9969482421875,0.1676829308271408,0.5182926654815674,0.2591463327407837,-0.02978515625,-0.110107421875,1.0072021484375,0.2743902504444122,0.2286585420370102,0.1067073196172714,0.0296630859375,-0.0072021484375,1.025146484375,0.5640243887901306,0.3506097495555877,0.3201219439506531,0.9999989867210388,-0.0007785292691551,0.0012153033167123,5.5181317293317995e-08,0.9999432563781738,0.0038153987843543,-0.0099469656124711,8.781152428127825e-05,0.9999794960021972,-0.0040783770382404,-0.004932421259582,-4.050108373121475e-07
1900-01-01 11:21:13.415177,-0.02685546875,-0.06689453125,-0.9967041015625,0.0,0.6097561120986938,-0.045731708407402,-0.02978515625,-0.110107421875,1.0072021484375,0.2134146392345428,0.792682945728302,0.0762195140123367,0.029541015625,-0.0047607421875,1.0235595703125,0.0762195140123367,0.3506097495555877,0.045731708407402,0.9999989867210388,-0.0007785292691551,0.0012153033167123,5.5181317293317995e-08,0.9999432563781738,0.0038153987843543,-0.0099469656124711,8.781152428127825e-05,0.9999794960021972,-0.0040783770382404,-0.004932421259582,-4.050108373121475e-07
1900-01-01 11:21:13.415374,-0.02734375,-0.066162109375,-0.9949951171875,0.0,0.4420731663703918,0.0,-0.02978515625,-0.110107421875,1.0072021484375,0.2134146392345428,0.792682945728302,0.0762195140123367,0.0289306640625,-0.005615234375,1.027099609375,0.4725609719753265,0.1524390280246734,0.0609756112098693,0.9999989867210388,-0.0007785292691551,0.0012153033167123,5.5181317293317995e-08,0.9999432563781738,0.0038153987843543,-0.0099469656124711,8.781152428127825e-05,0.9999794960021972,-0.0040783770382404,-0.004932421259582,-4.050108373121475e-07
1900-01-01 11:21:13.415653,-0.02490234375,-0.0645751953125,-0.996337890625,0.3810975551605224,0.4268292784690857,0.0304878056049346,-0.0335693359375,-0.109375,1.0037841796875,0.2134146392345428,0.792682945728302,0.0762195140123367,0.0303955078125,-0.00634765625,1.0277099609375,0.4725609719753265,0.1524390280246734,0.0609756112098693,0.9999989867210388,-0.0007785292691551,0.0012153033167123,5.5181317293317995e-08,0.9999432563781738,0.0038153987843543,-0.0099469656124711,8.781152428127825e-05,0.9999794960021972,-0.0040783770382404,-0.004932421259582,-4.050108373121475e-07
1900-01-01 11:21:13.416281,-0.02734375,-0.065185546875,-0.998291015625,0.1219512224197387,0.4725609719753265,0.1829268336296081,-0.0313720703125,-0.1064453125,1.0107421875,0.2286585420370102,-0.3810975551605224,-0.3810975551605224,0.0325927734375,-0.0091552734375,1.0301513671875,0.5030487775802612,0.3810975551605224,0.2134146392345428,0.9999989867210388,-0.0007785292691551,0.0012153033167123,5.5181317293317995e-08,0.9999432563781738,0.0038153987843543,-0.0099469656124711,8.781152428127825e-05,0.9999794960021972,-0.0040783770382404,-0.004932421259582,-4.050108373121475e-07
1900-01-01 11:21:13.416556,-0.0274658203125,-0.065185546875,-0.994140625,0.0304878056049346,0.7317073345184326,0.0,-0.0335693359375,-0.107177734375,1.0072021484375,0.0304878056049346,0.2439024448394775,0.0304878056049346,0.0325927734375,-0.0091552734375,1.0301513671875,0.5640243887901306,0.1219512224197387,0.1219512224197387,0.9999989867210388,-0.0007785292691551,0.0012153033167123,5.5181317293317995e-08,0.9999432563781738,0.0038153987843543,-0.0099469656124711,8.781152428127825e-05,0.9999794960021972,-0.0040783770382404,-0.004932421259582,-4.050108373121475e-07
1900-01-01 11:21:13.416703,-0.029541015625,-0.064697265625,-0.995361328125,0.4725609719753265,0.1829268336296081,-0.0152439028024673,-0.0335693359375,-0.107177734375,1.0072021484375,0.0304878056049346,0.2439024448394775,0.0304878056049346,0.03369140625,-0.0113525390625,1.0313720703125,0.5182926654815674,0.2743902504444122,0.1219512224197387,0.9999989867210388,-0.0007785292691551,0.0012153033167123,5.5181317293317995e-08,0.9999432563781738,0.0038153987843543,-0.0099469656124711,8.781152428127825e-05,0.9999794960021972,-0.0040783770382404,-0.004932421259582,-4.050108373121475e-07
1900-01-01 11:21:13.416872,-0.0289306640625,-0.064697265625,-0.9962158203125,0.0609756112098693,0.5030487775802612,-0.045731708407402,-0.0335693359375,-0.107177734375,1.0072021484375,0.0304878056049346,0.2439024448394775,0.0304878056049346,0.0322265625,-0.0096435546875,1.0283203125,0.5182926654815674,0.2743902504444122,0.1219512224197387,0.9999989867210388,-0.0007785292691551,0.0012153033167123,5.5181317293317995e-08,0.9999432563781738,0.0038153987843543,-0.0099469656124711,8.781152428127825e-05,0.9999794960021972,-0.0040783770382404,-0.004932421259582,-4.050108373121475e-07
1900-01-01 11:21:13.417336,-0.0289306640625,-0.0655517578125,-0.9967041015625,0.0609756112098693,0.8079268336296082,0.091463416814804,-0.03369140625,-0.1065673828125,1.006591796875,0.3810975551605224,-0.1829268336296081,-0.2743902504444122,0.032470703125,-0.0062255859375,1.0274658203125,0.4420731663703918,0.4878048896789551,0.1829268336296081,0.9999989867210388,-0.0007785292691551,0.0012153033167123,5.5181317293317995e-08,0.9999432563781738,0.0038153987843543,-0.0099469656124711,8.781152428127825e-05,0.9999794960021972,-0.0040783770382404,-0.004932421259582,-4.050108373121475e-07
1900-01-01 11:21:13.417440,-0.0294189453125,-0.064453125,-0.994384765625,0.2134146392345428,0.4115853607654571,0.1219512224197387,-0.03369140625,-0.1065673828125,1.006591796875,0.3810975551605224,-0.1829268336296081,-0.2743902504444122,0.032470703125,-0.0062255859375,1.0274658203125,0.4420731663703918,0.4878048896789551,0.1829268336296081,0.9999989867210388,-0.0007785292691551,0.0012153033167123,5.5181317293317995e-08,0.9999432563781738,0.0038153987843543,-0.0099469656124711,8.781152428127825e-05,0.9999794960021972,-0.0040783770382404,-0.004932421259582,-4.050108373121475e-07
1900-01-01 11:21:13.417699,-0.0291748046875,-0.063720703125,-0.9930419921875,0.0304878056049346,0.4725609719753265,-0.0304878056049346,-0.0318603515625,-0.107421875,1.01025390625,0.1371951252222061,-0.396341472864151,-0.1676829308271408,0.032470703125,-0.0062255859375,1.0274658203125,0.4420731663703918,0.4878048896789551,0.1829268336296081,0.9999989867210388,-0.0007785292691551,0.0012153033167123,5.5181317293317995e-08,0.9999432563781738,0.0038153987843543,-0.0099469656124711,8.781152428127825e-05,0.9999794960021972,-0.0040783770382404,-0.004932421259582,-4.050108373121475e-07
1900-01-01 11:21:13.417871,-0.0286865234375,-0.0643310546875,-0.99609375,0.2591463327407837,0.7469512224197388,-0.0304878056049346,-0.0308837890625,-0.1082763671875,1.0079345703125,0.1524390280246734,0.6097561120986938,-0.045731708407402,0.032470703125,-0.0062255859375,1.0274658203125,0.4420731663703918,0.4878048896789551,0.1829268336296081,0.9999989867210388,-0.0007785292691551,0.0012153033167123,5.5181317293317995e-08,0.9999432563781738,0.0038153987843543,-0.0099469656124711,8.781152428127825e-05,0.9999794960021972,-0.0040783770382404,-0.004932421259582,-4.050108373121475e-07
1900-01-01 11:21:13.417994,-0.0299072265625,-0.0648193359375,-0.9971923828125,0.1524390280246734,0.5030487775802612,-0.0762195140123367,-0.0338134765625,-0.1099853515625,1.0069580078125,0.1524390280246734,0.6097561120986938,-0.045731708407402,0.032470703125,-0.0062255859375,1.0274658203125,0.4420731663703918,0.4878048896789551,0.1829268336296081,0.9999989867210388,-0.0007785292691551,0.0012153033167123,5.5181317293317995e-08,0.9999432563781738,0.0038153987843543,-0.0099469656124711,8.781152428127825e-05,0.9999794960021972,-0.0040783770382404,-0.004932421259582,-4.050108373121475e-07
1900-01-01 11:21:13.418183,-0.02978515625,-0.0650634765625,-0.9937744140625,0.1219512224197387,0.792682945728302,0.3201219439506531,-0.0338134765625,-0.1099853515625,1.0069580078125,0.1219512224197387,0.1981707364320755,-0.2591463327407837,0.032470703125,-0.0062255859375,1.0274658203125,0.4420731663703918,0.4878048896789551,0.1829268336296081,0.9999989867210388,-0.0007785292691551,0.0012153033167123,5.5181317293317995e-08,0.9999432563781738,0.0038153987843543,-0.0099469656124711,8.781152428127825e-05,0.9999794960021972,-0.0040783770382404,-0.004932421259582,-4.050108373121475e-07
1900-01-01 11:21:13.418465,-0.02783203125,-0.06787109375,-0.99609375,0.4420731663703918,0.4725609719753265,-0.045731708407402,-0.034912109375,-0.10888671875,1.0069580078125,0.3201219439506531,-0.3506097495555877,-0.0152439028024673,0.032470703125,-0.0062255859375,1.0274658203125,0.5030487775802612,0.5487805008888245,0.1981707364320755,0.9999989867210388,-0.0007785292691551,0.0012153033167123,5.5181317293317995e-08,0.9999432563781738,0.0038153987843543,-0.0099469656124711,8.781152428127825e-05,0.9999794960021972,-0.0040783770382404,-0.004932421259582,-4.050108373121475e-07
1900-01-01 11:21:13.418640,-0.023681640625,-0.0694580078125,-0.9998779296875,0.1829268336296081,0.7317073345184326,0.1067073196172714,-0.0325927734375,-0.1080322265625,1.0069580078125,0.1371951252222061,-0.1219512224197387,-0.3506097495555877,0.032470703125,-0.0062255859375,1.0274658203125,0.5030487775802612,0.5487805008888245,0.1981707364320755,0.9999989867210388,-0.0007785292691551,0.0012153033167123,5.5181317293317995e-08,0.9999432563781738,0.0038153987843543,-0.0099469656124711,8.781152428127825e-05,0.9999794960021972,-0.0040783770382404,-0.004932421259582,-4.050108373121475e-07
1900-01-01 11:21:13.418791,-0.024658203125,-0.0672607421875,-0.9971923828125,0.0762195140123367,0.625,-0.1067073196172714,-0.030029296875,-0.1082763671875,1.009033203125,0.2896341383457184,0.4573170840740204,-0.091463416814804,0.032470703125,-0.0062255859375,1.0274658203125,0.5030487775802612,0.5487805008888245,0.1981707364320755,0.9999989867210388,-0.0007785292691551,0.0012153033167123,5.5181317293317995e-08,0.9999432563781738,0.0038153987843543,-0.0099469656124711,8.781152428127825e-05,0.9999794960021972,-0.0040783770382404,-0.004932421259582,-4.050108373121475e-07
1900-01-01 11:21:13.418935,-0.0274658203125,-0.065185546875,-0.99755859375,0.1219512224197387,0.3506097495555877,0.0152439028024673,-0.030029296875,-0.1082763671875,1.009033203125,0.2896341383457184,0.4573170840740204,-0.091463416814804,0.032470703125,-0.0062255859375,1.0274658203125,0.5030487775802612,0.5487805008888245,0.1981707364320755,0.9999989867210388,-0.0007785292691551,0.0012153033167123,5.5181317293317995e-08,0.9999432563781738,0.0038153987843543,-0.0099469656124711,8.781152428127825e-05,0.9999794960021972,-0.0040783770382404,-0.004932421259582,-4.050108373121475e-07
1900-01-01 11:21:13.420257,-0.0284423828125,-0.0648193359375,-0.9990234375,0.045731708407402,0.4878048896789551,0.2591463327407837,-0.0341796875,-0.1080322265625,1.007080078125,0.4115853607654571,-0.6554878354072571,-0.045731708407402,0.032470703125,-0.0062255859375,1.0274658203125,0.5030487775802612,0.5487805008888245,0.1981707364320755,0.9999989867210388,-0.0007785292691551,0.0012153033167123,5.5181317293317995e-08,0.9999432563781738,0.0038153987843543,-0.0099469656124711,8.781152428127825e-05,0.9999794960021972,-0.0040783770382404,-0.004932421259582,-4.050108373121475e-07
1900-01-01 11:21:13.428378,-0.028564453125,-0.0640869140625,-0.995361328125,0.4420731663703918,0.5182926654815674,0.2591463327407837,-0.0321044921875,-0.1075439453125,1.0081787109375,0.1067073196172714,0.2134146392345428,0.1524390280246734,0.031005859375,-0.0067138671875,1.0277099609375,0.5792682766914368,0.2591463327407837,0.3810975551605224,0.9999989867210388,-0.0007785292691551,0.0012153033167123,5.5181317293317995e-08,0.9999432563781738,0.0038153987843543,-0.0099469656124711,8.781152428127825e-05,0.9999794960021972,-0.0040783770382404,-0.004932421259582,-4.050108373121475e-07
1900-01-01 11:21:13.436303,-0.029541015625,-0.0628662109375,-0.9952392578125,-0.3048780560493469,0.625,0.0,-0.0321044921875,-0.1075439453125,1.0081787109375,0.1067073196172714,0.2134146392345428,0.1524390280246734,0.031005859375,-0.0067138671875,1.0277099609375,0.5792682766914368,0.2591463327407837,0.3810975551605224,0.9999989867210388,-0.0007785292691551,0.0012153033167123,5.5181317293317995e-08,0.9999432563781738,0.0038153987843543,-0.0099469656124711,8.781152428127825e-05,0.9999794960021972,-0.0040783770382404,-0.004932421259582,-4.050108373121475e-07
1900-01-01 11:21:13.455297,-0.02978515625,-0.0638427734375,-0.99658203125,0.0609756112098693,0.396341472864151,-0.045731708407402,-0.033203125,-0.1077880859375,1.0076904296875,0.0,-0.1676829308271408,-0.3048780560493469,0.032958984375,-0.0074462890625,1.0283203125,0.3506097495555877,0.5182926654815674,0.091463416814804,0.9999989867210388,-0.0007785292691551,0.0012153033167123,5.5181317293317995e-08,0.9999432563781738,0.0038153987843543,-0.0099469656124711,8.781152428127825e-05,0.9999794960021972,-0.0040783770382404,-0.004932421259582,-4.050108373121475e-07
1900-01-01 11:21:13.455432,-0.030517578125,-0.064697265625,-0.995361328125,0.0,0.3048780560493469,0.0304878056049346,-0.033203125,-0.1077880859375,1.0076904296875,0.0,-0.1676829308271408,-0.3048780560493469,0.032958984375,-0.0074462890625,1.0283203125,0.3506097495555877,0.5182926654815674,0.091463416814804,0.9999989867210388,-0.0007785292691551,0.0012153033167123,5.5181317293317995e-08,0.9999432563781738,0.0038153987843543,-0.0099469656124711,8.781152428127825e-05,0.9999794960021972,-0.0040783770382404,-0.004932421259582,-4.050108373121475e-07
1900-01-01 11:21:13.464288,-0.0308837890625,-0.0625,-0.994384765625,-0.0304878056049346,0.6707317233085632,-0.1219512224197387,-0.033203125,-0.1077880859375,1.0076904296875,0.0,-0.1676829308271408,-0.3048780560493469,0.0322265625,-0.006103515625,1.025634765625,0.625,0.4115853607654571,0.3506097495555877,0.9999989867210388,-0.0007785292691551,0.0012153033167123,5.5181317293317995e-08,0.9999432563781738,0.0038153987843543,-0.0099469656124711,8.781152428127825e-05,0.9999794960021972,-0.0040783770382404,-0.004932421259582,-4.050108373121475e-07
1900-01-01 11:21:13.482325,-0.02978515625,-0.0615234375,-0.99462890625,0.0304878056049346,0.5945122241973877,-0.1067073196172714,-0.0321044921875,-0.110595703125,1.00634765625,0.4878048896789551,-0.3048780560493469,-0.0304878056049346,0.0303955078125,-0.0042724609375,1.02490234375,0.6554878354072571,0.3506097495555877,0.0152439028024673,0.9999989867210388,-0.0007785292691551,0.0012153033167123,5.5181317293317995e-08,0.9999432563781738,0.0038153987843543,-0.0099469656124711,8.781152428127825e-05,0.9999794960021972,-0.0040783770382404,-0.004932421259582,-4.050108373121475e-07
1900-01-01 11:21:13.491310,-0.030029296875,-0.0616455078125,-0.9942626953125,0.0,0.5945122241973877,-0.0152439028024673,-0.0328369140625,-0.10986328125,1.0050048828125,0.2743902504444122,-0.2134146392345428,-0.1067073196172714,0.0303955078125,-0.0062255859375,1.024169921875,0.4573170840740204,0.1981707364320755,0.1371951252222061,0.9999989867210388,-0.0007785292691551,0.0012153033167123,5.5181317293317995e-08,0.9999432563781738,0.0038153987843543,-0.0099469656124711,8.781152428127825e-05,0.9999794960021972,-0.0040783770382404,-0.004932421259582,-4.050108373121475e-07
1900-01-01 11:21:13.499286,-0.028076171875,-0.0631103515625,-0.99462890625,0.2134146392345428,0.3506097495555877,-0.045731708407402,-0.0316162109375,-0.109375,1.0057373046875,0.1981707364320755,-0.1219512224197387,-0.1676829308271408,0.0291748046875,-0.006103515625,1.0257568359375,0.4878048896789551,0.1829268336296081,0.1981707364320755,0.9999989867210388,-0.0007785292691551,0.0012153033167123,5.5181317293317995e-08,0.9999432563781738,0.0038153987843543,-0.0099469656124711,8.781152428127825e-05,0.9999794960021972,-0.0040783770382404,-0.004932421259582,-4.050108373121475e-07
1900-01-01 11:21:13.506695,-0.0284423828125,-0.063720703125,-0.99658203125,0.1371951252222061,0.8689024448394775,0.0,-0.032470703125,-0.10986328125,1.0086669921875,-0.0609756112098693,0.0609756112098693,-0.2896341383457184,0.0302734375,-0.006591796875,1.0255126953125,0.4725609719753265,0.3201219439506531,0.2896341383457184,0.9999989867210388,-0.0007785292691551,0.0012153033167123,5.5181317293317995e-08,0.9999432563781738,0.0038153987843543,-0.0099469656124711,8.781152428127825e-05,0.9999794960021972,-0.0040783770382404,-0.004932421259582,-4.050108373121475e-07
1900-01-01 11:21:13.529134,-0.0283203125,-0.0648193359375,-0.996826171875,0.1067073196172714,0.5792682766914368,0.0,-0.03271484375,-0.1077880859375,1.00927734375,0.1371951252222061,0.0762195140123367,-0.2286585420370102,0.031982421875,-0.008544921875,1.0274658203125,0.5335366129875183,0.1067073196172714,0.1219512224197387,0.9999989867210388,-0.0007785292691551,0.0012153033167123,5.5181317293317995e-08,0.9999432563781738,0.0038153987843543,-0.0099469656124711,8.781152428127825e-05,0.9999794960021972,-0.0040783770382404,-0.004932421259582,-4.050108373121475e-07
1900-01-01 11:21:13.534542,-0.027587890625,-0.06689453125,-0.9951171875,0.2743902504444122,0.5182926654815674,0.2591463327407837,-0.03271484375,-0.1077880859375,1.00927734375,0.1371951252222061,0.0762195140123367,-0.2286585420370102,0.031982421875,-0.008544921875,1.0274658203125,0.5335366129875183,0.1067073196172714,0.1219512224197387,0.9999989867210388,-0.0007785292691551,0.0012153033167123,5.5181317293317995e-08,0.9999432563781738,0.0038153987843543,-0.0099469656124711,8.781152428127825e-05,0.9999794960021972,-0.0040783770382404,-0.004932421259582,-4.050108373121475e-07
1900-01-01 11:21:13.550361,-0.0264892578125,-0.0660400390625,-0.9981689453125,0.0304878056049346,0.8231707215309143,-0.1829268336296081,-0.0323486328125,-0.1077880859375,1.008544921875,0.1371951252222061,0.0762195140123367,-0.2286585420370102,0.031982421875,-0.008544921875,1.0274658203125,0.5335366129875183,0.1067073196172714,0.1219512224197387,0.9999989867210388,-0.0007785292691551,0.0012153033167123,5.5181317293317995e-08,0.9999432563781738,0.0038153987843543,-0.0099469656124711,8.781152428127825e-05,0.9999794960021972,-0.0040783770382404,-0.004932421259582,-4.050108373121475e-07
1900-01-01 11:21:13.550771,-0.027587890625,-0.064208984375,-0.9976806640625,0.1524390280246734,0.5335366129875183,-0.091463416814804,-0.0323486328125,-0.1077880859375,1.008544921875,0.1371951252222061,0.0762195140123367,-0.2286585420370102,0.0316162109375,-0.00830078125,1.0277099609375,0.5335366129875183,0.1067073196172714,0.1219512224197387,0.9999989867210388,-0.0007785292691551,0.0012153033167123,5.5181317293317995e-08,0.9999432563781738,0.0038153987843543,-0.0099469656124711,8.781152428127825e-05,0.9999794960021972,-0.0040783770382404,-0.004932421259582,-4.050108373121475e-07
1900-01-01 11:21:13.599106,-0.0274658203125,-0.0638427734375,-0.9962158203125,0.1371951252222061,0.5182926654815674,0.091463416814804,-0.0328369140625,-0.1080322265625,1.0086669921875,0.0,0.0,0.0,0.0303955078125,-0.0087890625,1.0277099609375,0.3506097495555877,0.1067073196172714,0.1067073196172714,0.9999989867210388,-0.0007785292691551,0.0012153033167123,5.5181317293317995e-08,0.9999432563781738,0.0038153987843543,-0.0099469656124711,8.781152428127825e-05,0.9999794960021972,-0.0040783770382404,-0.004932421259582,-4.050108373121475e-07
1900-01-01 11:21:13.605217,-0.031005859375,-0.0654296875,-0.9949951171875,0.0152439028024673,0.8841463327407837,0.0609756112098693,-0.033447265625,-0.106689453125,1.009765625,0.0,0.0,0.0,0.0303955078125,-0.0087890625,1.0277099609375,0.5792682766914368,0.2591463327407837,0.1676829308271408,0.9999989867210388,-0.0007785292691551,0.0012153033167123,5.5181317293317995e-08,0.9999432563781738,0.0038153987843543,-0.0099469656124711,8.781152428127825e-05,0.9999794960021972,-0.0040783770382404,-0.004932421259582,-4.050108373121475e-07
1900-01-01 11:21:13.615670,-0.0301513671875,-0.0650634765625,-0.995849609375,0.0609756112098693,0.5640243887901306,-0.1067073196172714,-0.033447265625,-0.106689453125,1.009765625,0.0,0.0,0.0,0.0303955078125,-0.0087890625,1.0277099609375,0.5792682766914368,0.2591463327407837,0.1676829308271408,0.9999989867210388,-0.0007785292691551,0.0012153033167123,5.5181317293317995e-08,0.9999432563781738,0.0038153987843543,-0.0099469656124711,8.781152428127825e-05,0.9999794960021972,-0.0040783770382404,-0.004932421259582,-4.050108373121475e-07
1900-01-01 11:21:13.621049,-0.02880859375,-0.064453125,-0.9959716796875,0.2439024448394775,0.8079268336296082,-0.045731708407402,-0.033447265625,-0.106689453125,1.009765625,0.0,0.0,0.0,0.0303955078125,-0.0087890625,1.0277099609375,0.5792682766914368,0.2591463327407837,0.1676829308271408,0.9999989867210388,-0.0007785292691551,0.0012153033167123,5.5181317293317995e-08,0.9999432563781738,0.0038153987843543,-0.0099469656124711,8.781152428127825e-05,0.9999794960021972,-0.0040783770382404,-0.004932421259582,-4.050108373121475e-07
1900-01-01 11:21:13.632976,-0.0272216796875,-0.0643310546875,-0.99365234375,0.0304878056049346,0.6859756112098694,-0.1219512224197387,-0.034423828125,-0.108154296875,1.0081787109375,0.1371951252222061,0.1829268336296081,0.1524390280246734,0.032958984375,-0.0062255859375,1.0257568359375,0.3658536672592163,0.1676829308271408,0.1219512224197387,0.9999989867210388,-0.0007785292691551,0.0012153033167123,5.5181317293317995e-08,0.9999432563781738,0.0038153987843543,-0.0099469656124711,8.781152428127825e-05,0.9999794960021972,-0.0040783770382404,-0.004932421259582,-4.050108373121475e-07
1900-01-01 11:21:13.659890,-0.029052734375,-0.0634765625,-0.995849609375,0.2439024448394775,0.6554878354072571,-0.0609756112098693,-0.0316162109375,-0.1104736328125,1.0093994140625,0.396341472864151,-0.2591463327407837,-0.1219512224197387,0.0302734375,-0.0067138671875,1.024169921875,0.3506097495555877,0.3506097495555877,0.3048780560493469,0.9999989867210388,-0.0007785292691551,0.0012153033167123,5.5181317293317995e-08,0.9999432563781738,0.0038153987843543,-0.0099469656124711,8.781152428127825e-05,0.9999794960021972,-0.0040783770382404,-0.004932421259582,-4.050108373121475e-07
1900-01-01 11:21:13.723450,-0.02880859375,-0.0648193359375,-0.99609375,0.1676829308271408,0.5335366129875183,-0.0762195140123367,-0.0338134765625,-0.1080322265625,1.0091552734375,0.3658536672592163,-0.3353658616542816,-0.1371951252222061,0.0302734375,-0.006591796875,1.026611328125,0.4725609719753265,0.4268292784690857,0.0152439028024673,0.9999989867210388,-0.0007785292691551,0.0012153033167123,5.5181317293317995e-08,0.9999432563781738,0.0038153987843543,-0.0099469656124711,8.781152428127825e-05,0.9999794960021972,-0.0040783770382404,-0.004932421259582,-4.050108373121475e-07
1900-01-01 11:21:13.723796,-0.0301513671875,-0.064697265625,-0.9952392578125,-0.0609756112098693,0.4420731663703918,0.0304878056049346,-0.0338134765625,-0.1080322265625,1.0091552734375,0.3658536672592163,-0.3353658616542816,-0.1371951252222061,0.0302734375,-0.006591796875,1.026611328125,0.4725609719753265,0.4268292784690857,0.0152439028024673,0.9999989867210388,-0.0007785292691551,0.0012153033167123,5.5181317293317995e-08,0.9999432563781738,0.0038153987843543,-0.0099469656124711,8.781152428127825e-05,0.9999794960021972,-0.0040783770382404,-0.004932421259582,-4.050108373121475e-07
1900-01-01 11:21:13.745513,-0.029541015625,-0.0643310546875,-0.9964599609375,-0.2591463327407837,0.5945122241973877,-0.1219512224197387,-0.034912109375,-0.10791015625,1.0084228515625,0.3353658616542816,0.1067073196172714,-0.1219512224197387,0.0323486328125,-0.0064697265625,1.02734375,0.4268292784690857,0.4420731663703918,0.2591463327407837,0.9999989867210388,-0.0007785292691551,0.0012153033167123,5.5181317293317995e-08,0.9999432563781738,0.0038153987843543,-0.0099469656124711,8.781152428127825e-05,0.9999794960021972,-0.0040783770382404,-0.004932421259582,-4.050108373121475e-07
1900-01-01 11:21:13.751709,-0.0263671875,-0.0640869140625,-0.996337890625,0.1829268336296081,0.2591463327407837,-0.0304878056049346,-0.033935546875,-0.1092529296875,1.0068359375,0.2286585420370102,-0.2134146392345428,0.045731708407402,0.0318603515625,-0.00634765625,1.02880859375,0.5487805008888245,0.2591463327407837,0.3506097495555877,0.9999989867210388,-0.0007785292691551,0.0012153033167123,5.5181317293317995e-08,0.9999432563781738,0.0038153987843543,-0.0099469656124711,8.781152428127825e-05,0.9999794960021972,-0.0040783770382404,-0.004932421259582,-4.050108373121475e-07
1900-01-01 11:21:13.751986,-0.025634765625,-0.0667724609375,-0.9993896484375,0.0609756112098693,0.5335366129875183,-0.0609756112098693,-0.033935546875,-0.1092529296875,1.0068359375,0.2286585420370102,-0.2134146392345428,0.045731708407402,0.0318603515625,-0.00634765625,1.02880859375,0.9451219439506532,0.1981707364320755,0.1371951252222061,0.9999989867210388,-0.0007785292691551,0.0012153033167123,5.5181317293317995e-08,0.9999432563781738,0.0038153987843543,-0.0099469656124711,8.781152428127825e-05,0.9999794960021972,-0.0040783770382404,-0.004932421259582,-4.050108373121475e-07
1900-01-01 11:21:13.752342,-0.026123046875,-0.0672607421875,-0.9986572265625,-0.0762195140123367,0.396341472864151,-0.0762195140123367,-0.033935546875,-0.1092529296875,1.0068359375,0.2286585420370102,-0.2134146392345428,0.045731708407402,0.0318603515625,-0.00634765625,1.02880859375,0.9451219439506532,0.1981707364320755,0.1371951252222061,0.9999989867210388,-0.0007785292691551,0.0012153033167123,5.5181317293317995e-08,0.9999432563781738,0.0038153987843543,-0.0099469656124711,8.781152428127825e-05,0.9999794960021972,-0.0040783770382404,-0.004932421259582,-4.050108373121475e-07
1900-01-01 11:21:13.794019,-0.027099609375,-0.0672607421875,-0.995849609375,-0.0762195140123367,0.5487805008888245,-0.045731708407402,-0.0328369140625,-0.1053466796875,1.01171875,0.1371951252222061,0.1676829308271408,-0.2134146392345428,0.0306396484375,-0.0072021484375,1.0283203125,0.3048780560493469,0.1219512224197387,0.091463416814804,0.9999989867210388,-0.0007785292691551,0.0012153033167123,5.5181317293317995e-08,0.9999432563781738,0.0038153987843543,-0.0099469656124711,8.781152428127825e-05,0.9999794960021972,-0.0040783770382404,-0.004932421259582,-4.050108373121475e-07
1900-01-01 11:21:13.810225,-0.0269775390625,-0.066650390625,-1.00048828125,0.2896341383457184,0.7164634466171265,0.0304878056049346,-0.0328369140625,-0.1053466796875,1.01171875,0.1981707364320755,-0.0304878056049346,-0.2743902504444122,0.0306396484375,-0.0072021484375,1.0283203125,0.5182926654815674,0.1676829308271408,0.2743902504444122,0.9999989867210388,-0.0007785292691551,0.0012153033167123,5.5181317293317995e-08,0.9999432563781738,0.0038153987843543,-0.0099469656124711,8.781152428127825e-05,0.9999794960021972,-0.0040783770382404,-0.004932421259582,-4.050108373121475e-07
1900-01-01 11:21:13.843488,-0.02783203125,-0.0648193359375,-0.996826171875,-0.1219512224197387,0.3658536672592163,0.0152439028024673,-0.0343017578125,-0.1068115234375,1.007080078125,0.2896341383457184,-0.091463416814804,-0.1067073196172714,0.033203125,-0.0108642578125,1.0252685546875,0.5640243887901306,0.3658536672592163,0.1371951252222061,0.9999989867210388,-0.0007785292691551,0.0012153033167123,5.5181317293317995e-08,0.9999432563781738,0.0038153987843543,-0.0099469656124711,8.781152428127825e-05,0.9999794960021972,-0.0040783770382404,-0.004932421259582,-4.050108373121475e-07
1900-01-01 11:21:13.876082,-0.0279541015625,-0.0654296875,-0.99365234375,0.0609756112098693,0.1829268336296081,0.1981707364320755,-0.034423828125,-0.107421875,1.0130615234375,0.1676829308271408,-0.2591463327407837,-0.0304878056049346,0.033203125,-0.0086669921875,1.0291748046875,0.5182926654815674,0.4573170840740204,0.1067073196172714,0.9999989867210388,-0.0007785292691551,0.0012153033167123,5.5181317293317995e-08,0.9999432563781738,0.0038153987843543,-0.0099469656124711,8.781152428127825e-05,0.9999794960021972,-0.0040783770382404,-0.004932421259582,-4.050108373121475e-07
1900-01-01 11:21:13.897545,-0.0294189453125,-0.0633544921875,-0.9979248046875,-0.1524390280246734,0.8384146690368652,-0.3048780560493469,-0.0335693359375,-0.1068115234375,1.0098876953125,0.1219512224197387,0.7317073345184326,-0.1829268336296081,0.0323486328125,-0.0086669921875,1.0321044921875,0.5182926654815674,0.4573170840740204,0.1067073196172714,0.9999989867210388,-0.0007785292691551,0.0012153033167123,5.5181317293317995e-08,0.9999432563781738,0.0038153987843543,-0.0099469656124711,8.781152428127825e-05,0.9999794960021972,-0.0040783770382404,-0.004932421259582,-4.050108373121475e-07
1900-01-01 11:21:13.915252,-0.0294189453125,-0.0635986328125,-0.9993896484375,0.1067073196172714,0.5640243887901306,0.0609756112098693,-0.0350341796875,-0.1087646484375,1.0048828125,0.3201219439506531,-0.0304878056049346,-0.0762195140123367,0.033447265625,-0.00732421875,1.0252685546875,0.5335366129875183,0.3810975551605224,0.045731708407402,0.9999989867210388,-0.0007785292691551,0.0012153033167123,5.5181317293317995e-08,0.9999432563781738,0.0038153987843543,-0.0099469656124711,8.781152428127825e-05,0.9999794960021972,-0.0040783770382404,-0.004932421259582,-4.050108373121475e-07
1900-01-01 11:21:13.916210,-0.0308837890625,-0.06396484375,-0.994140625,-0.1829268336296081,0.5030487775802612,-0.2896341383457184,-0.031005859375,-0.109375,1.009765625,-0.0609756112098693,-0.0152439028024673,0.0304878056049346,0.031005859375,-0.006103515625,1.0240478515625,0.4878048896789551,0.2591463327407837,0.2743902504444122,0.9999989867210388,-0.0007785292691551,0.0012153033167123,5.5181317293317995e-08,0.9999432563781738,0.0038153987843543,-0.0099469656124711,8.781152428127825e-05,0.9999794960021972,-0.0040783770382404,-0.004932421259582,-4.050108373121475e-07
1900-01-01 11:21:13.916900,-0.0308837890625,-0.0633544921875,-0.99365234375,-0.1219512224197387,0.4725609719753265,0.045731708407402,-0.031005859375,-0.1107177734375,1.005126953125,-0.0609756112098693,-0.0152439028024673,0.0304878056049346,0.0308837890625,-0.006591796875,1.02685546875,0.4725609719753265,0.3201219439506531,0.1981707364320755,0.9999989867210388,-0.0007785292691551,0.0012153033167123,5.5181317293317995e-08,0.9999432563781738,0.0038153987843543,-0.0099469656124711,8.781152428127825e-05,0.9999794960021972,-0.0040783770382404,-0.004932421259582,-4.050108373121475e-07
1900-01-01 11:21:13.917521,-0.0296630859375,-0.0628662109375,-0.9970703125,0.3353658616542816,0.3506097495555877,-0.0152439028024673,-0.032470703125,-0.1103515625,1.00390625,-0.1371951252222061,0.6707317233085632,-0.2134146392345428,0.031005859375,-0.0047607421875,1.0238037109375,0.5640243887901306,0.0609756112098693,0.1524390280246734,0.9999989867210388,-0.0007785292691551,0.0012153033167123,5.5181317293317995e-08,0.9999432563781738,0.0038153987843543,-0.0099469656124711,8.781152428127825e-05,0.9999794960021972,-0.0040783770382404,-0.004932421259582,-4.050108373121475e-07
1900-01-01 11:21:13.917713,-0.0284423828125,-0.0635986328125,-0.99462890625,-0.1524390280246734,0.5030487775802612,-0.1067073196172714,-0.032470703125,-0.1103515625,1.00390625,-0.1371951252222061,0.6707317233085632,-0.2134146392345428,0.031005859375,-0.0047607421875,1.0238037109375,0.4878048896789551,0.2286585420370102,0.2286585420370102,0.9999989867210388,-0.0007785292691551,0.0012153033167123,5.5181317293317995e-08,0.9999432563781738,0.0038153987843543,-0.0099469656124711,8.781152428127825e-05,0.9999794960021972,-0.0040783770382404,-0.004932421259582,-4.050108373121475e-07
1900-01-01 11:21:13.918044,-0.02880859375,-0.062255859375,-0.990478515625,-0.0762195140123367,0.6097561120986938,0.0762195140123367,-0.0318603515625,-0.110107421875,1.00732421875,0.5335366129875183,-0.3810975551605224,-0.0762195140123367,0.0296630859375,-0.0045166015625,1.0234375,0.5640243887901306,0.1524390280246734,0.396341472864151,0.9999989867210388,-0.0007785292691551,0.0012153033167123,5.5181317293317995e-08,0.9999432563781738,0.0038153987843543,-0.0099469656124711,8.781152428127825e-05,0.9999794960021972,-0.0040783770382404,-0.004932421259582,-4.050108373121475e-07
1900-01-01 11:21:13.918530,-0.0279541015625,-0.0634765625,-0.99560546875,0.0609756112098693,0.4268292784690857,-0.045731708407402,-0.0289306640625,-0.1092529296875,1.007568359375,0.2286585420370102,-0.4115853607654571,-0.045731708407402,0.029541015625,-0.0069580078125,1.0238037109375,0.5792682766914368,0.1829268336296081,0.1219512224197387,0.9999989867210388,-0.0007785292691551,0.0012153033167123,5.5181317293317995e-08,0.9999432563781738,0.0038153987843543,-0.0099469656124711,8.781152428127825e-05,0.9999794960021972,-0.0040783770382404,-0.004932421259582,-4.050108373121475e-07
1900-01-01 11:21:13.918810,-0.0263671875,-0.0655517578125,-0.997802734375,0.3810975551605224,0.5487805008888245,0.1981707364320755,-0.032958984375,-0.1070556640625,1.00390625,-0.091463416814804,0.3201219439506531,-0.0304878056049346,0.029541015625,-0.0069580078125,1.0238037109375,0.5792682766914368,0.1829268336296081,0.1219512224197387,0.9999989867210388,-0.0007785292691551,0.0012153033167123,5.5181317293317995e-08,0.9999432563781738,0.0038153987843543,-0.0099469656124711,8.781152428127825e-05,0.9999794960021972,-0.0040783770382404,-0.004932421259582,-4.050108373121475e-07
1900-01-01 11:21:13.919048,-0.02685546875,-0.06494140625,-0.9957275390625,-0.1524390280246734,0.4878048896789551,-0.091463416814804,-0.033203125,-0.1082763671875,1.0062255859375,0.3658536672592163,0.1219512224197387,-0.2439024448394775,0.029541015625,-0.0069580078125,1.0238037109375,0.5792682766914368,0.1829268336296081,0.1219512224197387,0.9999989867210388,-0.0007785292691551,0.0012153033167123,5.5181317293317995e-08,0.9999432563781738,0.0038153987843543,-0.0099469656124711,8.781152428127825e-05,0.9999794960021972,-0.0040783770382404,-0.004932421259582,-4.050108373121475e-07
1900-01-01 11:21:13.919400,-0.02734375,-0.0670166015625,-0.9971923828125,0.2439024448394775,0.4573170840740204,0.2134146392345428,-0.033203125,-0.1082763671875,1.0062255859375,0.6859756112098694,-0.8079268336296082,-0.3048780560493469,0.029541015625,-0.0069580078125,1.0238037109375,0.4115853607654571,0.5487805008888245,-0.0304878056049346,0.9999989867210388,-0.0007785292691551,0.0012153033167123,5.5181317293317995e-08,0.9999432563781738,0.0038153987843543,-0.0099469656124711,8.781152428127825e-05,0.9999794960021972,-0.0040783770382404,-0.004932421259582,-4.050108373121475e-07
1900-01-01 11:21:13.919771,-0.02734375,-0.0650634765625,-0.9974365234375,0.1981707364320755,0.1371951252222061,0.091463416814804,-0.032470703125,-0.1070556640625,1.0089111328125,0.2591463327407837,0.3810975551605224,0.1676829308271408,0.030517578125,-0.006103515625,1.0240478515625,0.4573170840740204,0.2439024448394775,0.2439024448394775,0.9999989867210388,-0.0007785292691551,0.0012153033167123,5.5181317293317995e-08,0.9999432563781738,0.0038153987843543,-0.0099469656124711,8.781152428127825e-05,0.9999794960021972,-0.0040783770382404,-0.004932421259582,-4.050108373121475e-07
1900-01-01 11:21:13.921615,-0.0281982421875,-0.0635986328125,-0.99560546875,0.1371951252222061,0.396341472864151,-0.091463416814804,-0.03173828125,-0.1087646484375,1.00634765625,0.1981707364320755,-0.1067073196172714,-0.091463416814804,0.0313720703125,-0.0072021484375,1.026611328125,0.6402438879013062,0.3048780560493469,0.1981707364320755,0.9999989867210388,-0.0007785292691551,0.0012153033167123,5.5181317293317995e-08,0.9999432563781738,0.0038153987843543,-0.0099469656124711,8.781152428127825e-05,0.9999794960021972,-0.0040783770382404,-0.004932421259582,-4.050108373121475e-07
1900-01-01 11:21:13.921758,-0.029296875,-0.0662841796875,-0.9964599609375,0.1067073196172714,0.4725609719753265,0.0762195140123367,-0.03173828125,-0.1087646484375,1.00634765625,0.1981707364320755,-0.1067073196172714,-0.091463416814804,0.03076171875,-0.0064697265625,1.0262451171875,0.5792682766914368,0.4268292784690857,0.1829268336296081,0.9999989867210388,-0.0007785292691551,0.0012153033167123,5.5181317293317995e-08,0.9999432563781738,0.0038153987843543,-0.0099469656124711,8.781152428127825e-05,0.9999794960021972,-0.0040783770382404,-0.004932421259582,-4.050108373121475e-07
1900-01-01 11:21:13.921861,-0.029052734375,-0.0648193359375,-0.9969482421875,0.1981707364320755,0.5182926654815674,-0.045731708407402,-0.03173828125,-0.1087646484375,1.00634765625,0.1981707364320755,-0.1067073196172714,-0.091463416814804,0.030029296875,-0.005615234375,1.0264892578125,0.5792682766914368,0.4268292784690857,0.1829268336296081,0.9999989867210388,-0.0007785292691551,0.0012153033167123,5.5181317293317995e-08,0.9999432563781738,0.0038153987843543,-0.0099469656124711,8.781152428127825e-05,0.9999794960021972,-0.0040783770382404,-0.004932421259582,-4.050108373121475e-07
1900-01-01 11:21:13.921997,-0.028564453125,-0.06494140625,-0.99609375,-0.0304878056049346,0.8841463327407837,0.0762195140123367,-0.03173828125,-0.1087646484375,1.00634765625,0.1981707364320755,-0.1067073196172714,-0.091463416814804,0.03125,-0.0068359375,1.028076171875,0.5640243887901306,0.1524390280246734,0.0304878056049346,0.9999989867210388,-0.0007785292691551,0.0012153033167123,5.5181317293317995e-08,0.9999432563781738,0.0038153987843543,-0.0099469656124711,8.781152428127825e-05,0.9999794960021972,-0.0040783770382404,-0.004932421259582,-4.050108373121475e-07
1900-01-01 11:21:13.922129,-0.0277099609375,-0.06689453125,-0.995361328125,0.1067073196172714,0.5182926654815674,-0.0152439028024673,-0.03173828125,-0.1087646484375,1.00634765625,0.1981707364320755,-0.1067073196172714,-0.091463416814804,0.0313720703125,-0.006591796875,1.02587890625,0.3658536672592163,0.5335366129875183,0.1676829308271408,0.9999989867210388,-0.0007785292691551,0.0012153033167123,5.5181317293317995e-08,0.9999432563781738,0.0038153987843543,-0.0099469656124711,8.781152428127825e-05,0.9999794960021972,-0.0040783770382404,-0.004932421259582,-4.050108373121475e-07
1900-01-01 11:21:13.922258,-0.0281982421875,-0.063720703125,-0.9947509765625,0.0304878056049346,0.396341472864151,0.091463416814804,-0.03173828125,-0.1087646484375,1.00634765625,0.1981707364320755,-0.1067073196172714,-0.091463416814804,0.0313720703125,-0.006591796875,1.02587890625,0.5792682766914368,0.5182926654815674,0.1981707364320755,0.9999989867210388,-0.0007785292691551,0.0012153033167123,5.5181317293317995e-08,0.9999432563781738,0.0038153987843543,-0.0099469656124711,8.781152428127825e-05,0.9999794960021972,-0.0040783770382404,-0.004932421259582,-4.050108373121475e-07
1900-01-01 11:21:13.922324,-0.0279541015625,-0.0635986328125,-0.994384765625,0.0609756112098693,0.5335366129875183,-0.1981707364320755,-0.03173828125,-0.1087646484375,1.00634765625,0.1981707364320755,-0.1067073196172714,-0.091463416814804,0.0313720703125,-0.006591796875,1.02587890625,0.5792682766914368,0.5182926654815674,0.1981707364320755,0.9999989867210388,-0.0007785292691551,0.0012153033167123,5.5181317293317995e-08,0.9999432563781738,0.0038153987843543,-0.0099469656124711,8.781152428127825e-05,0.9999794960021972,-0.0040783770382404,-0.004932421259582,-4.050108373121475e-07
1900-01-01 11:21:13.922380,-0.02783203125,-0.064453125,-0.9959716796875,-0.0762195140123367,0.5640243887901306,0.045731708407402,-0.03173828125,-0.1087646484375,1.00634765625,0.1981707364320755,-0.1067073196172714,-0.091463416814804,0.0313720703125,-0.006591796875,1.02587890625,0.5792682766914368,0.5182926654815674,0.1981707364320755,0.9999989867210388,-0.0007785292691551,0.0012153033167123,5.5181317293317995e-08,0.9999432563781738,0.0038153987843543,-0.0099469656124711,8.781152428127825e-05,0.9999794960021972,-0.0040783770382404,-0.004932421259582,-4.050108373121475e-07
1900-01-01 11:21:13.922435,-0.0284423828125,-0.064453125,-0.9962158203125,0.045731708407402,0.5182926654815674,-0.1067073196172714,-0.03173828125,-0.1087646484375,1.00634765625,0.1981707364320755,-0.1067073196172714,-0.091463416814804,0.0313720703125,-0.006591796875,1.02587890625,0.5792682766914368,0.5182926654815674,0.1981707364320755,0.9999989867210388,-0.0007785292691551,0.0012153033167123,5.5181317293317995e-08,0.9999432563781738,0.0038153987843543,-0.0099469656124711,8.781152428127825e-05,0.9999794960021972,-0.0040783770382404,-0.004932421259582,-4.050108373121475e-07
1900-01-01 11:21:13.927401,-0.02880859375,-0.0650634765625,-0.9942626953125,0.3810975551605224,0.5030487775802612,-0.0304878056049346,-0.0306396484375,-0.1085205078125,1.0096435546875,0.091463416814804,0.2439024448394775,0.1371951252222061,0.0313720703125,-0.006591796875,1.02587890625,0.5792682766914368,0.5182926654815674,0.1981707364320755,0.9999989867210388,-0.0007785292691551,0.0012153033167123,5.5181317293317995e-08,0.9999432563781738,0.0038153987843543,-0.0099469656124711,8.781152428127825e-05,0.9999794960021972,-0.0040783770382404,-0.004932421259582,-4.050108373121475e-07
1900-01-01 11:21:13.946291,-0.02685546875,-0.0675048828125,-0.99755859375,0.0152439028024673,0.6707317233085632,-0.091463416814804,-0.0316162109375,-0.10888671875,1.00927734375,0.1981707364320755,-0.2439024448394775,-0.3658536672592163,0.03125,-0.008056640625,1.029541015625,0.4268292784690857,0.2439024448394775,0.091463416814804,0.9999989867210388,-0.0007785292691551,0.0012153033167123,5.5181317293317995e-08,0.9999432563781738,0.0038153987843543,-0.0099469656124711,8.781152428127825e-05,0.9999794960021972,-0.0040783770382404,-0.004932421259582,-4.050108373121475e-07
1900-01-01 11:21:13.946383,-0.02685546875,-0.0682373046875,-0.9989013671875,0.3810975551605224,0.6707317233085632,-0.1219512224197387,-0.0316162109375,-0.10888671875,1.00927734375,0.1981707364320755,-0.2439024448394775,-0.3658536672592163,0.03125,-0.008056640625,1.029541015625,0.4268292784690857,0.2439024448394775,0.091463416814804,0.9999989867210388,-0.0007785292691551,0.0012153033167123,5.5181317293317995e-08,0.9999432563781738,0.0038153987843543,-0.0099469656124711,8.781152428127825e-05,0.9999794960021972,-0.0040783770382404,-0.004932421259582,-4.050108373121475e-07
1900-01-01 11:21:13.954290,-0.0272216796875,-0.0673828125,-0.996826171875,-0.1219512224197387,0.4115853607654571,-0.1219512224197387,-0.0316162109375,-0.10888671875,1.00927734375,0.1981707364320755,-0.2439024448394775,-0.3658536672592163,0.03125,-0.008056640625,1.029541015625,0.4268292784690857,0.2439024448394775,0.091463416814804,0.9999989867210388,-0.0007785292691551,0.0012153033167123,5.5181317293317995e-08,0.9999432563781738,0.0038153987843543,-0.0099469656124711,8.781152428127825e-05,0.9999794960021972,-0.0040783770382404,-0.004932421259582,-4.050108373121475e-07
1900-01-01 11:21:13.963399,-0.0262451171875,-0.0667724609375,-0.9986572265625,-0.1219512224197387,0.4725609719753265,-0.0762195140123367,-0.0316162109375,-0.10888671875,1.00927734375,0.1981707364320755,-0.2439024448394775,-0.3658536672592163,0.0322265625,-0.0089111328125,1.02880859375,0.6554878354072571,0.3506097495555877,0.1981707364320755,0.9999989867210388,-0.0007785292691551,0.0012153033167123,5.5181317293317995e-08,0.9999432563781738,0.0038153987843543,-0.0099469656124711,8.781152428127825e-05,0.9999794960021972,-0.0040783770382404,-0.004932421259582,-4.050108373121475e-07
1900-01-01 11:21:13.980286,-0.0286865234375,-0.065673828125,-0.9990234375,-0.1981707364320755,0.4573170840740204,0.091463416814804,-0.034423828125,-0.10595703125,1.009521484375,0.1219512224197387,-0.0609756112098693,-0.2134146392345428,0.0321044921875,-0.0089111328125,1.03076171875,0.5792682766914368,0.3506097495555877,0.1829268336296081,0.9999989867210388,-0.0007785292691551,0.0012153033167123,5.5181317293317995e-08,0.9999432563781738,0.0038153987843543,-0.0099469656124711,8.781152428127825e-05,0.9999794960021972,-0.0040783770382404,-0.004932421259582,-4.050108373121475e-07
1900-01-01 11:21:13.989317,-0.0284423828125,-0.0655517578125,-0.9940185546875,0.0,0.4268292784690857,0.2286585420370102,-0.034423828125,-0.10595703125,1.009521484375,0.1219512224197387,-0.0609756112098693,-0.2134146392345428,0.0321044921875,-0.0089111328125,1.03076171875,0.5792682766914368,0.3506097495555877,0.1829268336296081,0.9999989867210388,-0.0007785292691551,0.0012153033167123,5.5181317293317995e-08,0.9999432563781738,0.0038153987843543,-0.0099469656124711,8.781152428127825e-05,0.9999794960021972,-0.0040783770382404,-0.004932421259582,-4.050108373121475e-07
1900-01-01 11:21:13.997313,-0.0277099609375,-0.0628662109375,-0.995849609375,0.0152439028024673,0.2896341383457184,0.0304878056049346,-0.0335693359375,-0.1090087890625,1.0074462890625,0.1829268336296081,0.2896341383457184,-0.0152439028024673,0.03173828125,-0.00830078125,1.026123046875,0.4115853607654571,0.1829268336296081,0.1371951252222061,0.9999989867210388,-0.0007785292691551,0.0012153033167123,5.5181317293317995e-08,0.9999432563781738,0.0038153987843543,-0.0099469656124711,8.781152428127825e-05,0.9999794960021972,-0.0040783770382404,-0.004932421259582,-4.050108373121475e-07
1900-01-01 11:21:14.016297,-0.02880859375,-0.0635986328125,-0.9974365234375,0.0762195140123367,0.6402438879013062,0.0152439028024673,-0.0341796875,-0.1087646484375,1.003662109375,0.7317073345184326,0.0,-0.2439024448394775,0.031494140625,-0.0057373046875,1.0247802734375,0.7012194991111755,0.4573170840740204,0.1829268336296081,0.9999989867210388,-0.0007785292691551,0.0012153033167123,5.5181317293317995e-08,0.9999432563781738,0.0038153987843543,-0.0099469656124711,8.781152428127825e-05,0.9999794960021972,-0.0040783770382404,-0.004932421259582,-4.050108373121475e-07
1900-01-01 11:21:14.016443,-0.0299072265625,-0.0638427734375,-0.992919921875,-0.3353658616542816,0.4878048896789551,-0.1829268336296081,-0.0341796875,-0.1087646484375,1.003662109375,0.7317073345184326,0.0,-0.2439024448394775,0.031494140625,-0.0057373046875,1.0247802734375,0.7012194991111755,0.4573170840740204,0.1829268336296081,0.9999989867210388,-0.0007785292691551,0.0012153033167123,5.5181317293317995e-08,0.9999432563781738,0.0038153987843543,-0.0099469656124711,8.781152428127825e-05,0.9999794960021972,-0.0040783770382404,-0.004932421259582,-4.050108373121475e-07
1900-01-01 11:21:14.041620,-0.02880859375,-0.0633544921875,-0.99560546875,0.091463416814804,0.6097561120986938,0.0152439028024673,-0.0316162109375,-0.1090087890625,1.0098876953125,0.7317073345184326,0.0,-0.2439024448394775,0.031494140625,-0.005126953125,1.026123046875,0.7012194991111755,0.4573170840740204,0.1829268336296081,0.9999989867210388,-0.0007785292691551,0.0012153033167123,5.5181317293317995e-08,0.9999426007270812,0.0039891018532216,-0.0099469507113099,8.953944052336738e-05,0.9999794960021972,-0.0040783770382404,-0.004932421259582,-4.050108373121475e-07
1900-01-01 11:21:14.063393,-0.0294189453125,-0.06396484375,-0.9962158203125,0.2439024448394775,0.7012194991111755,-0.1524390280246734,-0.0335693359375,-0.1090087890625,1.0054931640625,0.5182926654815674,-1.6463414430618286,-0.2743902504444122,0.0321044921875,-0.0057373046875,1.0262451171875,0.396341472864151,0.5030487775802612,0.0609756112098693,0.9999989867210388,-0.0007785292691551,0.0012153033167123,5.5181317293317995e-08,0.9999423623085022,0.0040431437082588,-0.009946946054697,9.00770173757337e-05,0.9999794960021972,-0.0040783770382404,-0.004932421259582,-4.050108373121475e-07
1900-01-01 11:21:14.098040,-0.029052734375,-0.06298828125,-0.9935302734375,0.1371951252222061,0.1981707364320755,0.0304878056049346,-0.0335693359375,-0.1090087890625,1.0054931640625,0.6097561120986938,-0.3201219439506531,-0.3658536672592163,0.03076171875,-0.00634765625,1.0244140625,0.4115853607654571,0.2286585420370102,0.0304878056049346,0.9999989867210388,-0.0007785292691551,0.0012153033167123,5.5181317293317995e-08,0.9999423623085022,0.0040431437082588,-0.009946946054697,9.00770173757337e-05,0.9999794960021972,-0.0040783770382404,-0.004932421259582,-4.050108373121475e-07
